Time,X,Y,Z,RX,RY,RZ,Marker_Count
0.0,0.0,0.0,0.0,-3.180554681463515e-15,9.541664044390544e-15,4.208295613391425e-15,4
0.01667809088601168,-0.12133337752427137,0.025830396312498546,0.17825150585947694,-0.01813834587008394,-0.005275840058960477,0.004550975327101264,4
0.03335618177202336,0.20549921560215645,-0.25601111606737936,-0.017134487236202867,0.024404187188509126,-0.011397195330092872,-0.0012588038982870706,4
0.050034272658035034,0.5377961530135196,-0.48155138094127525,-0.11290343234555505,0.020151529148485933,0.017420814501469394,0.008188512295784428,4
0.06671236354404672,0.8215743495536345,-0.6299908038979094,-0.011298802046877499,0.023095910553107044,0.014601109904174974,-0.010203751195151928,4
0.0833904544300584,1.2315936831576746,-0.7351300451967577,-0.053844299313080435,0.0018630048970374243,0.022482598959632054,-7.06525789763027e-05,4
0.10006854531607007,1.595231238162861,-0.8437509230795256,-0.29142140292640684,0.005532021171310554,0.03467340238241233,0.010790255660101937,4
0.11674663620208175,1.3863011569668453,-0.572438956303867,0.10671122334308414,-0.0011921412923474842,-0.021195547039647246,-0.012728602254825154,4
0.13342472708809344,1.6433301501942794,-0.9282911838156374,-0.31574398028726003,0.03181312043879239,0.045836320983633355,0.019474621267155344,4
0.1501028179741051,1.26724836469841,-0.7261719475917464,-0.1430673061885247,-0.009758898201964187,0.028645931281917197,0.02957297586149398,4
0.1667809088601168,0.721886084829007,-0.3774024097479347,0.16517134538969558,-0.011246868202172947,0.019168446887739297,0.00597401788272076,4
0.18345899974612848,0.48111650390992067,-0.4543213494987331,-0.017645704134052198,0.023587143281958007,-0.014036718495261535,-0.004359528329202948,4
0.20013709063214014,0.42767888691854183,-0.44217537443901384,-0.10457709770177989,0.017355715145034447,0.018100306553753238,-0.003920851274649,4
0.21681518151815182,0.15187585936126435,-0.05253432616074856,0.15805213175053653,0.015062173630592077,-0.0041136928269512605,0.0033176441800157113,4
0.2334932724041635,0.31363340233303794,-0.1006397674233679,0.06714080761147188,0.021369412882061362,0.013582700222002876,0.0056872799683075565,4
0.2501713632901752,0.5737105231261289,-0.19595445353029933,-0.08206506280772,0.025629460205454303,0.0025443658591034865,-0.005715780909091754,4
0.2668494541761869,0.6775008895067058,-0.12352677523826083,-0.0010584073670794614,-0.019666887248425517,0.006918144663163165,0.020642353986339436,4
0.2835275450621985,1.1426134757044653,-0.5667202149417567,-0.3444534795240797,0.03043061602302575,-0.0016428020476972967,0.012786372510450556,4
0.3002056359482102,1.188990063524264,-0.6586845982816605,-0.2790714689417159,0.015871589543488666,0.01880685680461579,0.0053592136672921216,4
0.3168837268342219,1.050939857911176,-0.6318728069151455,0.0064575906936164,-0.00899952378642212,-0.010019380743368889,0.0021125210611509446,4
0.3335618177202336,1.0305569382480273,-0.608854415397992,0.07927744571642681,-0.027900269201472098,-0.009525157040981967,0.0177598111051336,4
0.35023990860624526,1.0190360330313375,-0.688501856127039,-0.15733224542296687,0.005918412318885185,0.008928609747598567,0.028330768879187194,4
0.36691799949225695,0.88736476539627,-0.49391139971611475,-0.09031472986927291,0.002502867176938951,0.04794434558617201,0.02558324077246899,4
0.38359609037826864,0.6677064603677728,-0.3683447433997631,-0.11891767608515791,0.006169291143032216,0.003668794864801543,0.009161346186015384,4
0.40027418126428027,0.5847849324675547,-0.1321021224637774,-0.026941620317181503,0.0036430384621296977,0.016268694713449907,0.01475267490693422,4
0.41695227215029196,0.5188277924558938,-0.01786132757513642,-0.01871941176934591,0.024745235711561248,0.003693068652880531,0.0065552890376785284,4
0.43363036303630365,0.635808022224522,-0.21292984582079105,-0.1516628818628814,0.022587359166883928,-0.0001290348298357702,0.007974852871600947,4
0.45030845392231533,0.6358102137479333,-0.21293265815313928,-0.1516656786884396,0.022586899325868305,-0.00012865486384501927,0.007974880135452474,4
0.466986544808327,0.5484055982082348,-0.14553440093254694,0.030894736496592023,-0.023149644720165785,-0.0012051739741464102,0.023656463416244288,4
0.4836646356943387,0.536216849986131,-0.0485621010416266,0.1905369387857169,-0.05671826716739467,-0.0013345782304272436,0.03009246184651648,4
0.5003427265803504,0.9312186544514629,-0.5863046998909756,-0.14683311463999044,-0.002707022660740005,0.004881621664385831,0.026408195016158924,4
0.5170208174663621,0.9821392118563667,-0.48785056455524456,-0.01981377257012784,-0.01246239662076499,-0.026641266563665094,0.005222311065990684,4
0.5336989083523738,1.0231223944128478,-0.5066459451675156,-0.027261113801818226,0.0016823088007263249,-0.022700494693028487,0.012800274010817287,4
0.5503769992383855,1.0303469882779117,-0.5141402784483291,0.013490510694548985,0.002936580596127214,-0.019316508825399526,0.014315420029832101,4
0.567055090124397,1.2186061313679817,-0.7145861794253762,-0.3508825906383061,0.04261178480394842,0.014092288608140113,0.015781539799359003,4
0.5837331810104087,0.8172572500213833,-0.2745978284650573,-0.017048441656442703,0.027339695587674386,-3.2311782217733575e-05,0.0206691879297123,4
0.6004112718964204,0.7319123661025813,-0.296230774016508,-0.06226248562726949,-0.00960494484704304,-0.0043065119002382735,0.017551218073776423,4
0.6170893627824321,0.6009729408028122,-0.15330350060768194,-0.024883095277499934,-0.008292550469207393,0.01567367156869095,0.014073595343476492,4
0.6337674536684438,0.6178143276821801,-0.2724240316405926,-0.12901305719979056,0.015925182977273022,-0.012591723920755376,0.003993318952980903,4
0.6504455445544555,0.5397099969456862,-0.19510546923222058,-0.040339392241264316,0.005876114394544979,0.015281637112395394,0.012588637079729157,4
0.6671236354404672,0.5748776337437972,-0.22757033228508805,0.016412666594055825,-0.012355240957865918,-0.01016565679269641,0.011203529028916326,4
0.6838017263264788,0.7469713305601005,-0.4058969322854553,-0.15981593416448864,-0.002692530222320017,0.0068351509266100135,0.010685893315193241,4
0.7004798172124905,0.971923260157809,-0.514274375370633,-0.24802599080638926,0.008809093241021077,-0.008089618372601583,0.011854480652292245,4
0.7171579080985022,1.1123063263982584,-0.500484551635312,-0.21615920825988527,0.01794863791145652,-0.009635474170051936,0.004295585211739698,4
0.7338359989845139,1.0640364630439225,-0.4118605337203547,-0.1612279684845604,0.011203530072664792,-0.01970007557555073,0.010521552044585025,4
0.7505140898705256,1.2429673932353422,-0.7741790130614967,-0.474220867331335,0.03859801785987252,0.008600882260058477,0.021455070641055837,4
0.7671921807565373,1.0603898838358217,-0.5903783848520247,-0.2907990338847068,0.012100095016148978,0.0037311216218615774,0.02225381504368893,4
0.7838702716425489,0.47900943330061213,-0.0024302027557772388,0.203063487846934,-0.032096083773820984,-0.0075565865268973804,0.023139698689438996,4
0.8005483625285605,0.5788346532792004,-0.17526750671363248,-0.02740556931875951,-0.0042732426195975365,-0.011878862239206948,0.008830863176938132,4
0.8172264534145722,0.6054622207521704,-0.15472706638645192,-0.05283126199302679,-0.00739009025286379,0.00427959494187058,0.013624831143154584,4
0.8339045443005839,0.6054619795890305,-0.1547271288125675,-0.05283127298965712,-0.007390889596249428,0.004280294428022976,0.013625077486563383,4
0.8505826351865956,0.6588182037084109,-0.2447154502061692,-0.13621142304870829,0.0003689807271996189,0.0007283566017893723,0.006768939852009504,4
0.8672607260726073,0.6852460438770868,-0.163280961105836,-0.12438618370148502,0.004018735212782984,0.016624391057350214,0.027466363689938527,4
0.883938816958619,0.9065923785490674,-0.501390235013128,-0.37518732162317414,0.009333122793666736,0.0014044137692634942,0.010407891830464658,4
0.9006169078446307,0.7322837555643448,-0.15018751449440854,0.0009693800617721071,-0.019127140427695928,-0.011103419374650373,0.02925499793019142,4
0.9172949987306424,0.9461252693822717,-0.32680092078556144,-0.24505140009010806,-0.0018809827843134746,-0.043224675237849876,0.021790126703920772,4
0.933973089616654,0.7872433765426483,-0.2407019695848747,-0.08306118571968785,-0.010482372948041037,-0.014129903879406838,0.02084201234157887,4
0.9506511805026657,0.7727962251221441,-0.22097067085471142,-0.08854654076570784,-0.01239311498464335,-0.025412836475648765,0.022555475851748264,4
0.9673292713886774,0.7316052526604233,-0.3452138577874407,-0.13966441447051964,-0.004922336541988634,-0.0255760743386769,0.01726007299927063,4
0.9840073622746891,0.5949151608016381,-0.16798139604097762,0.015105765291241274,-0.026814956767111413,-0.011673166411808017,0.03155960953847196,4
1.0006854531607008,0.6684363967478645,-0.22822782499099367,-0.15574452188606383,0.009426685198691928,0.006448664764819565,0.015888208876603006,4
1.0173635440467124,0.7775720699756712,-0.32198876694672673,-0.2957041627868831,0.01634669240912353,-0.0034100282284507603,0.013646716546876967,4
1.0340416349327242,0.6078606536843071,-0.13075603627425603,-0.11311072391612259,0.00041103934438345446,0.0066131721750429485,0.021225318549679614,4
1.0507197258187357,0.6583527197246735,-0.22147451433261572,-0.1702509533408386,0.009454713890586096,0.016624298743026858,0.015077199321466133,4
1.0673978167047475,0.7633032346312327,-0.31343897205755183,-0.23529554374913228,-0.014486632340479758,0.0066778332355361,0.02780440054988436,4
1.0840759075907591,0.8368375712387073,-0.404481028923231,-0.3573537999250279,-0.02400212711932153,0.0096462977325924,0.03015607485483015,4
1.100753998476771,0.7983876267677483,-0.2675681274881097,-0.2311574174256191,-0.035042508916556865,-0.003348638687196882,0.03653487112366383,4
1.1174320893627825,0.7411838332936986,-0.2736375528721333,-0.12804061569331487,-0.019268982546421468,-0.025070528287391813,0.040031318105070476,4
1.134110180248794,0.8200115529384152,-0.2558571637510697,-0.15889436368090187,-0.017356471998955816,-0.004965999663850404,0.033994586621966,4
1.1507882711348059,0.881855154633195,-0.4153046269430132,-0.33546615363425875,-0.002597774290402978,-0.003477128231267847,0.0250091794700253,4
1.1674663620208174,0.8547885016158636,-0.3877239488209103,-0.35210500777242815,0.007100179586338341,0.009467031461743282,0.024836779159680526,4
1.1841444529068292,0.7633032387817876,-0.31343897803596243,-0.235295549477972,-0.014486634285748519,0.006677836489245151,0.027804401714115155,4
1.2008225437928408,0.7494023036023026,-0.24257537485454012,-0.23484203582673616,-0.008240932851224445,0.016804542748738775,0.02873617250699043,4
1.2175006346788526,0.6382669302247583,-0.15604097396031041,-0.14803341653568752,-0.03060507013341578,0.03501212364954616,0.02791870630062224,4
1.2341787255648642,0.7076170237790727,-0.24969908767921162,-0.21854974263838622,-0.02107046532660226,-0.0011834642931252172,0.02371562590933272,4
1.250856816450876,0.6914251943356227,-0.22849322962061724,-0.22060431592246005,-0.009131612131143213,-0.0005925172253272552,0.02439135449930261,4
1.2675349073368876,0.797716535594047,-0.3230066113773742,-0.33433874191716356,-0.0009349087121096883,0.003114405448263959,0.022859239017269536,4
1.2842129982228994,0.921618180836164,-0.43973043359672936,-0.4470644928187158,-0.0032330770355555013,0.0047164328868904105,0.01853679067189321,4
1.300891089108911,0.8519795620521475,-0.3284335241414016,-0.36563249157866673,0.0009455292627816468,0.008861817457206732,0.02607028366768311,4
1.3175691799949227,0.7403864665125859,-0.2531879025584227,-0.21023448288337981,-0.0033601007206370405,-0.00044545992341198283,0.019830186730868796,4
1.3342472708809343,0.8289741015342811,-0.32816139932871136,-0.3007517526281965,0.019511083158187,0.015907693708496477,0.017567041720800893,4
1.3509253617669459,0.8852412588945826,-0.41746205083834836,-0.4104473036413988,0.025997740970492737,-0.0012190177492153325,0.009996931207502146,4
1.3676034526529577,0.7140258818654734,-0.2222345732375116,-0.22521189941159053,0.0009538413159995508,0.0010424453199742007,0.03636150400415709,4
1.3842815435389693,0.7674339458989841,-0.3122818216444977,-0.30866527031371493,0.008720386360680997,-0.002512305221745484,0.029504999452885965,4
1.400959634424981,0.676697893727575,-0.23897367972542746,-0.16928230268608482,-0.022159456175308897,-0.00900730362697195,0.028237517069173285,4
1.4176377253109926,0.7455526818500994,-0.2594337900279899,-0.16895225350160128,-0.019017794379905216,-0.003964376850728129,0.0334296435630026,4
1.4343158161970044,0.8167255997721051,-0.4035126748888097,-0.31876009770302016,-0.006724101452693676,0.003127640671221311,0.02094930785648631,4
1.450993907083016,0.8120179082605903,-0.38864170749180993,-0.3298196778442517,0.01820708674672431,-0.006431561087844138,0.024598748994616365,4
1.4676719979690278,0.7962799398808869,-0.33661323013623357,-0.26855049590321883,-0.0018621383120899517,-0.025605090533528642,0.01550746971012267,4
1.4843500888550394,0.7894686555233152,-0.3342645587190214,-0.28784179367139984,-0.006258797251336361,-0.01512234771708514,0.015226677742532219,4
1.5010281797410512,0.8655041227948314,-0.39979493387879383,-0.3920660197292545,0.0005390807209613471,-0.0006417379820563621,0.012596058144405875,4
1.5177062706270628,0.7767256812453345,-0.32542397674832435,-0.29974533573204165,-0.006294179680637235,-0.0029432723735355352,0.014085005512587704,4
1.5343843615130746,0.8547888790716507,-0.38772442886874203,-0.35210541358162994,0.00710064170854597,0.009467048868167089,0.02483666536141398,4
1.5510624523990861,0.793778664695223,-0.34321674393638213,-0.2936612713611597,0.004403584426456476,-0.003999162114804097,0.012972703827923681,4
1.5677405432850977,0.7775720611864967,-0.321988757459584,-0.2957041532948906,0.016346687797201314,-0.003410025056903405,0.013646718841225619,4
1.5844186341711095,0.7675053069969302,-0.3152545034628771,-0.31023504604420105,0.016377864349890612,0.006767739748697131,0.012835684127989858,4
1.601096725057121,0.7876343363651926,-0.3162543102230427,-0.34885194785999285,-0.0009073691993088071,0.013292455959045546,0.022046678479739634,4
1.6177748159431329,0.7606964474732987,-0.30469211900145143,-0.323650153484059,0.02665923047318315,0.005321633898824351,0.01336659257803652,4
1.6344529068291445,0.6494341821972118,-0.09545889663239537,-0.11339821510668896,-0.004015589113925686,0.014936527894147305,0.030720580741450974,4
1.6511309977151563,0.753206959504676,-0.3066688359738232,-0.24978822589508606,-0.014460104264387487,0.016851044302741553,0.02698959516376584,4
1.6678090886011678,0.7403860912453575,-0.25318815315458193,-0.2102346173417749,-0.003361736372158026,-0.00044426977947416556,0.019830593003450407,4
1.6844871794871796,0.7633037869942174,-0.3134392174343774,-0.2352958197481578,-0.014485339550571083,0.0066770634129864285,0.027804046655023323,4
1.7011652703731912,0.7630901031046413,-0.30823443902291225,-0.2067520576480126,0.00016005763688997301,0.005060294955254902,0.028351895329922126,4
1.717843361259203,0.8113833807577102,-0.3886505196692741,-0.30622096556493317,0.007464621913317958,-0.008630923429335075,0.0224728939452621,4
1.7345214521452146,0.7728935815125407,-0.3244839470374018,-0.24721239501287406,-0.013127374121918167,0.005418746210917009,0.026378392938364435,4
1.7511995430312264,0.7675052969145661,-0.3152545028660326,-0.31023504353180975,0.016377837669447615,0.006767758366428717,0.012835690301921004,4
1.767877633917238,0.7675052971363694,-0.3152544928428356,-0.3102350356453318,0.016377858300246396,0.0067677419553405435,0.012835685977411972,4
1.7845557248032498,0.7775720632019456,-0.3219887569009211,-0.2957041534656693,0.016346693401167237,-0.0034100300808885048,0.013646717342727474,4
1.8012338156892613,0.7904456406584662,-0.37554627473984026,-0.3353297589040045,0.005248560227933694,0.013897074628290393,0.020813094078957123,4
1.817911906575273,0.777571731083458,-0.32198906642686276,-0.29570434360106884,0.01634505605272301,-0.0034088185941687564,0.013647129189432521,4
1.8345899974612847,0.7775720521162757,-0.3219887498627347,-0.29570414556017155,0.016346678861591506,-0.003410020550881176,0.013646721142796544,4
1.8512680883472963,0.7775720494782725,-0.3219887446494048,-0.295704140642555,0.016346687573512913,-0.0034100264549989123,0.01364671892213084,4
1.867946179233308,0.7639862427545329,-0.25300113520416667,-0.2985888288641865,-0.008173084622529237,-0.005319234327548693,0.028611985696042345,4
1.8846242701193197,0.7639862576162771,-0.253001160570981,-0.29858885218520426,-0.00817309520362082,-0.005319223226057887,0.028611986636712102,4
1.9013023610053315,0.763986257364204,-0.25300116031478936,-0.29858885193011736,-0.008173095373287512,-0.005319223143256919,0.028611986692297264,4
1.917980451891343,0.7639862573624818,-0.25300116031328174,-0.2985888519285644,-0.008173095374928677,-0.005319223142375904,0.028611986692711148,4
1.9346585427773548,0.6577103364209602,-0.15850944499594577,-0.18487241768058793,-0.016367627369015796,-0.009022725934382086,0.03014425841461169,4
1.9513366336633664,0.7639840104019242,-0.2529985205213582,-0.29858620989788,-0.008173463476805662,-0.005319244806926177,0.028612135445964835,4
1.9680147245493782,0.7639862599846847,-0.2530011654771045,-0.2985888563247827,-0.008173096492432464,-0.005319221781866599,0.02861198590730169,4
1.9846928154353898,0.7639862572820064,-0.25300116022458596,-0.2985888518398804,-0.008173095403458253,-0.005319223132810386,0.028611986702534974,4
2.0013709063214016,0.7238939624973552,-0.1848809287834789,-0.18681590840499987,-0.026589444893953384,0.011199269749115028,0.03549003153284852,4
2.018048997207413,0.7193069699710222,-0.16783212135507114,-0.198574225148689,-0.013745882617366454,-0.012073715223568565,0.03604175727651626,4
2.0347270880934247,0.7501732558088414,-0.23856555890462583,-0.20806804239862356,-0.005225221266645086,0.00992038094289681,0.030991470771876795,4
2.0514051789794365,0.7530404238072096,-0.23783424192726432,-0.23432351223264722,-0.006507652269256379,-0.003643948678413828,0.030287577415121343,4
2.0680832698654483,0.7050508047409532,-0.15870915017464673,-0.1351508034759959,-0.012282596368846236,0.013979843732926373,0.03855231822028594,4
2.0847613607514597,0.9363665326784452,-0.48591327625154557,-0.4333711939565509,0.0011131888274710452,0.013654857215786194,0.02874497307484739,4
2.1014394516374715,0.8078321151889828,-0.3159655811961036,-0.33748634554123086,-0.017251478329252234,0.020697518726624092,0.03253756999673775,4
2.1181175425234833,0.7443069468341583,-0.2329596508499184,-0.25088544855690464,-0.008697199354576784,0.006666811914501184,0.029714058743241987,4
2.134795633409495,0.7700996384425381,-0.26745535238215595,-0.3110452970855824,-0.020087849075253645,0.004263743280489537,0.027121761192497307,4
2.1514737242955064,0.749985056777303,-0.26647889586752954,-0.272446445440933,-0.0028070392958003325,-0.002256070533736005,0.017913398636694118,4
2.1681518151815182,0.685506372285468,-0.164875872528246,-0.17504219980491179,0.0018288701395991014,0.01202320313753418,0.024466965882935447,4
2.18482990606753,0.6747777434930642,-0.1725196257494394,-0.27211856885714525,0.015755923312867643,-0.004254170105847654,0.020768418911845412,4
2.201507996953542,0.6215442748741294,-0.40369363217265003,-0.35729439140374986,0.013903250883009541,0.006271537632658937,0.04471583578758821,4
2.218186087839553,0.1744285308635813,-0.11479437254852154,-0.212673501847521,0.008253813981887133,-0.004411699905704706,0.10501421449249543,4
2.234864178725565,-0.03576551107120307,-0.2883323157612365,-0.37460722256740436,0.0169772786598879,0.020671078999232123,0.18139760545752423,4
2.2515422696115768,-0.47554783516523885,-0.11887720771131365,-0.20770749930360288,-0.009002182845042275,-0.006454968908000924,0.22167557173785532,4
2.268220360497588,-0.6876614394926538,-0.3455758031213042,-0.3012680653258798,0.011270294837116756,0.021796576775236682,0.26599500693938255,4
2.2848984513836,-1.0204676222250346,-0.41304448038228586,-0.3825375168487709,0.019952750142505943,-0.002652096837606285,0.3087848555791073,4
2.3015765422696117,-1.4334267442043573,-0.24996610221575566,-0.2823842335020804,0.008743285061841945,-0.012736152389564884,0.37569479952319124,4
2.3182546331556235,-1.7191890679152169,-0.4118998025064131,-0.49178156962594977,0.052240367068866776,-0.0035848075731106433,0.3965909839283087,4
2.334932724041635,-2.133973230774259,-0.3055758166469433,-0.4270531122784431,0.0036008574571920232,-0.02682720752413314,0.4447209047936428,4
2.3516108149276467,-2.6025125805249076,-0.1772254624797257,-0.26463842667171733,0.015926396946246944,0.00952804502443118,0.5138766724709894,4
2.3682889058136585,-3.023850119164816,-0.23312075812907607,-0.265187828619458,0.020056156149793513,0.003364997554985206,0.564383337422248,4
2.3849669966996703,-3.415497649620553,-0.2411236821306899,-0.2033786081349015,0.03188641131170189,0.00970695419125792,0.6169815096107061,4
2.4016450875856816,-3.8388978745357143,-0.3092418902420119,-0.38449770415510165,0.01328123472795623,0.012724036542908337,0.6645223917359299,4
2.4183231784716934,-4.207722211879099,-0.37373425847812836,-0.46775134022568243,0.016641099551824613,0.011656069242217473,0.7435778738820726,4
2.4350012693577052,-4.931358106099218,-0.18008136777503503,-0.24798743548782887,0.049339041088101755,-0.007832428062653487,0.7932358156877538,4
2.451679360243717,-5.23635457798605,-0.4673724580601821,-0.5755743278535164,0.049522891225210176,-0.009784859457009687,0.8245052694832314,4
2.4683574511297284,-5.900848347344674,-0.34686168213789714,-0.48918995805474474,0.013305940589439085,0.0031558067856005474,0.9228738072137932,4
2.48503554201574,-6.367478100589968,-0.376640591037237,-0.4949462708890222,0.03319890115905594,0.0015678927778063683,0.9596814078144026,4
2.501713632901752,-6.838560293947859,-0.5232117478708669,-0.6950485740207744,0.04769370481361132,0.000250774779987707,1.017386319546273,4
2.5183917237877633,-7.458956654905325,-0.42992209582242213,-0.6432626268925818,0.04195160549489757,-0.01907854599673877,1.0771265606831881,4
2.535069814673775,-8.024853459684941,-0.45921116865346256,-0.67003989944704,0.04072100490234098,0.030854966684990884,1.1440507620072915,4
2.551747905559787,-8.66992245516794,-0.23336701024205464,-0.3790104337989053,0.013819849501478559,-0.021174099316806663,1.1947095238225083,4
2.5684259964457987,-9.148243823615621,-0.41524454368079455,-0.6422690112413494,0.03906883642851651,0.013669322976080813,1.2565961206776048,4
2.58510408733181,-9.617182777914294,-0.5031041032264372,-0.6863590198972123,0.04693011869412829,0.004999172993808829,1.3217509983039522,4
2.601782178217822,-10.116808818992912,-0.7428175708040965,-0.9995364984705137,0.07059552406562736,0.021349552156395658,1.3550980677816742,4
2.6184602691038337,-10.935321290462301,-0.5082598838795098,-0.756558300643623,0.02918295752981788,0.01362927470742312,1.4141188510403926,4
2.6351383599898455,-11.585816588199263,-0.5200929679413475,-0.8428931069557475,0.07176240496863459,0.01104479430943415,1.4699342620090288,4
2.651816450875857,-12.314858015999828,-0.5761379939179001,-0.895315286308402,0.0654664461109576,0.03168459817757353,1.5337171136091037,4
2.6684945417618686,-13.104249284688256,-0.4144004043752427,-0.7559357371607232,0.06769737185890778,-0.0009674033832702104,1.5941842477912482,4
2.6851726326478804,-13.777164611136136,-0.5282254051291582,-0.8754883939878702,0.06099147643864018,-0.007371748100364399,1.6401055882392306,4
2.7018507235338918,-14.539294827271117,-0.5395544313461595,-0.874919641606835,0.09229842839214392,0.023226025645767995,1.700574927392605,4
2.7185288144199036,-15.367890966617194,-0.39638030933021096,-0.776800658019873,0.06878028425373582,0.0010196403897260807,1.7486434838570282,4
2.7352069053059154,-16.01498439064467,-0.5400610309005538,-0.8781967128249759,0.06840935380031661,0.003451443315347043,1.7950882713579284,4
2.751884996191927,-16.683708296900456,-0.6070607901690765,-1.0197778578743204,0.04646967691088227,0.015471419314877681,1.8472182808978446,4
2.7685630870779385,-17.28479237690062,-0.6736968798358323,-1.0457519295343047,0.08957405483889891,0.004847061503160192,1.8653400363795087,4
2.7852411779639503,-18.044069873572653,-0.5396393827638706,-0.9367691756319996,0.06011313284551864,0.02875285777133599,1.9132426561234512,4
2.801919268849962,-18.755258494276916,-0.5997168418649608,-0.9987752166229722,0.06963341650557987,0.02238288938222436,1.9416150971278672,4
2.818597359735974,-19.267538323729863,-0.7440165079411001,-1.1244779084903085,0.08112829397145482,0.0016428923043680713,1.9605339316009642,4
2.8352754506219853,-19.974121127672746,-0.6682901243816035,-1.0287469365341089,0.07800823578940884,0.02502869971654081,1.9886875324969742,4
2.851953541507997,-20.59689943183051,-0.7034580207948835,-1.0999428925359611,0.08939406027676648,-0.004346021162566978,1.9814511416366118,4
2.868631632394009,-21.198940355522137,-0.7286537038073426,-1.1513653926501526,0.08204232372382989,0.016083646359915098,2.0052949865440457,4
2.8853097232800207,-21.733460096830736,-0.7848584819809155,-1.1335983653545307,0.10254286286874152,0.010255943345500907,1.9965499103903679,4
2.901987814166032,-22.186312768026678,-0.7826989583097079,-1.2275401951377054,0.0818690093802738,0.02562807087630041,1.9937586806938286,4
2.918665905052044,-22.67950673468753,-0.7725388693260635,-1.165487911253929,0.10547771850665329,0.022576015845064967,1.9687462989793234,4
2.9353439959380556,-23.08582248255169,-0.7710680408446056,-1.261852855789808,0.07394961552141982,0.034807512140754324,1.9651747500828474,4
2.952022086824067,-23.527557411367418,-0.7506479259981571,-1.2465899884505394,0.10777505157714165,0.009622991790792526,1.9262010655244102,4
2.9687001777100788,-23.88136004135624,-0.7414545078086876,-1.270934529108179,0.05908243730142635,-0.0011200832450911657,1.9123677009563957,4
2.9853782685960906,-24.21889251017759,-0.776558998137844,-1.2981850244663073,0.09158786608272877,0.011668239214709915,1.8897729000044576,4
3.0020563594821024,-24.817645026926733,-0.6423569433597525,-1.1813623723670013,0.06716947788947591,-0.001173108406892529,1.861925031553402,4
3.0187344503681137,-25.21560427663985,-0.6413462115514479,-1.1771246850399901,0.07428549512616439,0.0199609068082535,1.8261176436277327,4
3.0354125412541255,-25.547734372998136,-0.619423254496918,-1.1520155329040174,0.07924048504173915,0.01606998550857383,1.8069828410315631,4
3.0520906321401373,-25.792758800603778,-0.6820990528010071,-1.23052120271086,0.050500697321564,0.005993130869796689,1.7640344204350278,4
3.068768723026149,-26.10137018251075,-0.660380725467812,-1.2158677291875888,0.06826049355143765,0.008201573501625453,1.7065559205491998,4
3.0854468139121605,-26.336743295950086,-0.6692969964199733,-1.2630824921231252,0.06744505425541168,0.003187150454867935,1.6400674755197722,4
3.1021249047981723,-26.74860155803513,-0.4099425511845709,-0.9688024855895137,0.06664882808762294,0.03175462018895928,1.6083336238995243,4
3.118802995684184,-26.842263903195224,-0.5551755285115165,-1.1513342302430294,0.0904582122936729,0.014296303331274515,1.5497935842174289,4
3.1354810865701954,-27.017823468914788,-0.5543649578854097,-1.158708184622264,0.04260557809868789,-0.0004789909481755281,1.486425661262376,4
3.152159177456207,-27.201037393422883,-0.6586813558030435,-1.1673566176934553,0.07464082284770551,0.020366424054978884,1.4277858332490976,4
3.168837268342219,-27.382468950671793,-0.5918246597825059,-1.1706877817579997,0.07935831433100682,0.029442564926644033,1.3832537654825516,4
3.185515359228231,-27.450641114311047,-0.741447051304081,-1.2783064276859308,0.07026146705373262,0.011176226613487139,1.3081383694591755,4
3.202193450114242,-27.823159228247597,-0.5310903400736446,-1.0651133625090274,0.04063642078560813,0.023581588904017188,1.2594069159923817,4
3.218871541000254,-27.90833282614766,-0.7150005335484311,-1.2741145371665965,0.08100118918603515,0.012627112074078952,1.1665602032202274,4
3.2355496318862658,-28.184162013060032,-0.5558567163080914,-1.1240343182931216,0.04353710501911618,0.002379738366480632,1.1123837163282129,4
3.2522277227722776,-28.30507171367945,-0.616991915708498,-1.1707941663719286,0.03188730036409117,-0.006428637410142173,1.0387421070452554,4
3.268905813658289,-28.425140696534335,-0.5314579900869649,-1.0715695747605185,0.06229216357601061,0.021841968849356772,0.979008582976799,4
3.2855839045443007,-28.49719646759867,-0.5342941909286667,-1.2036943159369322,0.07480117999039483,0.015496824220450922,0.9233378154872662,4
3.3022619954303125,-28.75484964355272,-0.3304509950070065,-0.9821248790117512,0.07628706280309701,0.010894983661916187,0.8395665763609782,4
3.3189400863163243,-28.785062533210724,-0.4868294956057637,-1.1132597394689423,0.06026612976547064,0.031146647368154225,0.7660322755877584,4
3.3356181772023357,-28.89830724281163,-0.5059624565307361,-1.0864102025368663,0.07836491017587031,-0.006690365556515183,0.700511032691775,4
3.3522962680883475,-28.948140963914604,-0.5159149623052688,-1.0680633267673763,0.05537467088091948,0.012421657961009037,0.6258362948735637,4
3.3689743589743593,-29.128987107953,-0.468059535591129,-0.9628476655338911,0.04595262420020713,0.004425712237586697,0.5699306361611475,4
3.3856524498603706,-29.27950091226748,-0.4996607709399381,-1.0221075244888773,0.037156440925777995,0.011812144391996276,0.4828634133029345,4
3.4023305407463824,-29.37850618990307,-0.47099660787370823,-1.073031101958918,0.026029974470098798,0.00848624871898517,0.4291316173759495,4
3.419008631632394,-29.52807673177204,-0.430324854433044,-0.9150130779898493,0.035077739610422924,0.01139830943033144,0.3556759440183939,4
3.435686722518406,-29.535944423612555,-0.37653163773032183,-0.9514397405788699,0.042809234588483756,-0.018525562090760055,0.2646099508145833,4
3.4523648134044174,-29.607719923574212,-0.4271004125873272,-1.0154094611785371,0.06729277224739699,-0.039795144258829566,0.16626546862183708,4
3.469042904290429,-29.589345518620544,-0.4734412150714338,-1.008015247437399,0.03256105634281125,0.0036541509166022348,0.10635065628493447,4
3.485720995176441,-29.732621773324876,-0.28757718870729576,-0.9331305456150254,0.043744418087027004,-0.017477783205924535,0.014562129988175219,4
3.5023990860624528,-29.61960566351841,-0.25297736006737637,-0.9480684513175639,0.0615417122472524,0.0012953658548130258,-0.06441570022418368,4
3.519077176948464,-29.637415581377365,-0.2837886514243735,-0.9359452492399054,0.05148191042811976,-0.022764383361007196,-0.12747291505274336,4
3.535755267834476,-29.7262586624318,-0.2817455155574464,-0.889769595551746,-0.0004358030472683116,0.002958441359274535,-0.19587969154790325,4
3.5524333587204877,-29.626111395729232,-0.3556724991186204,-0.9388231637934901,0.044791256800605216,-0.021031943429845927,-0.316514727941032,4
3.5691114496064995,-29.582426737058295,-0.327873124562835,-0.8544901658415505,0.008387214322454786,-0.020067734766727314,-0.39467997407568783,4
3.585789540492511,-29.50311139264435,-0.2329558988214817,-0.8343493403898208,0.06176589061529174,-0.030637319109698965,-0.4938106601519151,4
3.6024676313785227,-29.269694696145617,-0.290477526449914,-0.9279920809618822,0.0359455392249633,-0.01961724148869852,-0.5798560589653804,4
3.6191457222645345,-29.052530617262402,-0.3252815310338981,-0.8987716155658543,0.0477972859724468,0.004476094649123297,-0.686284214161305,4
3.635823813150546,-28.83636425085414,-0.16015379216471004,-0.8212706262585616,0.03533221101153829,-0.03718582627743705,-0.793295854706476,4
3.6525019040365576,-28.739193227454265,-0.011844980627675028,-0.6619743387567958,0.014646778832703418,-0.03192959290436646,-0.8960885426485626,4
3.6691799949225694,-28.177102448711846,-0.29185109559319233,-0.9044452965805139,0.022566917687581914,-0.022179120750111685,-0.9879679353485338,4
3.685858085808581,-27.900065928655284,-0.2402908831605286,-0.7843943011045091,0.0032212078688296955,-0.027753781898078908,-1.1265406989469948,4
3.7025361766945926,-27.734696967280136,-0.12293682019146068,-0.5825261177648553,-0.0023208110824452476,0.006348746153306386,-1.2526597286885648,4
3.7192142675806044,-27.31976137153947,0.037497617494687496,-0.5683571221391919,0.006285477924987534,-0.03014279192371681,-1.3754728100674718,4
3.735892358466616,-26.97217401758822,-0.09733399428017186,-0.6515362649179837,-0.021468057146861175,-0.026555817896818164,-1.4951661110493066,4
3.752570449352628,-26.536609353195807,-0.09481395126250369,-0.5999986985289842,-0.015561627128366826,-0.023559666305707758,-1.6221828309475863,4
3.7692485402386393,-26.0334931091097,-0.2087208677603707,-0.7548723446852037,-0.022116581280729124,-0.023483429780774483,-1.692955892851128,4
3.785926631124651,-25.72698391544696,0.03643066710117804,-0.4010177248118696,0.013894534166923803,-0.03913752471159495,-1.791077842539021,4
3.802604722010663,-25.497983128227016,0.37620953323324713,-0.2471786833324785,-0.027762150299012255,-0.045455728640364894,-1.8825668946800536,4
3.8192828128966743,-24.936949558152023,0.25310917606406846,-0.29268911990927204,-0.025246459917239242,-0.028980234394754233,-1.9639094356681135,4
3.835960903782686,-24.382889068765365,0.18244157466131306,-0.4220907862088712,-0.03764832200100798,-0.0031344096496851406,-2.022159530851674,4
3.852638994668698,-23.87801352404707,0.06133228014539682,-0.5101144677562761,-0.009541825895403729,-0.03840245026497924,-2.1182314879379187,4
3.8693170855547097,-23.77904755126781,0.44686686415276267,-0.18097036016082324,-0.039403714839754696,-0.04294822090516141,-2.1722503748576676,4
3.885995176440721,-23.190835493660714,0.0906111862682657,-0.42982700675176044,-0.00958084203806724,-0.0343383221339786,-2.194228070983963,4
3.902673267326733,-23.102087833821642,0.5095637534068365,-0.09780100711759321,-0.034328619115019485,-0.021318323726469104,-2.199366564617165,4
3.9193513582127446,-22.4320992807573,0.05458850189297859,-0.5050957613126457,-0.001616798017788357,-0.019833640503090614,-2.22840727418795,4
3.9360294490987564,-22.21696050793843,0.1302733560886784,-0.40447872645463523,-0.0024141462223775767,-0.041281217884745286,-2.21362060206046,4
3.9527075399847678,-21.915022331178832,0.2855269160810545,-0.2845761015648778,-0.04590481251638606,-0.028904046678542294,-2.1806144145903574,4
3.9693856308707796,-21.588130865640853,0.1251622059069426,-0.4609945450160975,-0.0008539246301500054,-0.012968297246831333,-2.154862268111174,4
3.9860637217567914,-21.389470498515976,0.16424583560806738,-0.30572767613408836,-0.026874940432274102,-0.04903343625959411,-2.1589588426069755,4
4.002741812642803,-21.091846421137255,0.27206727876305514,-0.23203746539910863,-0.027360651134711804,-0.03146626110733137,-2.0844372217578386,4
4.0194199035288145,-20.813183861809375,0.17994875155214007,-0.31784306505195303,-0.004104448150425067,-0.03828151651801448,-2.0716670967616237,4
4.036097994414826,-20.6052484094632,0.2699157223754254,-0.33027921459552534,-0.033969981909325396,-0.027176993771632747,-1.9881720883550722,4
4.052776085300838,-20.392283270149463,0.3546293789548729,-0.24822986646864642,-0.015731939853358357,-0.05371265702287846,-1.9590027339243274,4
4.0694541761868495,-19.942706131006087,-0.011574192914762804,-0.49895760711011494,0.0033508574351223206,-0.04269138834082909,-1.9161738522903005,4
4.086132267072862,-19.642762255717,0.10684889898553163,-0.49329433206152906,0.00492820611783622,-0.06276039072471591,-1.8696431595084113,4
4.102810357958873,-19.40533292810506,0.14999175161322764,-0.449529999052265,0.012035145441176863,-0.06656009129968653,-1.806895846234268,4
4.119488448844884,-19.129509978129537,0.08039983124390648,-0.4242991593769645,0.00533324050824418,-0.052333441408866775,-1.7293292611007929,4
4.136166539730897,-18.810180505739602,0.1523950217896033,-0.38450698150755436,-0.01632161178024266,-0.027387542541047923,-1.644714139846935,4
4.152844630616908,-18.569295759560386,0.017473461916520883,-0.47634008344682943,0.017020008335930776,-0.029917606858211224,-1.5965888117813436,4
4.169522721502919,-18.23248139462806,0.020443341624450717,-0.6139263758528193,-0.0074043946824129845,-0.03794119436716052,-1.5072244237341217,4
4.186200812388932,-18.047188988115032,0.15628951226006205,-0.4072941438022486,0.005236972691567381,-0.0251436284781622,-1.4080508600971786,4
4.202878903274943,-17.80540430093435,0.13439481120024155,-0.4320056482897847,0.011344381143957584,-0.03776640440482814,-1.3397418314589604,4
4.219556994160955,-17.516648658079728,0.22994316823729744,-0.33775536370784476,-0.026634812370647857,-0.047472972346506014,-1.2444833331765344,4
4.2362350850469666,-17.07928243188619,-0.013105540590575337,-0.5785888671369817,-0.013926201988491696,-0.013753847927880704,-1.1514358658170187,4
4.252913175932978,-16.787831425695302,0.11508706333692587,-0.39350421289489024,-0.025656128571691552,-0.027618841143693798,-1.0678606873620442,4
4.26959126681899,-16.511086924959336,0.10747139853530285,-0.35115718239386506,-0.012392966253451789,-0.020936754167807235,-0.9804774096352747,4
4.2862693577050015,-16.061928754566498,0.046766636068587886,-0.4159533438475336,-0.012468891991812104,-0.030436155215157024,-0.899938104874948,4
4.302947448591013,-15.667893231529609,-0.07732492647267364,-0.5324716942661452,0.012694715523436647,-0.006697715234823099,-0.8115452757522652,4
4.319625539477025,-15.370157529579613,-0.07466259337242231,-0.4519229668660687,-0.002198183995792104,-0.02154640103466915,-0.7415405407456714,4
4.3363036303630365,-15.03982251495008,-0.2217250113914302,-0.601351502483598,-0.012012166520215929,0.0037562571483513154,-0.6646976819983992,4
4.352981721249048,-14.870924683716837,0.10591828114866786,-0.24891383778294252,-0.031810745520853986,-0.05184212477954718,-0.5862945992114876,4
4.36965981213506,-14.605348083655434,0.06588793650547586,-0.3400939461076975,-0.0015432822061115258,0.00034047156454008727,-0.48664239065557463,4
4.386337903021071,-14.161157984638468,-0.05744117643992519,-0.4902071878720342,-0.018370187446843454,-0.00031849052763696195,-0.3799924801305844,4
4.403015993907084,-13.907776896730347,-0.11839995418433658,-0.5402233127126506,0.011138195946184103,-0.0015757163144365098,-0.32688064976296133,4
4.419694084793095,-13.54705939358346,-0.18108104282297077,-0.6525138095859213,0.015928723604922725,0.0376343699874088,-0.22642399776171265,4
4.436372175679106,-13.484630120159897,-0.0012477871820171238,-0.4043144518660555,0.01637944567170743,0.002114144241786741,-0.1365506941266786,4
4.453050266565119,-13.144758911974751,-0.15768464906481938,-0.5391347545556502,0.027147766851753696,-0.023510268247439643,-0.05106225079510808,4
4.46972835745113,-12.955854113885406,-0.17467109679083492,-0.5080535234693522,0.024052412767552347,-0.04051189543349843,0.013683192526569268,4
4.486406448337141,-12.55876009653576,-0.370617698240864,-0.6970791531843497,0.024760714576244132,0.0036254731812808668,0.10780304269360477,4
4.5030845392231535,-12.377645077129149,-0.2637630566107827,-0.6062679309119501,0.018497593491841265,0.008297214549777445,0.20005458281942717,4
4.519762630109165,-12.173760750726673,-0.3492330221278759,-0.6986028460730518,0.016962747739162853,-0.01864982182636122,0.26043550627329204,4
4.536440720995176,-12.072428419777646,-0.21045441003732623,-0.6211786593349431,0.012644196232346446,-0.011433180292863863,0.36156382234798823,4
4.5531188118811885,-11.729435657750711,-0.47061615799202494,-0.8696692516391438,0.029835323015152286,-0.01680283437872711,0.4491559117138221,4
4.5697969027672,-11.850529226263049,-0.031222671246062372,-0.4612066912171713,-0.0021711271466982062,-0.014845614364393064,0.5414683151970732,4
4.586474993653212,-11.416168905685488,-0.3950047359052813,-0.7456943206499638,0.03816734478750189,-0.018229109027955746,0.6189960462567924,4
4.6031530845392234,-11.291352231051997,-0.4562142184275966,-0.7537681948584289,0.02723065413451807,-0.016036413066309273,0.7047328090395066,4
4.619831175425235,-11.11377926101427,-0.4092686331297841,-0.772515469502006,0.041028675353652774,0.0029869976395554367,0.7816566840967643,4
4.636509266311247,-11.014133637098189,-0.4321291754931109,-0.7167259067605318,0.047426270716094045,-0.006938316809618961,0.8477951339556401,4
4.653187357197258,-10.90066980767218,-0.39495908731172014,-0.7328354612377077,0.020374199316624295,-0.006051667954645705,0.9317875026500662,4
4.66986544808327,-10.895668229969822,-0.2177291481458803,-0.49886242840087824,0.061946184209677395,0.008117697425851503,1.0056999686449934,4
4.686543538969282,-10.588723461265312,-0.3779633269651397,-0.650325814398494,0.01839041026717325,-0.013257484785681244,1.0704985838805436,4
4.703221629855293,-10.42944633670825,-0.5113289871988989,-0.7923904811331037,0.019221769313917725,-0.00994985081613096,1.1341792811255305,4
4.719899720741305,-10.140052091534638,-0.5338387243064102,-0.8863702953634087,0.04097792889651054,0.00783284186037682,1.2165441060400644,4
4.736577811627317,-9.953665508114778,-0.6312301072098649,-0.9220319786173943,0.07334766051391077,0.004289988814108548,1.2954258640484588,4
4.753255902513328,-9.94447736113397,-0.6113231126031886,-0.8938554915623707,0.04680837808793047,-0.01309721424782686,1.3572815760779882,4
4.7699339933993405,-9.922294956147098,-0.553725606606255,-0.6736666347278879,0.0482107693699559,0.008766453936622582,1.423942715080909,4
4.786612084285352,-9.841719514975054,-0.4066703967262604,-0.6265181682826064,0.04323633451935998,-0.012910933656556732,1.4994243184674123,4
4.803290175171363,-9.459982109058874,-0.711536590316098,-0.9724515474109623,0.057115885971173994,-0.01465399462776708,1.54318075334238,4
4.8199682660573755,-9.396816127947657,-0.7057558687434304,-0.8795494012211829,0.04753098239360411,0.011124077287174388,1.6121071770997097,4
4.836646356943387,-9.29739612962472,-0.6283012162765758,-0.7913193637460454,0.027387719293403227,0.022430543238070446,1.664733889343973,4
4.853324447829398,-9.036895542001696,-0.6748791899780859,-0.837245538077291,0.06035690422836725,-0.025426428064896693,1.677869978429444,4
4.8700025387154104,-8.761285985478008,-0.7176297447275646,-0.8648513251496688,0.06450482727962897,0.003610989879860523,1.7079212460550677,4
4.886680629601422,-8.668227113463342,-0.5709084752168581,-0.7557093716348771,0.03281254188703934,0.003996530928209297,1.7465196658962427,4
4.903358720487434,-8.33280365662739,-0.7509862268811756,-0.8738883272304372,0.06750488701965293,-0.005774034633428725,1.7551727713014167,4
4.920036811373445,-8.140196150504371,-0.5380800303606532,-0.7511278584018333,0.04268228439043224,-0.011029003088706968,1.7900307895063556,4
4.936714902259457,-7.7830223255630875,-0.6100808873442227,-0.8644545431508357,0.07831748157636852,0.009048508226909394,1.7770711038067106,4
4.953392993145469,-7.546614299060338,-0.5945062829035477,-0.8161997864487947,0.05194762901752478,-0.01165531637778343,1.7958053402544494,4
4.97007108403148,-7.349899314427269,-0.5094804145069058,-0.7720477243637314,0.05322817803602847,0.004687618015472573,1.8177783805801675,4
4.986749174917492,-7.2103625765001915,-0.4913442718493912,-0.5905978270521817,0.04451451901166958,0.0018384016961450998,1.8218852343842311,4
5.003427265803504,-6.792713430489533,-0.6231618775725212,-0.8275573741975848,0.05665364644331062,-0.027054438292055095,1.8115537466196836,4
5.020105356689515,-6.621857512484822,-0.6645411003143336,-0.7725070465118145,0.03552815474079183,0.00780413316834669,1.8323983189201807,4
5.036783447575527,-6.402798306830446,-0.5288031229292787,-0.684444346131913,0.06864378993787969,-0.012948069900208576,1.8160748658458397,4
5.053461538461539,-6.062976227581623,-0.6462412808885278,-0.7247705111933123,0.024294368593036353,2.2104628181519044e-05,1.8227679697175918,4
5.07013962934755,-5.5802318504001915,-0.8603559358807004,-0.987296047669851,0.09102234619304204,0.015751572330687108,1.828217321381468,4
5.0868177202335625,-5.675057504842602,-0.519065252466425,-0.6405572428075379,-0.00618316061135652,-0.009127783209066185,1.8395184944505318,4
5.103495811119574,-5.444567341708986,-0.47736257090098455,-0.5871773567185787,0.04612957013235446,-0.035327658166374024,1.8135647148628993,4
5.120173902005585,-5.088711530794331,-0.7511484423061856,-0.8744520693132631,0.059804331272020415,-0.03165354683320387,1.8101759850605494,4
5.136851992891597,-5.216283955653768,-0.4038756556099421,-0.4234898627702559,0.030537460948485796,-0.012286383472068016,1.810020151998858,4
5.153530083777609,-4.832279260615435,-0.5617798125895014,-0.653466180407106,0.05155623582354556,-0.012298586686014929,1.8159211247727705,4
5.17020817466362,-4.523210172782977,-0.8339514837602794,-0.8632232361843999,0.06429459833182558,-0.017122343446007365,1.7753490458051648,4
5.186886265549632,-4.476889519517721,-0.5343227926166515,-0.5358044954720188,0.04177631037252063,-0.019068486440323794,1.7778612596802836,4
5.203564356435644,-4.052320027710169,-0.7424535590892823,-0.7693021686038246,0.04928953553472955,-0.017138427131459407,1.796863746076465,4
5.220242447321655,-3.776302272129286,-0.7910664541361022,-0.8261008987473138,0.058337996628354975,0.02339547863434128,1.7806476298863545,4
5.236920538207667,-3.5491171499755247,-0.7628818313271156,-0.8119608865199677,0.03855038681373053,0.010497645407607973,1.7763054887570846,4
5.253598629093679,-3.5596661536783385,-0.5043969085775206,-0.5537684309154721,0.004414587335997457,-0.02383909976222171,1.7465157887820786,4
5.270276719979691,-3.098767584296785,-0.7191996840180636,-0.6817534046901136,0.07339525474977555,-0.008363028667017987,1.7372910328981719,4
5.286954810865702,-2.837881582240061,-0.6273726476542977,-0.6722815258006722,0.02303028405568531,0.0053209490713369955,1.7273083266709734,4
5.303632901751714,-2.6412058475066624,-0.6120297799283363,-0.5720603969686322,0.049986116949499726,-0.0008794549317142501,1.6812351789783886,4
5.320310992637726,-2.2174947573108126,-0.735934485900515,-0.7804829746000568,0.046610610972244254,-0.0011085736376517201,1.6723149467442697,4
5.336989083523737,-2.17182046903883,-0.4839946525376951,-0.4310940311128278,0.035716353567251787,-0.01595342319909235,1.6334552681955055,4
5.353667174409749,-1.892070531287259,-0.515168056716499,-0.5278088206512382,0.020338550983448694,0.02459663331789646,1.6323232588403491,4
5.370345265295761,-1.4150744536228879,-0.7038145055824556,-0.8012654910051182,0.06212493388684135,0.0006129382070728251,1.5864422547517036,4
5.387023356181772,-1.3329797981327323,-0.4867532939810222,-0.49548858468141943,0.020098399848762924,0.008610506184994728,1.5963522914923818,4
5.4037014470677835,-1.148509709975954,-0.43912472581835466,-0.41879320426179095,0.036080091407288094,0.012021414903642502,1.5631172438406262,4
5.420379537953796,-0.7938729506017832,-0.518193095689525,-0.5116509509674491,0.04684001223657724,-0.012830882123827802,1.5188716764620331,4
5.437057628839807,-0.5233688233196125,-0.4547411031885697,-0.4003901352728285,0.023925334022733877,-0.014500519461990964,1.5091080699409356,4
5.453735719725819,0.00918693056462383,-0.8447370810875882,-0.6770196606228187,0.05613320682132882,-0.0060876404809069185,1.4804143450916758,4
5.470413810611831,0.08170648512454431,-0.5553075593344432,-0.4697807309920392,0.025663791535779062,0.0035794340634772697,1.4816209605300432,4
5.487091901497842,0.24546923421053762,-0.4423833750346905,-0.3421968940366209,0.03215586390390346,-0.026111447034778693,1.4246793078732825,4
5.503769992383854,0.5839534266980699,-0.6163722044625021,-0.45868489084049835,0.04178433222423354,0.008230109354823031,1.42771500487085,4
5.520448083269866,0.7047717476052142,-0.4487354796316579,-0.3508375249407095,0.032626355934420176,-0.030220593354607677,1.3890804911387462,4
5.537126174155877,0.9978332217070436,-0.4687218795942256,-0.3728496859771456,0.037199129220292546,-0.030216753118255623,1.364023355766431,4
5.553804265041889,1.2820790232437203,-0.4014564467123315,-0.29152025638906925,0.01012999912155004,-0.012453623091312913,1.3657547964893784,4
5.570482355927901,1.5088324697187052,-0.5044450324709132,-0.42436412852706373,0.04067485054609652,-0.03650263404776478,1.3246007365171262,4
5.587160446813913,1.6895619333276526,-0.37961340686947365,-0.20389146267749292,0.015545668394206964,-0.013588082700607285,1.3244521517827719,4
5.603838537699924,2.2016549963531986,-0.6014193781855092,-0.5891774235253912,0.03134677510734721,-0.0011445245055512318,1.2998939819397648,4
5.620516628585936,2.354740538667725,-0.5399954696278746,-0.3644859872969993,0.025485630314617664,-0.006052415051397997,1.2931209875765208,4
5.637194719471948,2.699522979000751,-0.5358214265847399,-0.4270858142422438,0.005232171126104568,-0.00756625071408995,1.2813413042611748,4
5.653872810357959,2.81592052726952,-0.41878419817519363,-0.2703696936461464,0.014287762208536158,-0.0382595011474021,1.2455406962156934,4
5.6705509012439705,3.240611448720812,-0.6324765936798766,-0.5555425282856951,0.02826425094524326,-0.023397808067957705,1.2260351519746568,4
5.687228992129983,3.3347637944715007,-0.42344410986589,-0.3585657369274229,0.0057615970958945,-0.022698150596069736,1.2108293797801744,4
5.703907083015994,3.485901301143829,-0.4144914822471488,-0.38668942408402074,0.016244954592262356,-0.03849693145143647,1.1891182825278401,4
5.7205851739020055,3.745939001902668,-0.48554631384610025,-0.2959597302113455,0.02047913581321629,-0.021336060811352628,1.1994822017231304,4
5.737263264788018,3.9115547108285176,-0.3827550788102809,-0.27557760983741675,0.02166973533097208,-0.03353775456702848,1.1623744482199139,4
5.753941355674029,4.150402263129383,-0.46618738764829937,-0.3763404718165855,0.03183812986650571,0.0012781969816369654,1.1825742474542065,4
5.770619446560041,4.371562083645728,-0.48547778429692934,-0.4162553618494027,0.006806102475705963,-0.023977240385933202,1.1639209119822143,4
5.787297537446053,4.397916006357313,-0.33877967058875513,-0.26982433740389156,-0.00485502050863265,-0.03952817636514234,1.1485800904480652,4
5.803975628332064,4.699792039980161,-0.641217534227096,-0.5130799771210157,0.009558053585251289,-0.005193721328917181,1.1735039211428262,4
5.820653719218076,4.7223812440129525,-0.31005023217320793,-0.22822258266711937,0.002615153334644686,-0.02384543688961556,1.1603516442892525,4
5.837331810104088,4.876109840718635,-0.4316461134895502,-0.31323228343589493,-0.013231384155354214,-0.02759293639885685,1.1675108471756097,4
5.854009900990099,5.206202942782436,-0.6984335020747405,-0.5769285434284628,0.013060749410779466,-0.013028749314497776,1.1564935249773367,4
5.870687991876111,5.104226359262079,-0.48764855972937604,-0.31948898843940254,0.01618141927427082,-0.018111037361620976,1.1594877419237994,4
5.887366082762123,5.13022272000621,-0.44344685062524825,-0.30537808175901904,0.019970277271653014,0.011248783714152177,1.1805680903861184,4
5.904044173648134,5.180634920340076,-0.29122402757326804,-0.21837175124043684,-0.0007710399718125403,-0.013068997386350806,1.1618842427508522,4
5.920722264534146,5.382120297549463,-0.408884092339701,-0.34710724136863114,0.009803101228542199,-0.001647627622902278,1.1709171310771562,4
5.9374003554201575,5.408163596078911,-0.3484768839961583,-0.27682059808236836,0.01453174320187903,-0.010906583416959815,1.1813400378703929,4
5.95407844630617,5.634518177925537,-0.5147382548828776,-0.4503397949082826,0.011778788199456481,-0.03625644775662259,1.1654946813284834,4
5.970756537192181,5.703189438681838,-0.4849976359014905,-0.3449440123999621,0.02098538861912091,-0.008696394699164415,1.169402598677348,4
5.9874346280781925,5.777433756094546,-0.5175610801410884,-0.37977114821726654,0.0112206093132344,-0.0016911241220844515,1.1730221391541642,4
6.004112718964205,5.7557605795332325,-0.4636941259780294,-0.31103770244490425,0.013096534025140008,0.0013168719002968185,1.1642275848673518,4
6.020790809850216,5.899436070373256,-0.5741506156268008,-0.45441310995284967,0.020438154716677225,0.008856081361528835,1.1689503364651135,4
6.037468900736227,5.93700006054038,-0.5242606152628235,-0.4449668448692259,0.02603706782184608,-0.0050338725444198495,1.150680057844282,4
6.05414699162224,5.960375235970564,-0.5045470752686834,-0.44645337077522496,0.01425628511601734,0.014918780944477522,1.180965531252373,4
6.070825082508251,5.971288246385653,-0.5308267988339823,-0.41863440853999734,0.022754304552729445,-0.011530702132108842,1.1739242506572063,4
6.087503173394262,6.071524018798023,-0.6119829518746167,-0.4964260014268189,0.030735496647739766,-0.02090370394370102,1.171419111595332,4
6.104181264280275,6.071524020640671,-0.6119829511484811,-0.49642600117411395,0.03073550329654529,-0.020903708390016578,1.1714191104029166,4
6.120859355166286,6.055562040346128,-0.5657484891080609,-0.4355734288560411,0.03089089390615502,-0.017216905931321157,1.1634084929854192,4
6.137537446052298,6.0332338976345286,-0.4834123043726797,-0.3987156078580194,0.02342240401225819,-0.017871809308990225,1.1781258279242488,4
6.15421553693831,6.0044829552269,-0.5094297693924363,-0.42454319511401306,0.010343236999387197,-0.016237448925626695,1.1789957191211113,4
6.170893627824321,6.114072052224911,-0.6059660725783704,-0.5404247432603739,0.01996605360722112,-0.014030835225023295,1.1755474862209936,4
6.187571718710333,5.951715091055581,-0.44411662420569065,-0.30844918040838976,0.011716515504081978,-0.02733918590162991,1.189691833848599,4
6.2042498095963445,5.877904974260789,-0.43788414941397913,-0.36251678299585355,0.008585188547069796,0.011945655503134138,1.1807720834188113,4
6.220927900482356,5.770093409326259,-0.4833737924534971,-0.35503176156970184,0.01928832467000337,0.013716457309424215,1.183341895607502,4
6.237605991368368,5.3284985987642415,-0.13996089245961074,-0.08114382198523096,0.018064639290768014,-0.007279984873029384,1.2068360198408903,4
6.2542840822543795,5.362849168448096,-0.47551678581986945,-0.37652201648300454,0.021914689490895544,0.0017795157026980406,1.2344748188931367,4
6.270962173140391,5.200159513588273,-0.5035281960104869,-0.5018290924526461,0.01956361440912917,0.02730314350639255,1.252196104395303,4
6.287640264026403,4.911373938563142,-0.511115803147818,-0.47461790761484557,0.015587614428001438,0.009416677240578653,1.2695289382342345,4
6.304318354912414,4.61780360858059,-0.5453970903333636,-0.4604551147547975,0.010081321432952687,-0.000911653000321362,1.2934895564250248,4
6.320996445798427,4.238198796478841,-0.341629241222857,-0.3267228705767786,0.02553013006940942,0.005661093078588184,1.317761356449697,4
6.337674536684438,3.9194143688362364,-0.3714794096462408,-0.3210110095418861,0.025789868364330195,-0.010071022953034513,1.3206399480380502,4
6.354352627570449,3.5829916428303408,-0.3586826020962879,-0.27835544781963373,0.017643062010906218,-0.012148439550033528,1.3430208548384908,4
6.371030718456462,3.5125300900034806,-0.5399451753706345,-0.4986895629358399,0.03191706452440968,-0.015046555189494003,1.375481942731838,4
6.387708809342473,3.0188709937709706,-0.2969657600445217,-0.2076009236838593,0.01315719540716728,0.006249945354466583,1.4050365557628683,4
6.404386900228484,2.7688135407007275,-0.35851481749772995,-0.28401264614784627,0.004195075178843623,0.0013184587574046388,1.4218810012817293,4
6.421064991114497,2.424986749841201,-0.39389398576968904,-0.31200506937770534,0.020608816090808623,0.009064818723542709,1.4031488222721011,4
6.437743082000508,2.1484007467432518,-0.39021791179258747,-0.33600210905781225,0.015550304750576617,-0.011368356167934714,1.439861785544273,4
6.45442117288652,1.8430770369533829,-0.3836154081982558,-0.28592761671171996,0.031985266055394174,0.002546495722325223,1.4412775215440636,4
6.4710992637725315,1.6771672649025542,-0.6047055282963485,-0.5761813209932284,0.01904734495378758,0.007024659442074223,1.4819078650891813,4
6.487777354658543,1.26921489375496,-0.49501701400842135,-0.5098654408375644,0.023058576606295872,0.03982859429052657,1.5069772956477763,4
6.504455445544555,1.2089771223299595,-0.6707276213972909,-0.6585034536394244,0.02891255559664695,-0.004301464189479541,1.4949006305395858,4
6.5211335364305665,0.7096088618360803,-0.32152280085787116,-0.2544878150209744,-0.005733597325383904,-0.01080591123432712,1.4776416631191183,4
6.537811627316578,0.6011802206429756,-0.4078416662742326,-0.3180435502287581,0.011756515449041402,0.012687182055001231,1.4887449506917574,4
6.55448971820259,0.49193093027920926,-0.4178000505797076,-0.44095313693174504,0.004740841071945888,-0.018071430200458358,1.4504756530041678,4
6.571167809088601,0.41020264858591,-0.4755518109547914,-0.47834992651780717,0.012078966597406034,0.002301470241726198,1.4399021013464919,4
6.587845899974613,0.35316159595564234,-0.5786896419536172,-0.5590377662912811,0.017466382941305026,-0.009115781757309191,1.4203929791429228,4
6.604523990860625,0.12117518188961002,-0.4405133750036419,-0.37580092902780055,-0.0038390186487480883,0.019479938723737544,1.4092312031738359,4
6.621202081746636,0.07704218623843004,-0.40652058189330875,-0.37682685953089656,0.021825621599017686,0.010108285033202491,1.3748313227986078,4
6.637880172632649,0.003582904028347933,-0.43873881628704114,-0.4084416206088818,0.01106051691636873,0.00493801333051839,1.3560236424557632,4
6.65455826351866,-0.34531610099868015,-0.2940044574872962,-0.30114846027288,0.01230307788763652,0.006256586192067786,1.3318710242277503,4
6.671236354404671,-0.45975200283095996,-0.26198491294995135,-0.19692888502471428,0.004153146740990466,-0.02948295432825808,1.315940692582384,4
6.687914445290684,-0.3493231517053326,-0.48808534223764516,-0.4927769729466467,0.017072253918534383,-0.015431593849943439,1.2958431537239197,4
6.704592536176695,-0.29652247145625893,-0.5627582654550547,-0.5917511083384883,0.012365786517808428,0.010488287028235758,1.2950301148523509,4
6.721270627062706,-0.43037754886100044,-0.46631938309113263,-0.4834566374015318,0.014877878102545511,0.020094147834725348,1.2639339926083093,4
6.7379487179487185,-0.6198594070460346,-0.3516455742310501,-0.3859751780001678,0.004570008595481781,-0.004961136067866619,1.2286171326796278,4
6.75462680883473,-0.5001872827140259,-0.5977815684563426,-0.5510742370218289,0.027428450991042335,-0.021629922119950698,1.2009435088719913,4
6.771304899720741,-0.7523171254005199,-0.2876370924807758,-0.37589277028807183,-0.00359777610252286,-0.010945541066669418,1.1795679889559831,4
6.7879829906067535,-0.8615329677227483,-0.18524845154461683,-0.2546646656646608,-0.011511531981455705,-0.016126797864490554,1.157751289735703,4
6.804661081492765,-0.7920306953540958,-0.3304750935320325,-0.37954427834915655,0.002279969582788727,0.000184781815555315,1.145963266143777,4
6.821339172378777,-0.7343261426741011,-0.40284552611685714,-0.5034632517496408,-0.0007891854689787221,0.011550505098117671,1.1352315318389692,4
6.838017263264788,-0.9670389476980916,-0.12605819955473266,-0.23763193956285658,-0.013086266659722762,-0.01029276967955703,1.1045119841045532,4
6.8546953541508,-0.9918314163976026,-0.1570593817853606,-0.26605081745643744,-0.015694459684045415,0.0007840574696424283,1.0815545773070707,4
6.871373445036812,-0.8577361823465471,-0.3199251467754631,-0.45853367730443373,0.012373871203338783,0.021472956564966925,1.0693070564880427,4
6.888051535922823,-0.9451974038986579,-0.37486577082124545,-0.4950849093853097,0.01799786212532937,-0.022911714418257328,1.0232013150903507,4
6.904729626808835,-1.018869432271478,-0.34967600933679555,-0.4160787436950263,0.025021029799330987,-0.017705774789886705,0.985424999168808,4
6.921407717694847,-1.140507847299808,-0.24136807848524713,-0.2846422498843713,0.009904986480916535,-0.00716003831233507,1.003652586532132,4
6.938085808580858,-1.1258338502240184,-0.23388998571806682,-0.3356775091970182,0.015104222464027652,0.0031883595853561693,0.9825931881041153,4
6.95476389946687,-0.9246006105376069,-0.3778297773048805,-0.529883915550466,0.036230208326292146,0.0013177001768962821,0.9691881919317645,4
6.971441990352882,-0.9071485058196289,-0.536064417456595,-0.6367004553785733,0.030944539537456184,-0.019677812289804662,0.932413284593483,4
6.988120081238893,-1.0003742038121313,-0.45472131747197836,-0.5116420382930801,0.03608224798723896,-0.020938999552609104,0.9349605173750889,4
7.0047981721249055,-1.1700858756274715,-0.32258495536985615,-0.3880749988385406,0.026659587421767304,-0.006207067205568087,0.9278928258945244,4
7.021476263010917,-1.112705192610768,-0.42077242671680726,-0.4293198669604076,0.04173922501140277,0.005161983031767434,0.9092840341847502,4
7.038154353896928,-1.032891472305628,-0.4416177766567899,-0.48590572040779584,0.04868617870651823,-0.025521798293951004,0.8996067722030462,4
7.0548324447829405,-1.1075292721887706,-0.38777031273342344,-0.41477956069725014,0.033241874496071924,-0.0281288131645297,0.8849012464775707,4
7.071510535668952,-1.1732535776172834,-0.13722276196448766,-0.15475155491814443,0.01666750995670643,-0.020760066743215483,0.8683998775246586,4
7.088188626554963,-0.8488007346462549,-0.3997551627205851,-0.43898582536457886,0.03695114518809602,-0.01721408236989246,0.8380242492529401,4
7.104866717440975,-0.6822187656027456,-0.4186305901787191,-0.444988947521442,0.016697805780281304,-0.024805837681000992,0.7892703288309211,4
7.121544808326987,-0.4552915092455303,-0.3902438978506399,-0.4289085856360657,0.011197402029109986,-0.03612705621067443,0.7496931056489945,4
7.138222899212999,-0.23910103251441434,-0.24296428128409991,-0.3585201951854813,0.0019833201546996947,-0.014786918475443169,0.6882445733174968,4
7.15490099009901,0.16468384075554163,-0.36447899438535486,-0.4551082557604129,0.005300207294954624,-0.0108134492320402,0.6335811418086187,4
7.171579080985022,0.40670294279260394,-0.26880644950714705,-0.3845354251837728,-0.01907978111365502,-0.02042918011221455,0.5796919452796141,4
7.188257171871034,0.905718158453743,-0.457327315363912,-0.47085796560528215,0.01688315657147924,-0.03515486669646588,0.5053324486487117,4
7.204935262757045,1.1201395714118503,-0.20742007081851555,-0.265609752944326,-0.0029606560755325202,-0.046601349509143755,0.45210079007633686,4
7.221613353643057,1.5231373438808598,-0.16622983275234754,-0.23889770642267366,-0.01959405983351216,-0.021943387392081563,0.39306843326224267,4
7.238291444529069,2.1573225819652193,-0.3120891650473697,-0.44793443195537697,0.004788788854275962,-0.03919448345785729,0.3164354632742124,4
7.25496953541508,2.5776577037725117,-0.37085750881610813,-0.41320963358029583,0.007126016187579731,-0.0035522557504447504,0.24519344591509612,4
7.271647626301092,2.8628981769982262,-0.02580550338280574,-0.11638375253259192,-0.01795150275774404,-0.030436447582142062,0.17347377166116848,4
7.288325717187104,3.4395878329696608,-0.10967581086717226,-0.18753597177044823,-0.031645952060268726,-0.04935678640118787,0.11217267987596702,4
7.305003808073115,4.003511847953192,-0.15943014910710196,-0.27334683152365225,-0.02266648077421885,-0.016153016886570837,0.032777284746214774,4
7.3216818989591275,4.6590599425783825,-0.23799669324861594,-0.42762512413279485,-0.010949763411145787,-0.04068101737823444,-0.0801614662398283,4
7.338359989845139,4.889421520763023,0.09586972417998796,-0.012935555540367183,-0.060865044065394544,-0.04170204117775726,-0.12605102893195405,4
7.35503808073115,5.5036865335484,-0.1329302245211339,-0.1585221928012066,-0.014621039715655815,-0.05119446996248161,-0.2141761383220324,4
7.371716171617162,6.11355902881186,-0.23501259516080686,-0.22656356501750885,-0.004604709096477592,-0.023474111031847822,-0.26719804560683846,4
7.388394262503174,6.6154595692904214,-0.18033589102728387,-0.12365152687008063,-0.03819068454185661,-0.022678969398277786,-0.318016598040089,4
7.405072353389185,7.081986135350561,-0.15263854598167126,-0.03397228461398871,0.008626729821593208,-0.034179307977288666,-0.39850880811113515,4
7.421750444275197,7.42936062133074,0.12402034582626698,0.2344961429841783,-0.025140267488169395,-0.06718290822797322,-0.46099254279625135,4
7.438428535161209,8.011637566614192,0.0457201836907819,0.09425785895389671,-0.0452191082851688,-0.03244474607214356,-0.49929964171946045,4
7.45510662604722,8.522912115196583,0.06484517931498424,0.029249784610079654,-0.051554873489135754,-0.03196635827352767,-0.5560795279389608,4
7.471784716933232,9.242142250166761,-0.06641627067616707,-0.06802609808345794,-0.03665469716264826,-0.022779091387925415,-0.6021831679459713,4
7.488462807819244,9.712369817811256,0.018796296362912468,-0.048103211347477526,-0.021054778968175106,-0.06083196458629364,-0.6785967531339089,4
7.505140898705256,10.029033997524591,0.19545829169713258,0.05439200650376774,-0.07037275334104506,-0.05333782889053552,-0.7261048253114721,4
7.521818989591267,10.384693592688768,0.21611341095428171,0.2730542368540001,-0.056235928270426803,-0.02209136429297294,-0.7464314823306043,4
7.538497080477279,10.96738433270136,0.17710057528661016,0.15671712773512603,-0.0637235918648357,-0.0065946245723243445,-0.7675352695202282,4
7.555175171363291,11.329414249207803,0.2321197947023088,0.2432237742553589,-0.05797186840636384,-0.01420426419343784,-0.7811810352396912,4
7.571853262249302,11.77241543256121,0.08641797198678125,0.06553195042205529,-0.05028587173223189,-0.04924882413828019,-0.8072345538324716,4
7.588531353135314,12.070958278034135,0.10137523885773758,0.20689451246860324,-0.07648792174678878,-0.00741216540351785,-0.8045752339693347,4
7.605209444021326,12.390780627289026,0.20012908061696688,0.2470396743620169,-0.05568709720930635,-0.001095242341361297,-0.7905464527445993,4
7.621887534907337,12.737276584125437,0.2020226543058694,0.27922057981673243,-0.07268035602829313,-0.05740038684740869,-0.8105085724252832,4
7.6385656257933485,13.120311501000613,0.20902448224362136,0.2241249264166707,-0.10373057674767747,-0.023080366982307282,-0.7890585119097258,4
7.655243716679361,13.477891122999392,0.19102643700543576,0.27110365146104476,-0.06885110783372843,-0.037111243879244506,-0.8007335116403091,4
7.671921807565372,13.828255192862926,0.16983655280769971,0.29652802861693406,-0.026995457127529435,-0.020723733988229295,-0.8028176689417641,4
7.688599898451384,14.212306762346572,-0.005075990674770381,0.15694465017224335,-0.040409257474512884,-0.033273940693897865,-0.7857043260689291,4
7.705277989337396,14.437027934109178,0.1725542373578861,0.29163731632483714,-0.05746193114391474,-0.037079418167862054,-0.7933142276706349,4
7.721956080223407,14.95800041525849,-0.04678726671029931,0.15206002794939177,-0.039328394375960675,-0.02871260155624893,-0.7981994743505165,4
7.738634171109419,15.330908061041386,-0.07423038180983799,0.03285831512962467,-0.051515501533349946,-0.012541427838928438,-0.7631132978343163,4
7.755312261995431,15.72966013461374,-0.1520150587115756,0.04481279926563264,-0.04262577418072175,-0.010799817735115827,-0.7740602806759245,4
7.771990352881442,15.806646205698913,-0.0033534092378699754,0.19205125182516358,-0.03894679892338683,-0.019797919111376433,-0.7864573797867958,4
7.788668443767454,16.214226377573755,-0.11734990699777459,0.05285909237544306,-0.04329349682832544,-0.022331289160762484,-0.7511367798864467,4
7.805346534653466,16.393009429158564,0.008740238943819811,0.18130708663117723,-0.031310964667370586,-0.048757048776766676,-0.7413157304382127,4
7.822024625539478,16.634540085399248,-0.11872021065411342,0.09997229614892422,-0.04073646309075395,-0.0483173435484859,-0.7332899692048552,4
7.838702716425489,16.880662379737846,-0.06742426181590666,0.19399848144830045,-0.05650428922016858,-0.021666270941226418,-0.711491290965129,4
7.855380807311501,17.113431508451455,-0.14602429093324432,0.12374072992037455,-0.023079327551932757,-0.03587063882988162,-0.7040021224979093,4
7.872058898197513,17.34710288930974,-0.21338376787742508,0.03444331534216172,-0.026377133329841866,-0.02436067788323059,-0.6994820850138063,4
7.888736989083524,17.615411025972445,-0.256883917857726,-0.06158522342691786,-0.028677454867133884,-0.037229977457325106,-0.6693494907795146,4
7.9054150799695355,17.77591751080197,-0.27795135812704164,-0.03621812516104317,-0.04491281496173149,-0.003192416153100166,-0.6306188509966294,4
7.922093170855548,17.786189656832903,-0.008102365155018276,0.21774756255234884,-0.03116229031904217,-0.04869090824344658,-0.6217973545966767,4
7.938771261741559,18.094560769850933,-0.31840968410863546,-0.153295737839529,-0.027276262114404884,0.0009344730496407619,-0.5807607526652717,4
7.9554493526275705,17.993274491584515,-0.1374946393002876,0.12814818349314994,-0.03894095404204459,-0.028639006821629513,-0.5407881912461574,4
7.972127443513583,18.165240547422908,-0.28611929296779515,-0.05118366867038571,-0.04055328245196691,-0.0013790917586851833,-0.5062700743403451,4
7.988805534399594,17.926061084543274,-0.1553966425926312,0.15147505627730062,-0.04963009616191186,-0.02155999574273992,-0.4529295496766377,4
8.005483625285606,17.93269249671767,-0.07191546518973713,0.1542370560880908,-0.03600110474572616,-0.015020820333008444,-0.39765064338297046,4
8.022161716171617,17.968681652105833,-0.059851825559283256,0.1402364744510125,-0.04286102523770451,-0.0033097507429405517,-0.3775584408427203,4
8.038839807057629,18.027829080344098,-0.24695441686893194,-0.000792264008258492,-0.023035620925041824,0.012367385684716688,-0.3084682543299643,4
8.055517897943641,17.874652823975627,-0.08722226893372564,0.10127695630462341,-0.02237173382357897,-0.02424181687395414,-0.24382879770763122,4
8.072195988829652,17.67346432079001,-0.16064505445649768,0.14018278348308932,-0.05341503300196334,-0.0007696609918455576,-0.13471741413023755,4
8.088874079715664,17.33618321726822,-0.15680769084563373,0.19950754795913106,-0.04647130359744397,0.010685342762797314,-0.05673107472070996,4
8.105552170601676,17.138145744022665,-0.1801453666374675,0.14841867812885567,-0.016461684072622714,-0.0024082433884341546,0.01718032584672954,4
8.122230261487688,16.619020989357818,-0.06282063882177358,0.27077850222993405,-0.03970891249956844,0.010413531489118721,0.14401718516571754,4
8.138908352373699,16.29508590328716,-0.1408710929822723,0.1532699076227111,-0.023995395171494203,-0.014549403645448664,0.2371485474614311,4
8.155586443259711,15.727918098504725,-0.08157503352145845,0.19930323236130043,-0.010946404422497997,0.003194975963360527,0.3695982919738654,4
8.172264534145723,15.347966980104099,-0.403720771530077,-0.08467994301279269,0.008076661784071728,0.011741809072915669,0.4973125629818778,4
8.188942625031734,14.636032844510943,-0.16594587051475962,0.09361470416209094,-0.0014196676479898147,-0.007837589227573643,0.6310055626985385,4
8.205620715917746,14.028476811186914,-0.2619571613348639,-0.032419396619284946,-0.0028457588386863403,0.01122331529009419,0.7754180003406302,4
8.222298806803758,13.348885024515862,-0.3527824604732799,-0.016259870462454806,0.011120292458499733,0.015784112982081128,0.9217968375773886,4
8.238976897689769,12.613977755867296,-0.3671923941330113,-0.09706622405562326,0.04011520392361284,-0.017882969391466122,1.0183737361714922,4
8.255654988575781,11.967168514693451,-0.36830502315586244,-0.12034275622196233,0.029551292018144344,0.020280413064578007,1.1779961336989775,4
8.272333079461793,11.079673619398749,-0.3646557359807714,-0.11115299845080262,0.0014537461342914648,0.0031369912325358335,1.295885420508902,4
8.289011170347804,10.461542822730847,-0.49231834381424333,-0.22514907675426166,0.027064524110763613,-0.006431984735422885,1.4040355625459884,4
8.305689261233816,9.631107320386223,-0.4179319081995643,-0.22463378664069333,0.025615513642349565,0.01278982376474395,1.5458836220270429,4
8.322367352119828,8.7916967823048,-0.4509673089121575,-0.28737211071066193,0.0062061700874105185,0.02810658255513973,1.6726091747908987,4
8.339045443005839,7.922677458776718,-0.5501965146778125,-0.3924171957724374,0.04198599211636888,0.027247287749843,1.7977112247971152,4
8.355723533891851,7.0326180092947626,-0.40214542175503154,-0.29362971236456614,0.01068780597031757,0.02843037372936561,1.9079752598825408,4
8.372401624777863,6.159238023654621,-0.522785292149285,-0.36380939465710393,0.008533299147954615,0.011304901163410451,2.0224898498803356,4
8.389079715663874,5.317078133056255,-0.5677090512311824,-0.4492117843542085,0.035965500015431535,0.018741630177669038,2.139417327740563,4
8.405757806549886,4.331751031370537,-0.5081540312783228,-0.47208730827905643,0.035613602322265965,0.03062642626968638,2.271688869034247,4
8.422435897435898,3.3490074084595127,-0.6643871045088703,-0.47999739687968246,0.03256288704368449,-0.018977117994140064,2.3455276520719837,4
8.43911398832191,2.464017641211454,-0.60879172582418,-0.5330309048189228,0.03715096010360736,0.0010491291250543753,2.4633282973012616,4
8.45579207920792,1.6440585459040018,-0.8246586471922808,-0.6871594653730495,0.03884950875230626,0.013162298509702589,2.564618757421472,4
8.472470170093933,0.6464411771006399,-0.8382267733302718,-0.6165202995989725,0.06741840159270499,0.047432427914897206,2.653355478376146,4
8.489148260979945,-0.43884349463602956,-0.8577115879872705,-0.6562024339882988,0.06163746396529196,0.03526596406322304,2.7489180253238032,4
8.505826351865956,-1.270407255110429,-0.8939496202509362,-0.7678085840428437,0.0509974929613525,0.05884256354592137,2.8478627566893353,4
8.522504442751968,-2.5107861607551967,-0.6709023187206431,-0.5009407557383418,0.050529946435673156,0.0002997098924105604,2.902847899848266,4
8.53918253363798,-3.355520146871741,-0.7836295489226666,-0.7717526504370656,0.07226176410219311,0.03558727917617094,2.9743333819235978,4
8.55586062452399,-4.278406119712425,-0.9175892874425964,-0.9395172676303845,0.09204559662670019,0.010953668076683796,3.0104391880193315,4
8.572538715410003,-5.243151139333545,-0.9395961117354882,-0.9897641979556389,0.10530618279001443,0.04773102035276548,3.064081623461147,4
8.589216806296015,-6.252691366414205,-0.853153553310352,-0.9787069157821588,0.09762407764422862,0.009362104193009393,3.1210807296729324,4
8.605894897182026,-7.261801714684091,-0.8564196339025907,-1.140564838745805,0.10310414300428718,0.051087846293558926,3.169504351975623,4
8.622572988068038,-8.346359359088915,-0.9495466418362111,-1.197998416765044,0.09763881093701872,0.02509692213576929,3.1964506728406166,4
8.63925107895405,-9.358019489534717,-0.8639192558370543,-1.13215261079979,0.10130654601565457,0.020028201689596337,3.2280512769104934,4
8.65592916984006,-10.712401582414218,-0.6621532267330541,-0.9317202620019764,0.07381044385908618,0.0630691459088274,3.2922006345342356,4
8.672607260726073,-11.629534148530196,-0.8255439177170785,-1.0951191922889545,0.08245704555051,0.030556716018596,3.313473090223165,4
8.689285351612085,-12.562680126887358,-1.005669280714069,-1.3055030690054723,0.1135758198235813,0.022709139172464858,3.342728439460254,4
8.705963442498096,-13.762403883038356,-0.9358210138659913,-1.2436729922355632,0.1069936434626479,0.03351075263264121,3.352422149545585,4
8.722641533384108,-14.94733827250176,-0.9000557073192823,-1.2549331303346265,0.11916158105926873,0.019245665391106077,3.405841583739896,4
8.73931962427012,-16.051264695951154,-0.8537137607882808,-1.161057454037298,0.11162651130746681,0.030302141702863303,3.4223973878730796,4
8.75599771515613,-17.353980955602076,-0.7409953013211164,-1.1101978297432993,0.10635091655066298,0.04188665505910796,3.4481200606375833,4
8.772675806042143,-18.427397729105994,-0.8074755145203341,-1.2460440352168645,0.11370864183018117,0.023954014702414886,3.4682570818162115,4
8.789353896928155,-19.4749836108522,-0.9830153991352741,-1.4906525515036702,0.10453522461703438,0.04409012658261983,3.484026576032704,4
8.806031987814167,-20.785936209894334,-0.7646129327985518,-1.221216825364042,0.09053770775888444,0.04673524926951258,3.5055265314608466,4
8.822710078700178,-21.75119402177996,-0.9396733766360388,-1.4072663385482462,0.09866360888205138,0.06093229751099661,3.5276550211541116,4
8.83938816958619,-22.921358748085023,-0.9911313209144081,-1.4299336716745534,0.10745203670148433,0.032659932480268744,3.530202001934164,4
8.856066260472202,-23.978482162686987,-0.8564015020555207,-1.3005132405803232,0.09582884522269512,0.017248626792768285,3.5195818419874154,4
8.872744351358213,-24.763733860312918,-1.1610410146471084,-1.5905889647081306,0.1391473319026882,0.03806243968684901,3.507754696856,4
8.889422442244225,-25.82577327032749,-0.9652652530459411,-1.4224921802653911,0.10961330709223005,0.027410456265246328,3.497295070302129,4
8.906100533130237,-26.885032553063166,-0.8692575122408401,-1.3630399033620018,0.10770432807930565,0.03966892010973997,3.506138930173517,4
8.922778624016248,-27.800169581010273,-0.7903726182052386,-1.3937240019098134,0.0972728263936629,0.02328888869881742,3.473607862128148,4
8.93945671490226,-28.577824355254457,-0.922765330090046,-1.555263600877427,0.11043511243349777,0.04305112616151057,3.447994669361681,4
8.956134805788272,-29.33157945981361,-1.0657164870061324,-1.666457115846839,0.12215265754676048,0.029896448895511827,3.413842629539297,4
8.972812896674283,-30.30934924697535,-0.9123972834649647,-1.5177977764333974,0.10392303872792027,0.04258101469184771,3.3901686701334155,4
8.989490987560295,-31.078408808007396,-0.9144220899994817,-1.4770965431951062,0.13731846572818157,0.03931513988657803,3.3367551056995852,4
9.006169078446307,-31.714360387500726,-0.9595913682880113,-1.544299380490509,0.1420561351509385,0.017245195034500706,3.274494612677728,4
9.022847169332318,-32.40193747206454,-0.8627286602597142,-1.4926044041743616,0.1221108786885127,0.0206922267955618,3.209727297578905,4
9.03952526021833,-33.02015376536709,-0.8261313979916416,-1.4930385862552757,0.12249572670535522,0.03429299521780649,3.1496344576914224,4
9.056203351104342,-33.60861011440884,-0.7830047351070544,-1.4848192498009443,0.08669437135071795,0.003471922373022073,3.0931251438631477,4
9.072881441990353,-33.9941750025206,-1.0053029156082012,-1.6487568960005898,0.11842464757813541,0.037845008406800516,3.0243929509628615,4
9.089559532876365,-34.7461754638578,-0.8114552354608637,-1.4535233267638237,0.09385948222077371,0.010834911760932042,2.933468165490689,4
9.106237623762377,-35.06965021461616,-0.8750576919180979,-1.5807931313576962,0.08429576190322308,0.040168351545397926,2.86072089558537,4
9.12291571464839,-35.44315212949506,-0.9068556587291976,-1.5842154534924138,0.13288569352686097,0.02289030907199938,2.745706393397765,4
9.1395938055344,-35.98631120621695,-0.7016071398007231,-1.3767931921043708,0.08961005066223057,-0.005917015744643238,2.6427436163012867,4
9.156271896420412,-36.25651356286584,-0.8559355485709119,-1.5924700641560037,0.09252810846136081,-0.002160313852349884,2.539890320404173,4
9.172949987306424,-36.59759368359949,-0.7400112169482949,-1.5002910652970751,0.08576038424400581,0.01555969562536863,2.406595867973196,4
9.189628078192435,-36.9108445223847,-0.7389679421386504,-1.4708488916333184,0.08391426130436107,0.0167981802734405,2.264746442082484,4
9.206306169078447,-37.16694880121658,-0.7044889267311945,-1.5276935440939514,0.07003554705079712,0.025524824585483507,2.153768440882341,4
9.22298425996446,-37.42668281165877,-0.611200912751146,-1.4717311469212895,0.0614771089091425,0.008059401224156664,1.9861281144256544,4
9.23966235085047,-37.569340884642976,-0.6762875620870368,-1.5273087027878613,0.09818310810878306,0.030219855536276173,1.8361138936735868,4
9.256340441736482,-37.702532496741426,-0.7213617024422909,-1.5572859020222651,0.08063607216200352,0.02222343103482981,1.6770555002240515,4
9.273018532622494,-38.04649417387381,-0.4326024341169994,-1.2829173945025083,0.07564651030207312,0.002064169044391104,1.4731018535038378,4
9.289696623508505,-38.198543455763776,-0.34916232530715874,-1.0722916895480008,0.069201493368005,-0.011740860232169501,1.2714646901140647,4
9.306374714394517,-38.332382907355544,-0.35290889823017757,-1.198211366826909,0.038741349747662385,0.012723198676105024,1.075088555452393,4
9.323052805280529,-38.198433208511396,-0.5681726232359399,-1.3611901226105,0.0712508079700232,-0.00550062091726485,0.8624378441185652,4
9.33973089616654,-38.27993100835332,-0.40825348327841304,-1.2634801317643891,0.07444575837372991,-0.002453769915958455,0.6411789600610828,4
9.356408987052552,-38.38211760784678,-0.374122377758054,-1.164126135858785,0.03355763776244894,-0.0011057899496599603,0.43653900494141235,4
9.373087077938564,-38.487514792620004,-0.2694021526202395,-1.0126408630816393,0.05386962213062542,0.014622655864047344,0.17917228203003227,4
9.389765168824574,-38.68047103820925,0.10539546249894371,-0.7728833484021234,0.014183989943669378,-0.0362886163124527,-0.06040707468544861,4
9.406443259710587,-38.43038373251608,-0.26604777051568185,-1.0501460420233588,0.03481426470004123,-0.03233774635089046,-0.32356149388434574,4
9.423121350596599,-38.29189126086963,-0.19553850438034104,-1.0876667678349055,0.017222893585420153,0.004474313318863037,-0.6015794272361343,4
9.43979944148261,-38.28650280520937,0.06818669215474493,-0.876402893007505,-0.005560991118612896,0.004581465094861586,-0.8928222221625179,4
9.456477532368622,-38.09895218057136,0.029355678394246354,-0.8852207300074717,0.016250518773869623,-0.015533176229036173,-1.1970475464852242,4
9.473155623254634,-37.85377190171222,0.1087466683272389,-0.7340226446558855,-0.026669814606633372,-0.007622654045735928,-1.5235826983075476,4
9.489833714140646,-37.475808600865975,0.031985433747539815,-0.8522310017382217,-0.01298637892580203,-0.04290455055339923,-1.8969074516119613,4
9.506511805026657,-36.726101511644046,-0.5834811975737733,-1.416315959673538,0.05402198633596601,-0.07834469803637104,-2.2843558747097763,4
9.523189895912669,-36.17023843825545,-0.7529267474805028,-1.593612345577439,0.05475054101544806,-0.12157536763522478,-2.674357437892067,4
9.539867986798681,-35.76797019825029,-0.8162693578756812,-1.692069070976336,0.07346918224351186,-0.1660910129609146,-3.074669664400762,4
9.556546077684692,-29.341147958642534,-12.859160855011288,-15.235198320040505,1.3186061631733244,-1.9047531183173538,-4.472524321302316,3
9.573224168570704,-29.014000041187717,-12.577280375434892,-14.876892342075323,1.2486212343073533,-1.8718076092057758,-4.878226682203391,3
9.589902259456716,-28.76603871055709,-11.992284656098393,-14.301146566266251,1.205859744991135,-1.8622927253881165,-5.283312601237153,3
9.606580350342727,-28.32092126506222,-11.771213044204197,-14.149748139495532,1.1874062673751369,-1.8905575816574491,-5.713584478162248,3
9.623258441228739,-28.009575194719254,-11.317762229250606,-13.65020556249225,1.1448712105340684,-1.9142323476876022,-6.117304096050753,3
9.639936532114751,-27.418181587720074,-10.956242440095465,-13.390544647316249,1.09497334594982,-1.925421010881854,-6.530143289068103,3
9.656614623000761,-26.834960885069165,-10.901820733598177,-13.215208536256725,1.1079906498297396,-1.9014470707019482,-6.936909622607226,3
9.673292713886774,-26.502970582278916,-10.227696886172637,-12.51926283872077,1.0229956335341357,-1.890294533566212,-7.284773341397438,3
9.689970804772786,-25.739498268061237,-10.070077859220024,-12.319809708285737,1.049222408972765,-1.8595403976295217,-7.675338010920193,3
9.706648895658796,-25.045781468279895,-9.852834021444131,-12.205872029174873,1.0194504631028054,-1.9218805594630441,-8.021266311896733,3
9.723326986544809,-24.562916673637073,-9.58419766499699,-11.678070202232222,0.9749508869344428,-1.8394757242345023,-8.313417578810878,3
9.740005077430821,-24.010600910339093,-9.42333091145407,-11.609066112447236,0.9865423470648798,-1.9102605539055713,-8.635392307741107,3
9.756683168316831,-23.4056425900411,-9.308269930722656,-11.495346539547421,0.9494683243662492,-1.895677548365468,-8.904073300988673,3
9.773361259202844,-22.735121238383485,-8.895732117054868,-11.092580140561362,0.9132605628012124,-1.8658371532066464,-9.142196902078622,3
9.790039350088856,-21.988355144916262,-8.78217488983205,-11.03221014956391,0.8999353572010685,-1.8167335113682064,-9.38507288497627,3
9.806717440974868,-21.262604591558766,-8.654777543691363,-10.947099365793585,0.8799014920293112,-1.860629430357344,-9.627980160376067,3
9.823395531860879,-20.82051363378392,-8.228104293963383,-10.577839960302345,0.8642218836045953,-1.8887506454389857,-9.816431514680996,3
9.84007362274689,-20.01483451408736,-8.287511315090695,-10.532502107254684,0.8615087573905662,-1.8916232076095891,-10.023092535055207,3
9.856751713632903,-19.322526190789382,-8.237123548857564,-10.341637491241238,0.8745299560254581,-1.9075756236521615,-10.213514473887638,3
9.873429804518913,-18.587364209161944,-8.248170949899356,-10.428907545108359,0.8647865634847062,-1.8778607888258507,-10.33907065237238,3
9.890107895404926,-18.073502322190976,-7.943795278485526,-10.069759461891259,0.8308740096847007,-1.857284296641623,-10.402232281191754,3
9.906785986290938,-17.224717715347982,-8.115848500849216,-10.221427637494738,0.8597232398471429,-1.8715093159891616,-10.526986802983105,3
9.923464077176948,-16.597149544079006,-7.81474858267839,-9.907288451645819,0.8175671666323434,-1.845288317774848,-10.566230550354646,3
9.94014216806296,-15.805373804535606,-8.012797615599025,-10.10708999640441,0.8432078930343644,-1.8857201870750293,-10.645731254779824,3
9.956820258948973,-15.157927019123802,-7.890390519366795,-9.94416056090121,0.795557887630502,-1.8258519563216937,-10.631546768318838,3
9.973498349834983,-14.369422640650594,-7.931749233261342,-10.120132150044322,0.8081959754476762,-1.846206643996275,-10.64590900455089,3
9.990176440720996,-13.765205768038225,-7.894667723453245,-9.957374592209165,0.8383062814405793,-1.8923779992312995,-10.632820124668704,3
10.006854531607008,-13.046852004159389,-7.938731920790481,-10.022162043623265,0.8303435679028068,-1.8800782464763335,-10.591044348723313,3
10.023532622493018,-12.47514153493788,-7.849405320625927,-9.83223356489657,0.7795294043316939,-1.8803108104048545,-10.506043379524149,3
10.04021071337903,-11.684664498351047,-8.12025348799921,-10.11159788458161,0.8171916405125335,-1.8830463884444593,-10.44888111447387,3
10.056888804265043,-10.977940002692982,-8.023028424313058,-10.085258413816018,0.814992401279541,-1.875400730298696,-10.349724054797372,3
10.073566895151053,-10.375906290758815,-8.20467287474948,-10.11242439284229,0.8200572130209914,-1.8552852343071382,-10.227278840984708,3
10.090244986037066,-9.808726654068426,-8.065453956491385,-9.966281436061587,0.8377710296618552,-1.8646257587719826,-10.1264078436239,3
10.106923076923078,-8.92624513983882,-8.416399901221485,-10.29720305049305,0.8585848768013752,-1.8793732909658845,-9.974840602865031,3
10.123601167809088,-8.531119906652753,-8.361042955875268,-10.176537952573625,0.8168684490897573,-1.8371503730257017,-9.769111152045669,3
10.1402792586951,-7.705562670674343,-8.61198241877555,-10.437970334778758,0.8932828737535721,-1.8267590371178586,-9.61072256481649,3
10.156957349581113,-7.2454500532450306,-8.408639363081807,-10.296669407954665,0.8603652193997261,-1.858695018510997,-9.398711032814843,3
10.173635440467125,-6.467281615846921,-8.783782502091647,-10.539124712973454,0.8986226675159916,-1.8382078228797198,-9.185531881402467,3
10.190313531353135,-5.989446563954558,-8.623745110346281,-10.46008227071912,0.8818637761495624,-1.837968926319669,-8.918667644455123,3
10.206991622239148,-5.024731142146672,-9.372879070734752,-11.132885673906156,0.9110894873251459,-1.8460609239298529,-8.696758795757061,3
10.22366971312516,-4.5405589189807705,-9.31060005824712,-11.053694645628358,0.931089411016663,-1.8403542261574102,-8.414229742436138,3
10.24034780401117,-3.873254209335302,-9.646134000796405,-11.405333207931967,0.9331755538528747,-1.8440372415722959,-8.10683338619563,3
10.257025894897183,-3.4116653959446213,-9.761101357320968,-11.51060733196871,0.9705625951468833,-1.8333926763667305,-7.789554825070537,3
10.273703985783195,-3.020251828825163,-9.735482517344035,-11.379410227770343,0.9709093332302771,-1.8372014965143693,-7.46928769111762,3
10.290382076669205,-2.410018885326264,-10.052804336245831,-11.71185838392005,0.9991889783363007,-1.8173588231771973,-7.073693577856166,3
10.307060167555218,-1.8208655717047808,-10.416961380408889,-12.095095355750962,1.0032340562712627,-1.8567832843149317,-6.706577732688579,3
10.32373825844123,-6.694755394821026,-0.25426633347744754,-0.493132982460486,-0.04870338794735213,-0.19064879477853988,-5.339806970237605,4
10.34041634932724,-6.462769574014737,-0.18709687616000847,-0.42358548363366455,-0.0312404739039672,-0.13965556233416795,-4.892040495994128,4
10.357094440213253,-6.248175960366047,0.07440495671420111,-0.2056421328336182,-0.05642129082758987,-0.09814448454217943,-4.400631299164711,4
10.373772531099265,-6.176283332482074,0.205759290911955,-0.012650513660061202,-0.07111334284842893,-0.0486157528569368,-3.952477540552217,4
10.390450621985275,-5.997948179938899,0.2548497729803967,0.05194310197701624,-0.053206433195300974,-0.0040660987655652845,-3.4561932676046667,4
10.407128712871287,-6.057803476932217,0.508121585967314,0.3361909820589677,-0.07126563355667538,-0.024266634958278195,-2.9671460118126114,4
10.4238068037573,-5.919608007518731,0.34621991520244055,0.1666642641970717,-0.07149891423546206,-0.021550745891819486,-2.51661973919257,4
10.44048489464331,-5.883375624185266,0.4459417819866234,0.2578402203898351,-0.07442058951414136,-0.018483974623814126,-2.0634579809045186,4
10.457162985529322,-5.752009196061957,0.09203109468999493,-0.07381493480360257,-0.03680819939620841,-0.01867093452194275,-1.6622377119833873,4
10.473841076415335,-5.686513380151867,0.013124732740242395,-0.17407001297202407,-0.014808814141356088,0.001213676260235805,-1.2240016841010626,4
10.490519167301347,-5.86733433325603,-0.02908646637892054,-0.27355015946436656,-0.00477158865527707,-0.022809483961881427,-0.8377275055900593,4
10.507197258187357,-5.864352229919951,-0.14183644278904084,-0.2895001039321201,0.014861149888752858,-0.021872491866174508,-0.42660600357336104,4
10.52387534907337,-5.94501512111631,-0.16152761395889637,-0.23017302190143063,0.01787857700503967,-0.019045078253079946,-0.05514068855918401,4
10.540553439959382,-6.013987573018299,-0.13810821835389397,-0.32861589522290213,-0.002640770177034441,-0.03556398196648728,0.3066791139206553,4
10.557231530845392,-5.886228332217424,-0.37235351979003006,-0.46215475363307323,0.030012125230243648,-0.03366824780553296,0.6206720650985541,4
10.573909621731405,-6.062211410068053,-0.37181336084834116,-0.5333331844588916,0.03715450233830149,-0.021602679428956117,0.948476694158489,4
10.590587712617417,-6.145256971356576,-0.4002255791599514,-0.45681871680549735,0.009177516934304525,-0.006594482157529713,1.2646033785728987,4
10.607265803503427,-6.190045903554224,-0.5618198220089596,-0.6752674217712489,0.03779009017294157,0.023805037199365935,1.568034573529474,4
10.62394389438944,-6.382875073681214,-0.6102260875316374,-0.6496103966758104,0.03509775518715545,-0.020997420692591758,1.820451251023693,4
10.640621985275452,-6.538477069041043,-0.6398091232050502,-0.7296660437119085,0.013093632779470897,0.056836384818288656,2.1416243668841948,4
10.657300076161462,-6.92854111822694,-0.6455443262986686,-0.8839585149717306,0.06759877856617719,-0.009834315938454618,2.3483655974100706,4
10.673978167047474,-7.2400485080518715,-0.7676647206285516,-1.0094842790348746,0.05456390244430822,0.03217599540334215,2.6159437511728876,4
10.690656257933487,-7.75141686387182,-0.659177513077748,-0.8598926133902141,0.038659924315616954,0.029707590159967327,2.843390602986911,4
10.707334348819497,-8.001571143316573,-0.8246940709650714,-1.0674580177224153,0.07077966830071963,0.015475921056212958,3.052222618732388,4
10.72401243970551,-8.496420528228448,-0.9455622860375668,-1.0422503712757398,0.0770751925708513,0.021129461288072037,3.247352946723964,4
10.740690530591522,-8.91108251818285,-0.9428565777290483,-1.1309081258662834,0.0983456708400856,-0.0016953185710121051,3.414236169427957,4
10.757368621477532,-9.246191785339219,-1.0864904111056248,-1.181288634395872,0.09576191523047084,0.03268479098585066,3.55203590268347,4
10.774046712363544,-9.735395711326959,-0.9899859785787251,-1.0280014607327694,0.0700428348596999,0.061115376379195833,3.6946079542343537,4
10.790724803249557,-9.91230434897889,-1.200146646770348,-1.3252031183445108,0.1343798808385624,0.022601769755470444,3.7981125539589686,4
10.807402894135567,-10.453366568967304,-0.9513419656142874,-1.149861114082475,0.08561624615820956,0.03144115115097379,3.9149661305298595,4
10.82408098502158,-10.792436238741843,-1.1636484948286632,-1.2898950016141826,0.09875967210066634,0.024157536961609313,4.007177705253415,4
10.840759075907592,-11.14930714568482,-1.059528081426698,-1.2258923365440988,0.10133838923204237,0.021104397859395017,4.059374039198871,4
10.857437166793604,-11.596771274531227,-1.0383385427243415,-1.2379626294801955,0.09599176016243671,0.039453946384738287,4.1243707912570065,4
10.874115257679614,-11.876480932820119,-1.1992564407568733,-1.4287871694822392,0.12417152151740622,0.02118717051323211,4.131523531448049,4
10.890793348565627,-12.275473415889575,-1.1040831526977488,-1.3961468032473174,0.12839785157468475,0.018328891751186602,4.152187665008352,4
10.907471439451639,-12.638817301842437,-0.9544747237541631,-1.3757409158043363,0.1197854963670046,0.048454517821542475,4.189644745452565,4
10.92414953033765,-13.160190214806173,-0.8938174735886033,-1.3472463620185469,0.11309763904285537,0.049457869513586654,4.205769107595711,4
10.940827621223661,-13.607152087939783,-0.9856665605609427,-1.5264545267296796,0.11965320043142476,0.05334162185303221,4.203996762183142,4
10.957505712109674,-14.175979452492335,-0.8884308554888856,-1.3972533204635105,0.1323724624514401,0.04959312184862589,4.195910730692849,4
10.974183802995684,-14.809127135127568,-0.7830259126692991,-1.3823221620242188,0.09214202841135961,0.031926640949938946,4.2208961999067816,4
10.990861893881696,-15.185636632634843,-0.8883176177580223,-1.4330760613412998,0.13290800192060181,0.03208584189974823,4.196787214881405,4
11.007539984767709,-15.710984489581005,-0.864703096102521,-1.424904386081772,0.11752493024825532,0.05841004184769132,4.2462165140517145,4
11.02421807565372,-16.458124441065117,-0.7057116209037453,-1.2373487031846802,0.08458776629591386,0.05020013896551278,4.233884600037502,4
11.040896166539731,-17.119889185406585,-0.527786583369175,-1.1549935392127466,0.09435798979579856,0.04281631162025822,4.241198709366965,4
11.057574257425744,-17.46241461016045,-0.7565374013811352,-1.3755210357633088,0.1318468294288147,0.02303897243771762,4.223106217572206,4
11.074252348311754,-18.037086909553818,-0.7207178249246571,-1.3311599454442362,0.11528991766368754,0.03601129504918273,4.230857255111893,4
11.090930439197766,-18.56904133174752,-0.7491117742428459,-1.450339008817072,0.10430644951965777,0.05277374617031223,4.21916852802924,4
11.107608530083779,-18.92832210834799,-0.9642362703799296,-1.6522884870625818,0.12073440251895935,0.052157379205245186,4.236671950731776,4
11.124286620969789,-19.463922349360903,-0.9176886287647337,-1.5999088623287978,0.11062876758679109,0.05509483368283794,4.220287193512053,4
11.140964711855801,-20.092829391285196,-0.7229189742860944,-1.4506138915835995,0.12402314019423331,0.0025941985177299746,4.2199624898687595,4
11.157642802741814,-20.502900649787566,-0.8158813808325718,-1.5759564232414132,0.12121741378557023,0.05376956786024975,4.212972583983906,4
11.174320893627826,-20.951655959040384,-0.7408736746186664,-1.4784996238905377,0.11051033081949738,0.037841192917661456,4.22036307141674,4
11.190998984513836,-21.424290202605338,-0.8294526663822737,-1.5430339641969626,0.10724447575211521,0.045400965482581476,4.208126374211024,4
11.207677075399848,-21.746785254279107,-0.9432158483266191,-1.6525732111930793,0.1243227472222292,0.051185877530461596,4.199283527292504,4
11.22435516628586,-22.19868739292761,-0.7840454981357796,-1.5500606161489934,0.11570338183818533,0.05263153504782094,4.218540116259041,4
11.241033257171871,-22.711514396269,-0.6527634521104284,-1.4291606307874671,0.12801480205778848,0.02814572110122332,4.213558438372862,4
11.257711348057883,-22.875626846932658,-0.9211313342894041,-1.7463359984786004,0.14238922653203293,0.07529701698361224,4.220869025515955,4
11.274389438943896,-23.112761522430578,-0.9808438040359242,-1.8000430823845868,0.1601114299048797,0.05581883111766817,4.2064415949953675,4
11.291067529829906,-23.499926050774427,-0.8315319673827926,-1.616630650416825,0.1389324224776496,0.0445120352649662,4.212939182075739,4
11.307745620715918,-23.750857083497525,-0.7170976509756581,-1.5575534383890437,0.1028598511814453,0.054480710483132716,4.223620360007351,4
11.32442371160193,-23.74275947288735,-1.0090045647684773,-1.7651255555518883,0.13549270702060712,0.03264997849171778,4.216481052652579,4
11.341101802487941,-24.02957147722529,-0.7884181461422664,-1.5173144749480771,0.13312199065048133,0.05619415178439806,4.227051956356256,4
11.357779893373953,-24.146640455609223,-0.7296308793166553,-1.4903807197704175,0.12634509177342135,0.0441972331860053,4.230578802911182,4
11.374457984259966,-24.165023090230285,-0.7331960173544934,-1.4819347669019693,0.1285956577335385,0.04006935202538,4.223477716473013,4
11.391136075145976,-24.043074824206553,-0.8780845383334182,-1.6636304328344558,0.1350982678908102,0.022959144741139356,4.194494961646312,4
11.407814166031988,-24.031335568739372,-0.9227396980828466,-1.6481362174496574,0.14471029451620643,0.03133523221274998,4.172719215931578,4
11.424492256918,-24.023188413436706,-0.9337624641505977,-1.6588836229189923,0.14751417909535341,0.03418178271627561,4.173905883432455,4
11.441170347804011,-23.955031039030516,-1.0514688546101585,-1.6739268787197634,0.1367381437032707,0.044464509914657356,4.154869773028338,4
11.457848438690023,-23.992195864760077,-1.035992355588296,-1.5461174723152586,0.12059903008601829,0.05270405667289099,4.13095631716704,4
11.474526529576035,-23.89304966916462,-1.0647865060766337,-1.6423334068667854,0.13427680626360292,0.046625501069601206,4.100674192506849,4
11.491204620462046,-24.078358790847318,-0.896929911789563,-1.4369333442642036,0.12670937044010394,0.04105988831890036,4.073387327393974,4
11.507882711348058,-23.960528504453332,-1.273680305383471,-1.7574821431626448,0.15658327044088907,0.0380546886233915,3.9734393878553007,4
11.52456080223407,-24.186663451085415,-1.0099977406999416,-1.522085247560046,0.11280009701800907,0.05110101408479574,3.9004665804312237,4
11.541238893120083,-24.19181453638115,-0.8428602867662915,-1.3684211233627002,0.11584043046565026,0.02844252608950729,3.7607671378812477,4
11.557916984006093,-24.05071006846706,-0.716311137797125,-1.3473402107199162,0.08798750560507212,0.007850860204812564,3.6173987914522363,4
11.574595074892105,-23.7291742340953,-0.9526599078068072,-1.5951518301424281,0.13297442316780075,0.0034958374604313813,3.4792465142532594,4
11.591273165778118,-23.654762426137584,-0.811896335099414,-1.3817437171444906,0.09647283117189458,0.012544341951696358,3.3322255183213074,4
11.607951256664128,-23.44763196153215,-0.887127614436861,-1.346071133436797,0.09881273104431901,0.028188654004999123,3.1920688628091325,4
11.62462934755014,-23.282144200298404,-0.8197284552669766,-1.253410449863133,0.08367071489872496,0.023018688339878874,3.000609502249746,4
11.641307438436153,-23.061668859320797,-0.7641214377349996,-1.1714686142095179,0.06783392487742743,-0.034449132275996074,2.7919347757410504,4
11.657985529322163,-22.679418128973932,-0.8648364405307722,-1.3465024046681515,0.08509490470393961,0.006488518190006915,2.5783560035140356,4
11.674663620208175,-22.54727423060743,-0.7298818789405583,-1.189305525060691,0.07678791916271202,0.009985347552834213,2.3589909896616366,4
11.691341711094188,-22.249752531686447,-0.7271509356174617,-1.2783268543324446,0.09831956927194598,0.004190348810267579,2.1044835413222516,4
11.708019801980198,-22.19772921375112,-0.5286269558717454,-0.9933825008170833,0.06488003431349552,0.009587408268639895,1.7982233027625683,4
11.72469789286621,-21.892929482058186,-0.5496627447661355,-1.1277166273585264,0.056975725870936356,0.014476719010908981,1.5198815016054485,4
11.741375983752222,-21.6891131404919,-0.45342275960071277,-0.9128592527959345,0.06093900722041292,-0.011296405962972362,1.1968074961489175,4
11.758054074638233,-21.417287653312144,-0.4307890848225,-0.8827370506474645,0.01948035737716943,-0.019015013967237444,0.9026795136575545,4
11.774732165524245,-21.186251825751093,-0.4133186276143004,-0.8999680809084261,0.052214584958845414,-0.012681845078984712,0.5494743046588936,4
11.791410256410257,-20.95163580051742,-0.2819150501197818,-0.7603019384825549,0.00018538881503523451,-0.032528277143761164,0.17748677899402648,4
11.808088347296268,-20.729067882292732,-0.10388075042106504,-0.6499691435971853,0.0158977630319618,-0.038553331763603156,-0.21082224591190607,4
11.82476643818228,-20.368913983103415,-0.2625506095527417,-0.7544822659255992,0.02790373570715494,-0.054925629838178114,-0.6217945630203755,4
11.841444529068292,-20.16778680606808,0.1101427945900646,-0.46991030258752975,-0.016743995311787257,-0.06073240822060976,-1.024227928658685,4
11.858122619954305,-19.663479874933508,0.11290538372710568,-0.40846205379673073,-0.046854638739384336,-0.04426481164116296,-1.484280180039679,4
11.874800710840315,-19.38058030508164,0.3406410794261987,-0.23278914063964695,-0.06361236160238858,-0.06772602952836847,-1.9524292942680854,4
11.891478801726327,-18.704011492553725,0.05543161013059894,-0.43600852946725066,-0.024888269357318412,-0.04343559929690592,-2.4823420976946813,4
11.90815689261234,-18.193247315140745,0.14985138793114672,-0.3490529739224,-0.05036731766000531,-0.061134297772052516,-3.0228647624966083,4
11.92483498349835,-17.327110022882685,-0.25484598633303523,-0.8634444381786848,-0.03274877552824264,-0.1300729536963733,-3.5899904003478365,4
11.941513074384362,-16.668561143754378,-0.5772540386206346,-1.1354561810993014,-0.009488157108562784,-0.13137631593565544,-4.247011620417231,4
11.958191165270375,-10.77972001950089,-11.101363507595547,-12.980421628957696,1.1047162149653496,-1.7710932272656381,-5.812182788748542,3
11.974869256156385,-10.29928030917987,-10.614659809548584,-12.550556975929904,1.0719955688654441,-1.7801163319398057,-6.395770188053597,3
11.991547347042397,-9.86600986697433,-10.177101570516466,-12.118933221194256,1.0053856543296547,-1.7903389334581095,-6.954539643154684,3
12.00822543792841,-9.660989411869561,-9.494055706531668,-11.313015644532271,0.9485703464755707,-1.8083168946384582,-7.508373922936476,3
12.02490352881442,-8.90827800340265,-9.15467886972905,-11.061250367691173,0.9381391712932869,-1.7857381542152173,-8.058006164980581,3
12.041581619700432,-8.626704162091361,-8.554767641210933,-10.363304831962793,0.8984693217627192,-1.7719095345061708,-8.542316029771428,3
12.058259710586444,-7.980078380174737,-8.463673853201847,-10.24072113476435,0.8575292552171082,-1.8064915153550087,-9.033305603415325,3
12.074937801472455,-7.2743720436133,-8.364002929841405,-10.2277924785171,0.8673674482129853,-1.8279118340526128,-9.5200491007315,3
12.091615892358467,-6.585728041785061,-8.182590757869193,-9.99095244784669,0.8338492673631891,-1.7928046808702016,-9.944544046057988,3
12.10829398324448,-6.066853045670727,-7.79956200450413,-9.717663112401073,0.7847636481731655,-1.8181274639479261,-10.35647461084301,3
12.12497207413049,-5.676261095628216,-7.245795448197498,-9.086181381759678,0.7338806140219706,-1.7809402613278287,-10.70327237499538,3
12.141650165016502,-4.920053103415162,-7.190927183701313,-8.975573663959413,0.7421520630726323,-1.768636536351612,-11.068538816372772,3
12.158328255902514,-4.611942065020903,-6.7725559486225855,-8.682469432896536,0.7175668833245828,-1.8301947278528103,-11.417829597815523,3
12.175006346788525,-3.8800921629232383,-6.7434127271022435,-8.631701880417891,0.6791678164333889,-1.806266160199372,-11.680127861618148,3
12.191684437674537,-3.2988444387276887,-6.786577362415528,-8.470834110818762,0.6532165164717049,-1.8045362597835422,-11.944916048140458,3
12.20836252856055,-2.8040669136620897,-6.5639408562454795,-8.302234160524613,0.6808875908303206,-1.8153482136307768,-12.19777475164052,3
12.225040619446562,-2.188688128408094,-6.75447365565202,-8.363385119441354,0.7038625986149154,-1.8038044558826105,-12.420099760509009,3
12.241718710332572,-1.6329851319331636,-6.648428944206035,-8.336912536385805,0.7095741248056224,-1.8362142356116167,-12.569966034242839,3
12.258396801218584,-1.0124240984517439,-6.680492953560463,-8.243616048059042,0.6700427146261164,-1.7900182975378593,-12.710220198759025,3
12.275074892104596,-0.42786619595506803,-6.605141272692733,-8.217145562647753,0.6782972906489405,-1.7758439973372195,-12.81558796136999,3
12.291752982990607,-0.14227670293856853,-6.366811128614545,-7.9740906228908415,0.6638002616760453,-1.8027454008270587,-12.917647032830239,3
12.30843107387662,0.1538031861185143,-6.000491661861391,-7.610745318530797,0.5996257510096785,-1.7847728334267647,-12.89188988408594,3
12.325109164762631,0.6616506052657263,-6.0309516360508555,-7.543573436929843,0.6234773907503303,-1.7756940458912596,-12.95119487472737,3
12.341787255648642,1.0404198095613229,-6.009889370285002,-7.620886515546859,0.5946975292209459,-1.7874948557709487,-12.922355787984188,3
12.358465346534654,1.7388508007144154,-6.51225788786913,-8.018468024742265,0.642128470517613,-1.7708782735398074,-12.931596463797964,3
12.375143437420666,2.141008747617888,-6.529894119508491,-8.153015991573223,0.6597477677472103,-1.8093551426677357,-12.86844710421178,3
12.391821528306677,2.564521406869604,-6.524593194422591,-8.167970433748344,0.6572567604066969,-1.8382738248116213,-12.763321356930344,3
12.408499619192689,2.849763620378585,-6.427578046412438,-8.055673428678867,0.6770510252770783,-1.8333938986066418,-12.666466661378472,3
12.425177710078701,3.165553002124102,-6.4177772743749975,-7.95668812981189,0.666117285983071,-1.787214762115367,-12.52993777516471,3
12.441855800964712,3.5474840535038776,-6.507005391473143,-7.99343438948021,0.6758561036745159,-1.8151819548054244,-12.391774524477025,3
12.458533891850724,3.8086513106693376,-6.539559703723605,-7.958630101100054,0.6447447110062542,-1.7985609472660018,-12.214498853260125,3
12.475211982736736,4.248515693057634,-6.624355421181133,-8.020991712436073,0.6868343226967398,-1.772896500172086,-12.012534319743944,3
12.491890073622747,4.7137182931583785,-6.636797629171163,-8.222612519321292,0.6874716141742189,-1.8232291760125305,-11.815545677798509,3
12.508568164508759,5.243963471522328,-7.04969706165781,-8.545215907812716,0.7130754976689125,-1.8176551090559738,-11.613833878613624,3
12.525246255394771,5.666008566841802,-7.115600252576394,-8.571138047219797,0.6875596664588437,-1.7872920297320254,-11.332316371175024,3
12.541924346280782,5.981765516108097,-7.212915274103245,-8.646176792961427,0.728065851412567,-1.7923543575556011,-11.079107469774673,3
12.558602437166794,6.638925160923868,-7.656438163177391,-9.098005918068573,0.7914548718868335,-1.8548483717634994,-10.854413479929118,3
12.575280528052806,6.994463828284391,-7.752986972357583,-9.16224603950526,0.7705281785807118,-1.7963308147816468,-10.529014881007276,3
12.591958618938818,7.523925960091903,-8.003053985980914,-9.333857023455627,0.7852067051801164,-1.7672207982929475,-10.195018819487958,3
12.608636709824829,7.952234635672834,-8.209042439165492,-9.520723843405152,0.7977433139210933,-1.8181440274539802,-9.876030094544092,3
12.625314800710841,8.206840090234378,-8.160624900556554,-9.43473427961821,0.8123924808816537,-1.797619430840595,-9.525989279566518,3
12.641992891596853,8.825268437775954,-8.58298094169725,-9.94267573791257,0.8741046993147477,-1.8370883082124867,-9.215353898882997,3
12.658670982482864,9.507004042067475,-9.13396580787422,-10.446900567489875,0.9059290558919932,-1.819337284244181,-8.825553047862734,3
12.675349073368876,9.794599365768274,-9.10908011347557,-10.463384002210612,0.8895824916893141,-1.78632598757255,-8.406235236167223,3
12.692027164254888,10.315271732456885,-9.415925469802707,-10.613716832957712,0.9014836890074559,-1.7450475364148468,-7.987014322191801,3
12.708705255140899,10.57495049645981,-9.463456000820424,-10.607385437621335,0.9115091646775781,-1.8009026759323894,-7.5808315252278815,3
12.725383346026911,11.17956956824691,-9.8709536511038,-11.09128062712952,0.9469130720917123,-1.8033589201389906,-7.116524761645587,3
12.742061436912923,6.624607986221974,-0.35763471299399985,-0.22489937082326517,-0.021970514416191883,-0.17646759471656828,-5.685384521053826,4
12.758739527798934,6.22750559410308,0.5288141737228869,0.5770232386644016,-0.09927928113903418,-0.09478060330170494,-5.091428637085982,4
12.775417618684946,6.403352887296613,0.5212786857954648,0.7025630996281305,-0.1210762213127555,-0.0661806769041653,-4.542315641909585,4
12.792095709570958,6.505587327791983,0.5356334882057434,0.6809958732999217,-0.1427376394940074,-0.04775100174397848,-4.002385236530692,4
12.808773800456969,6.774888353111143,0.3798787241510535,0.5728176551338113,-0.0976693657590158,-0.03861793500718227,-3.4528627468083517,4
12.825451891342981,6.995384048910349,0.214277212205094,0.40827548927290547,-0.08392305740249513,-0.03216659196345127,-2.9329953599697247,4
12.842129982228993,6.879781914024322,0.20518131556982722,0.37140550506572856,-0.06549691719367885,-0.02228510507007201,-2.4228398387132803,4
12.858808073115004,6.89487053246814,0.11835849147692645,0.3136515337586969,-0.0901233374688097,-0.005413424852313403,-1.8887149776185852,4
12.875486164001016,6.905177383616085,0.039871899703365576,0.2620693467806663,-0.0637805237461905,-0.0457678935062329,-1.4224576345939344,4
12.892164254887028,6.951559829003288,-0.1219612337935676,0.0942842710551246,-0.04161632153485702,-0.05123925227935362,-0.9851268045024985,4
12.90884234577304,7.240016240191141,-0.34914202493413105,-0.19286809153729134,-0.019576658907916173,-0.013588737726583092,-0.5510440417269876,4
12.92552043665905,7.287376460008367,-0.39197320101412503,-0.2169985204635343,-0.009018305411478298,-0.02920181718959211,-0.17028927514669706,4
12.942198527545063,7.0958731184108474,-0.29280442966930553,-0.09956777362842484,-0.001999145830536513,-0.016003939368791957,0.24383873416531507,4
12.958876618431075,7.148981066861673,-0.3856780947125886,-0.15613527763511748,-0.003780411572439753,0.005020146709608929,0.6252861467267947,4
12.975554709317086,7.109471154976871,-0.4377436987432113,-0.16341572805801485,0.017370403055766988,-0.027193692031122308,0.9450959369326587,4
12.992232800203098,7.1035763913376275,-0.6575433657802299,-0.28991469656200586,0.019908239827977812,0.02752605935296638,1.3018811911154196,4
13.00891089108911,7.035576305474973,-0.7625170760302502,-0.4399292252365692,0.0038234738693148098,0.04463707412814635,1.6224876987628853,4
13.02558898197512,6.793269359579052,-0.6941504431837799,-0.339260247879122,0.020847774221381243,0.004330194642987528,1.9242831373908018,4
13.042267072861133,6.71293491755403,-0.8256264608104109,-0.5688138317656763,0.04925361083269781,0.002941921769139698,2.1950720874339598,4
13.058945163747145,6.390202031333086,-0.857809009095885,-0.6089446720297818,0.057837118343818085,-0.005529298439576755,2.4569117050509153,4
13.075623254633156,6.000920319301214,-0.6991258956117887,-0.4260684567547308,0.05750433590989207,-0.0008164136353747991,2.7199863164532285,4
13.092301345519168,5.9496195277004125,-0.9746386910664078,-0.6613903074699772,0.0649342110508637,0.03305836685981929,2.9319419905651243,4
13.10897943640518,5.753884021967979,-1.1453582192667056,-0.8792814257855883,0.07693713659834733,0.013288717039300407,3.151513218556806,4
13.12565752729119,5.377879108683012,-1.0599022932308333,-0.8221929748728445,0.07076922814826798,-6.689908079257815e-05,3.3203930963656356,4
13.142335618177203,5.045857127900739,-0.8893726925220484,-0.7379540494925148,0.048358077370688625,0.016225628292352582,3.5095482789001875,4
13.159013709063215,4.86256829355773,-1.142573379084594,-1.006539593384017,0.1021203272721893,0.036786218621366794,3.6540217956955727,4
13.175691799949226,4.473418073888478,-0.946879426398602,-0.7534937542984081,0.07809470976437537,0.02075771212093377,3.7768504759568757,4
13.192369890835238,4.205661350802177,-1.0192571061988431,-0.8018548392589244,0.07031510700834427,0.026946240044137718,3.878614208226859,4
13.20904798172125,4.01191919152609,-1.0152019139714286,-0.8139545797468988,0.10017342956788917,0.009715300697370173,3.961105711543041,4
13.22572607260726,3.860916814118735,-1.0379388245975232,-0.9197885090550344,0.08743679608721336,-0.012368262858888248,4.053123679134412,4
13.242404163493273,3.6963987394824853,-1.1304721103311537,-0.9590622222601392,0.08883765634021794,0.033696351812799605,4.154671471494562,4
13.259082254379285,3.5074342395636995,-1.0811644559525249,-0.872996661985081,0.11009389795182065,0.034568074233537735,4.175968903589198,4
13.275760345265297,3.510977036540644,-1.2323078352970211,-0.9928983415425465,0.09537234176712808,0.030666410996578783,4.199714546302265,4
13.292438436151308,3.4094595154920646,-1.2305695556368326,-1.1086176981024947,0.12246881620201103,0.03170352415298457,4.211086451339966,4
13.30911652703732,2.949002562546598,-0.7858625847713914,-0.7434434428491846,0.06812636364929288,0.02077070040823209,4.2282637177136175,4
13.325794617923332,3.0233727545082925,-0.9425269277895854,-0.948042704932539,0.08614152898316259,0.055500222803041746,4.235680342900506,4
13.342472708809343,2.8607462006505644,-0.914504881845303,-1.0163915295049901,0.10190599944812806,0.019900780469694766,4.194393006363365,4
13.359150799695355,2.57236052130633,-0.8290247083775766,-1.0288550071911953,0.09554739294261555,0.05140315066702049,4.228109208950031,4
13.375828890581367,2.20415436191689,-0.6254929876045079,-0.8066185565850459,0.08124764182690339,0.028254803856771104,4.210055361364044,4
13.392506981467378,1.9989571074578754,-0.721715005189157,-0.9015627738048251,0.09486841581231002,0.055782377995326704,4.222227920252554,4
13.40918507235339,1.9709041931993907,-0.837793168639135,-0.9563571507986659,0.0987768629780118,0.006069721499298505,4.1945879773581085,4
13.425863163239402,1.8760338857065926,-0.8952266397096686,-1.0649542113665347,0.06576136615958827,0.03962807081479872,4.239969922110287,4
13.442541254125413,1.5733929950617092,-0.822946236563099,-0.9500143218930264,0.11751823725392642,0.03537734167777659,4.229013452881195,4
13.459219345011425,1.4797172729199592,-0.7859954440066734,-0.9049254598520624,0.08419345109031184,0.05649149211792733,4.238596901213009,4
13.475897435897437,1.2009232210435405,-0.8064298694662295,-0.9893559635052674,0.08982943095047995,0.03550635838069509,4.224815856396719,4
13.492575526783448,1.0325879766078034,-0.7771908301925222,-0.9764021845086217,0.09564075244535418,0.022466969556849115,4.219857042153921,4
13.50925361766946,0.7378830764588536,-0.8234045032801329,-0.9430157585416397,0.09133316708816433,0.048243377271697266,4.243262258305121,4
13.525931708555472,0.5329457805539268,-0.7019401506456647,-0.8823902718556151,0.09593221613648734,0.04664106727103656,4.217695139210717,4
13.542609799441482,0.22297173940946052,-0.5707347417481495,-0.8589519639406105,0.06523183136440767,0.023465944097353798,4.248953356149136,4
13.559287890327495,0.14530117384637348,-0.676334178470452,-0.8757195128371174,0.10621763101482506,0.024266597393080618,4.209146953371061,4
13.575965981213507,-0.053486882873491015,-0.8517407182103737,-1.0718807248135054,0.10629973577546178,0.015294291596820567,4.200714250823297,4
13.59264407209952,-0.39775416204940356,-0.6348838316918805,-0.9285827176178785,0.09414963335752555,0.02289818362795082,4.196399928342781,4
13.60932216298553,-0.4771295614365703,-0.802725716880483,-1.059546038630625,0.0982927884444739,0.02336544769580276,4.20527191423136,4
13.626000253871542,-0.6801838689534239,-0.8823872560815216,-1.1187953794543248,0.1125365615144219,0.01839685631613865,4.216880926952377,4
13.642678344757554,-1.0200289214043239,-0.6979767645983047,-0.9965349675468496,0.09945145668146799,0.029809862382061764,4.195846153979446,4
13.659356435643565,-1.1573460273179703,-0.7099673570158777,-0.9989914297788958,0.11356054981923559,0.040028400078391646,4.223423420565707,4
13.676034526529577,-1.3751659630138822,-0.6009822268323246,-0.9685465637120306,0.08004570148816306,0.015191873419253423,4.21604464586793,4
13.692712617415589,-1.5273251182771281,-0.6925254593991534,-1.040363598589847,0.07043568649131791,0.028553107691907723,4.217347867768107,4
13.7093907083016,-1.680302627947055,-0.6676631730249135,-0.9659706286050251,0.07267704000949061,0.046197845138497465,4.217553789974546,4
13.726068799187612,-1.6971834434354545,-0.7840232227362248,-1.0984811625126913,0.10393608358549934,0.027406265796066687,4.207451820314779,4
13.742746890073624,-1.8469575391835924,-0.7261272505340794,-1.079481137834928,0.1194196693018212,0.028623264313363848,4.211888965345443,4
13.759424980959635,-2.202132552358707,-0.5068565388600283,-0.8530383440489115,0.08625393724717463,0.009896548080716496,4.208629208880513,4
13.776103071845647,-1.9850934724353848,-0.9419780311790578,-1.3313879494624423,0.123388386706728,0.021386288256802118,4.201376210441043,4
13.792781162731659,-2.1768277879797515,-0.7751243149099196,-1.1499433127295704,0.11950479956810904,0.02746256030430177,4.213032524336102,4
13.80945925361767,-2.3228337055410715,-0.6648066519643652,-1.006243544157686,0.10005261045375315,0.019287506222683257,4.198170321917061,4
13.826137344503682,-2.3751302936643652,-0.638345967918394,-1.0116409164151767,0.08660757987234276,0.02845653398035162,4.191186240137398,4
13.842815435389694,-2.391153956142362,-0.7544037835986692,-1.0231684251201785,0.1007789772052016,0.01817514924612613,4.172137126648673,4
13.859493526275704,-2.2148887832326807,-1.0500728818060174,-1.19978758628185,0.11522701412892829,0.021007602992714834,4.152030878231455,4
13.876171617161717,-2.2912525570783315,-0.9794878303291087,-1.1675323220355207,0.07708864892509089,0.05069661985694881,4.136012285125524,4
13.892849708047729,-2.3147412857948915,-1.028340270092531,-1.1591347353057286,0.09775313918897498,0.02953013870307177,4.109520118365021,4
13.90952779893374,-2.4771018776828693,-0.8865136344761976,-1.010608744944755,0.09471099007052017,0.0047134885277386705,4.07031108661725,4
13.926205889819752,-2.4487259928584155,-1.020599851536733,-1.1781568298058858,0.10310046569161536,0.040704929574372536,4.0390588704922115,4
13.942883980705764,-2.5536433665114897,-1.298994369245054,-1.2961760704902765,0.09363928265862989,0.009428177279205509,3.935443270378772,4
13.959562071591776,-2.7684013354943766,-1.0133755347423097,-1.0277131322106314,0.105744324878369,0.01109555487066629,3.8791516660803795,4
13.976240162477787,-2.7488061687254137,-0.9882392719611767,-1.052087353357729,0.07093283248526847,0.012315307520157068,3.783308446491774,4
13.992918253363799,-2.9387189723394886,-0.8157073733371508,-0.9133327064506547,0.09897072044310615,0.011410704778539366,3.6615934088216155,4
14.009596344249811,-2.9273545718436726,-0.9565443939037575,-1.0592442982488455,0.07473123216410006,0.014564179265668283,3.5518158699846816,4
14.026274435135822,-2.9909648191896077,-0.8792187025899272,-0.9018553606127585,0.08047365984926234,0.02113576883058675,3.419954525600959,4
14.042952526021834,-2.8977763015282694,-0.8537272990288735,-1.0101352302236473,0.10452166511990924,-0.017773732220692947,3.2765151200862768,4
14.059630616907846,-3.0196820510214537,-0.8422463575493675,-0.9181807577496677,0.053087800658533996,-0.004275558502273056,3.16466254570818,4
14.076308707793856,-3.0332874544800053,-0.8338042293019712,-0.9067549772215922,0.04429114086472432,0.012813119122988006,3.0004350113768394,4
14.092986798679869,-3.0853679845130317,-0.7996970292125013,-0.832333599871923,0.059398385756857984,0.012898981850604166,2.8122186165019007,4
14.109664889565881,-3.1142094230467907,-0.7579289466148903,-0.8389791915996365,0.0723506912469294,0.0014691978755580514,2.622849088425927,4
14.126342980451891,-2.8321159374394873,-1.1153321610453166,-1.2123204045468976,0.09416936867892257,-0.018118364714349307,2.4132676890753992,4
14.143021071337904,-3.201958888683631,-0.7034236801892402,-0.7912990040427684,0.013730674019863309,0.01765035906651726,2.238716536729593,4
14.159699162223916,-3.3003797465876774,-0.7532715996365671,-0.7672576377558455,0.04392315451660201,2.646404155664345e-05,2.0091727840774385,4
14.176377253109926,-3.570948022317067,-0.3571745475010156,-0.4593885201352983,-0.013463756728443514,-0.006041577332210866,1.781206603183006,4
14.193055343995939,-3.475181372193078,-0.5137592842640034,-0.676930410703409,0.039062193891986875,-0.02451758046174623,1.523385126725274,4
14.20973343488195,-3.628455969391629,-0.32264432909476204,-0.4313791664745199,0.000729143285807693,0.010011243344292337,1.286835142746238,4
14.226411525767961,-3.5299316445454,-0.43302327064739266,-0.5549364961102019,0.00933355342274059,-0.008951284462387328,1.0133173501025783,4
14.243089616653974,-3.6906205263888108,-0.35131763422331164,-0.4440415244102065,0.008224344770301055,-0.03173214619807428,0.7253043855138108,4
14.259767707539986,-3.7148802625627133,-0.3562219606337307,-0.3886599459508965,-0.024875875151738402,-0.034641483247036274,0.4559166596705405,4
14.276445798425998,-3.8428419724723133,-0.2710589613410692,-0.36722361975272844,-0.030469483239602305,-0.026127784434640075,0.1422292738845426,4
14.293123889312009,-3.9999276732316424,-0.04770995621718921,-0.24749081452792243,-0.027633627986053552,-0.052409260317511384,-0.15939380141155168,4
14.30980198019802,-3.8602112940800897,-0.28196976526745166,-0.36695204726404884,-0.0162557764212361,-0.014653997133713466,-0.47119245357163664,4
14.326480071084033,-4.253753922583721,0.15556104067632837,-0.01585254299278871,-0.052059025290330296,-0.05164095604438816,-0.7922111065304167,4
14.343158161970043,-4.281057173633379,0.04547521527101117,-0.06798781251643282,-0.030470036216229707,-0.051111830785115275,-1.1485706016541113,4
14.359836252856056,-4.268636703713156,0.0791766632276063,-0.027446905758573337,-0.02275818857247726,-0.01851160374197268,-1.4776969420769082,4
14.376514343742068,-4.446773364531995,0.2794260038644547,0.09256092765014823,-0.04878474501899793,-0.006535717112786217,-1.8151167330591398,4
14.393192434628078,-4.471749623087593,0.25979068502550473,0.06310498695233302,-0.058197553107382116,-0.04690970679168457,-2.1672684789287318,4
14.40987052551409,-4.6383779847473265,0.35034027494749753,0.22920080475627103,-0.05481850146125907,-0.07049000024289978,-2.5626241510267507,4
14.426548616400103,-4.512534608251924,0.15997537545911444,-0.0027206541369784176,-0.055747973677618544,-0.04294990449671873,-2.91276787834194,4
14.443226707286113,-4.760120235542705,0.3966478672050846,0.346192531355072,-0.07724266409086972,-0.054656514695291335,-3.281391916259705,4
14.459904798172126,-4.789769164799809,0.3570836059204068,0.25797343478940027,-0.10779087183830141,-0.03704870487525207,-3.626027870438647,4
14.476582889058138,-4.807871519388261,0.20791379985758973,0.027910813260197065,-0.07264620441083819,-0.04852874268218022,-4.017556905615957,4
14.493260979944148,-4.833040837639583,0.22980219002588798,0.023056286804337356,-0.07726892148487538,-0.11794759340129853,-4.414710198176976,4
14.50993907083016,-4.8407483102715165,0.1569247384165342,-0.04308456428800245,-0.06459276356339495,-0.13462623546998462,-4.783693736484796,4
14.526617161716173,-4.604434365991789,-0.3021066893382598,-0.554040879738442,-0.01610615721689612,-0.1969813538085945,-5.179337885733246,4
14.543295252602183,-4.5522073829475955,-0.39518625095805904,-0.6909768508237275,-0.008343080154962846,-0.19710780389952434,-5.489850667187355,4
14.559973343488195,0.3954394004415134,-10.55936186432165,-12.184647396474372,1.0322606959318286,-1.7985919276278413,-6.711242431578652,3
14.576651434374208,0.17530769240132482,-10.563150271794338,-12.067804486773586,1.0147417044661786,-1.753801396865001,-6.90547993977152,3
14.593329525260218,-0.2728364769526346,-10.16669661816921,-11.816857159735523,1.0057853278474105,-1.8128777139788281,-7.172916037329192,3
14.61000761614623,-0.5697751548727323,-10.103741744429355,-11.78514501090696,0.9836859883784269,-1.8360914528573777,-7.398054092486744,3
14.626685707032243,-1.0532646282612683,-9.714116692505591,-11.411932102213273,0.9578607056041464,-1.7823595882168595,-7.551036190857716,3
14.643363797918255,-1.2061329515499946,-9.763101197498154,-11.491356219479659,0.941969363643624,-1.7893456515975403,-7.710367683222325,3
14.660041888804265,-1.5042714086636817,-9.602821830950866,-11.384031577061782,0.9263597862982755,-1.7714833226854223,-7.819636682813888,3
14.676719979690278,-1.8552743709628494,-9.536609573637485,-11.373864073020979,0.9579892042693705,-1.8185834050539893,-7.953884711909254,3
14.69339807057629,-2.20699988007886,-9.512887330136335,-11.313768766800878,0.9535033862530983,-1.8239440059504541,-8.075243438685705,3
14.7100761614623,-2.5876246461359873,-9.21171559213639,-11.057950056906812,0.8971200066404016,-1.7857291248121294,-8.115460798497091,3
14.726754252348313,-3.0166280407415256,-9.213093052580996,-11.028417366219418,0.9166194100575394,-1.82764858806594,-8.218428937799409,3
14.743432343234325,-3.0536662143932443,-9.328105610197463,-10.998931985994634,0.9676236266652858,-1.7928612053486572,-8.262475539486696,3
14.760110434120335,-3.488691014921498,-9.058362816078917,-10.860121119991918,0.8838916745815856,-1.7870835289051763,-8.279898398627996,3
14.776788525006348,-3.570708223668368,-9.153804255084376,-10.88965217516067,0.932111608483769,-1.8005634386798215,-8.326385727699645,3
14.79346661589236,-3.649247242795984,-9.458589115747909,-11.309381495512646,0.935576676325336,-1.8365317963093142,-8.344420050232557,3
14.81014470677837,-3.8343362421184075,-9.40959955769592,-11.28219524046277,0.9454025962213837,-1.862937420421794,-8.378089091286816,3
14.826822797664382,-4.1867098588741145,-9.0834836600149,-10.954428324116444,0.9159010512639647,-1.8219572047275003,-8.31680642023357,3
14.843500888550395,-4.055548055255419,-9.617239476842418,-11.344136758644243,0.9283456986826538,-1.7881361136938818,-8.29587567003162,3
14.860178979436405,-4.335101161207983,-9.370032444203538,-11.18189656389697,0.9351166014261623,-1.8222269151394404,-8.272339569135667,3
14.876857070322417,-4.552355281397858,-9.27058728710386,-11.11534404955934,0.941715515562451,-1.8454884877681277,-8.232634298585271,3
14.89353516120843,-4.651331408479227,-9.381367184471543,-11.18970635002617,0.922335778492798,-1.7952615906302019,-8.143060802524733,3
14.91021325209444,-4.829633546405557,-9.267847001991836,-11.082839180194043,0.9417337486363171,-1.8228950351406061,-8.09115405727947,3
14.926891342980452,-4.8094523126452025,-9.385627018806304,-11.196196564305204,0.9280550818714264,-1.8597067347142453,-8.032217419623874,3
14.943569433866465,-4.962337586688744,-9.482469723340898,-11.283204886420021,0.9658499401509224,-1.8731347195057673,-7.98410380977114,3
14.960247524752477,-4.758590811036533,-9.790503654427319,-11.491954636271274,0.9345539428512128,-1.7993902743796535,-7.855906603859688,3
14.976925615638487,-4.7849834226996855,-9.78139551675564,-11.500917908703755,0.9345300778226591,-1.8172451882672835,-7.749057967168142,3
14.9936037065245,-4.952707206332368,-9.600578562683149,-11.328897227361857,0.9689949731311192,-1.817925004855497,-7.63198920207946,3
15.010281797410512,-4.914705936971684,-9.709631221854869,-11.438058012905735,0.971424928577745,-1.837298640196383,-7.548187470082685,3
15.026959888296522,-5.030603063098803,-9.535988182364509,-11.319948376532889,0.9522052117347514,-1.829415762774874,-7.395023708745505,3
15.043637979182535,-4.735927863100008,-10.201261852377414,-11.883178866091317,0.9999261699726766,-1.847094147960352,-7.2865575347916005,3
15.060316070068547,-4.69178860796416,-10.24507857141069,-11.96264454016352,1.0125630604778029,-1.8424762249762356,-7.140378160022713,3
15.076994160954557,-4.778092303514629,-10.28693865064822,-11.889709914453475,0.9916029145729911,-1.8368091226978174,-6.964254001376563,3
15.09367225184057,-4.396394887821558,-10.735730084282343,-12.295691697594629,1.059539277826435,-1.8425263165940746,-6.829020998290183,3
15.110350342726582,-4.555776710517654,-10.709055604350647,-12.297452788379248,1.0655389658191654,-1.8302306126995245,-6.642035918426061,3
15.127028433612592,-4.444464021758553,-10.830781735960908,-12.550908373765797,1.0751488849321666,-1.8550585346152955,-6.480096520644213,3
15.143706524498604,-4.459324505266154,-10.747159636016837,-12.378073334530058,1.0453014584591576,-1.8546377145510788,-6.261565307225459,3
15.160384615384617,-9.386271923954027,-0.5738774981289607,-0.9353350684105655,-0.020013032336414324,-0.17185619699176904,-5.073420338200068,4
15.177062706270627,-9.438445029085761,-0.47061008199063226,-0.8687316260732856,-0.05425047077521781,-0.14630177470775937,-4.817220337383715,4
15.19374079715664,-9.647806398204699,-0.08319845338630971,-0.536556204867205,-0.026616101436658293,-0.16666639695385685,-4.617814157573318,4
15.210418888042652,-9.866678767423029,0.15039247976608516,-0.17447061590874302,-0.04398306460726307,-0.16438774632851044,-4.388669357874775,4
15.227096978928662,-9.699493793812483,-0.2515177801399875,-0.4576874257725456,-0.03860971805495555,-0.09466045422397472,-4.1267730782022785,4
15.243775069814674,-9.989037705627782,0.2356865455476198,0.05173143781819256,-0.06926095292482658,-0.0748810521881151,-3.853371002169563,4
15.260453160700687,-9.892881311149463,0.14493015263641995,0.04025897883235219,-0.08443926179102337,-0.05931463164881848,-3.5812384154683783,4
15.277131251586697,-10.081855445687522,0.4616077877294491,0.2459668046793415,-0.07347328677227287,-0.04917117851733289,-3.327596381242988,4
15.29380934247271,-10.227243082006723,0.6529396219143924,0.4461880343258424,-0.06010804886913872,-0.011477866980783567,-3.06601534580066,4
15.310487433358722,-10.231017624501384,0.6800759263898293,0.4361360401639507,-0.10852055933231877,-0.031174509781235336,-2.8074407597507407,4
15.327165524244734,-10.136246508994844,0.6431875033497794,0.2936275305889824,-0.059780481185624706,-0.04578671544015944,-2.5826171813207233,4
15.343843615130744,-9.892055907039449,0.3749665779995519,0.0012207445366634317,-0.039041380320206494,-0.01995467817565534,-2.350353404924533,4
15.360521706016756,-9.93419871591489,0.4366249865316729,0.11247383141384226,-0.030703366762340874,-0.03829031795910743,-2.107614498724238,4
15.377199796902769,-9.872232692329113,0.3626339032041872,0.03178554237214293,-0.03171209301965748,-0.04709300016915275,-1.8896599714238909,4
15.39387788778878,-9.61580792377672,0.20127967617855358,-0.05660159261468323,-0.024449456143492074,-0.02389809402435739,-1.6419386294599745,4
15.410555978674791,-9.246965387764769,0.15736332661430952,-0.03937709176344084,-0.026352519100223355,-0.048202755925898164,-1.5027698420751228,4
15.427234069560804,-8.939032688746826,0.07645318468867224,-0.056374249903850426,-0.007191918838872894,-0.013328648963525163,-1.318685368856555,4
15.443912160446814,-8.419201358156176,0.0655468008477591,-0.1329099456805123,-0.057763765198699454,-0.014994745005773705,-1.1415142123749815,4
15.460590251332826,-7.998818829197492,0.1304791810730892,-0.1004329705371485,-0.05139445053042494,-0.022177313904583495,-1.000355796746756,4
15.477268342218839,-7.355907559915156,-0.04304105793969226,-0.21247539406777038,-0.04284290158291022,-0.012756264548984977,-0.8709309086852784,4
15.493946433104849,-6.886365958390795,0.10437724823957106,-0.056414083212921184,-0.02913453482529529,0.0023533566096232313,-0.7371299041296748,4
15.510624523990861,-6.254373580980569,0.028881373088725626,-0.12831317819633647,-0.046201911109147786,0.0054264142562777794,-0.6271351087550432,4
15.527302614876874,-5.481007241049161,-0.07522511756553274,-0.21953833344374396,-0.02992149848972397,-0.030457768425128172,-0.5481283452121088,4
15.543980705762884,-4.746181328045164,-0.09070870597938385,-0.18419015492603896,-0.01694236812360749,-0.013279672514284064,-0.4619847555914205,4
15.560658796648896,-3.9017170760352644,-0.16453207867265718,-0.1970728549140588,-0.008376880488195402,-0.0328430614975716,-0.37639445399653665,4
15.577336887534909,-3.246630729206697,-0.21068590280225097,-0.1880511095037719,-0.018199429037200298,-0.010155093227801055,-0.30920395711204846,4
15.594014978420919,-2.2637706503933184,-0.367920567178013,-0.3960159707558361,0.006876326615117282,-0.004374368600626214,-0.22584123042418128,4
15.610693069306931,-1.5314207886309055,-0.31726094208050776,-0.322269846912113,-0.004255584967545356,-0.005626967976489258,-0.15433351346732166,4
15.627371160192943,-0.8795696951667176,-0.21496661146228924,-0.1220345886024777,-0.005309650625988427,-0.03701623332778366,-0.07817206042238783,4
15.644049251078956,-0.179853526025256,-0.01820476830982415,0.08378342169829298,-0.02115580270499239,-0.020977487559565727,0.017442516151192765,4
15.660727341964966,0.47237823451813965,0.06798255505213566,0.07822313580367622,-0.0341643318758845,-0.02377081803543724,0.08574339247215398,4
15.677405432850978,1.4367454881779045,-0.17732002048240852,-0.10032145412895077,-0.016816816935174457,-0.022218696350156796,0.1426625175776858,4
15.69408352373699,2.286021097050896,-0.27088524383608326,-0.24728709463302334,-0.023262288868604798,-0.006045074656100005,0.2147553727837188,4
15.710761614623001,2.9398315767714838,-0.10772755259085454,-0.008243369797230615,0.0004613308708217158,-0.031963718884245367,0.25177299832104766,4
15.727439705509013,3.8612170456892763,-0.14160837505820423,-0.20776368490482167,-0.02683381714990831,-0.006357600775666359,0.3275629977306239,4
15.744117796395026,4.69836293486242,-0.20119980926437941,-0.18189099958325894,-0.029468372741147223,-0.03193823722836036,0.3639282691011584,4
15.760795887281036,5.56329274222413,-0.2665924264843005,-0.16930377871446245,-0.012547609163036032,-0.0268616774038713,0.43164460979952757,4
15.777473978167048,6.181193287260955,-0.22662370597572035,-0.1835487353528551,-0.030836075206047253,-0.027226707548963072,0.5031304160175463,4
15.79415206905306,6.907071446202492,-0.4182828668242111,-0.24475719934858375,-0.0014861429602921771,-0.025671888609561218,0.5878570714317747,4
15.810830159939071,7.3840467193216845,-0.3316950148123965,-0.12807057451945214,0.0007872314274048846,-0.011135225929794093,0.6714655489467454,4
15.827508250825083,8.029827784739727,-0.40260301872785487,-0.22236544652038237,0.006858343529998906,-0.014696824896164654,0.765761449382321,4
15.844186341711096,8.424231676657897,-0.30100904835057474,-0.10436978915777528,-0.006685025845852103,-0.02841387367710016,0.8312979166562064,4
15.860864432597106,8.796234200057206,-0.23648325499641176,0.07842282572645498,-0.02105738163420195,-0.027309013716538922,0.9432488991710453,4
15.877542523483118,9.63178154280802,-0.6511305078381269,-0.4443667286280917,0.0157719726441055,-0.0033942817333510672,1.0407724940915426,4
15.89422061436913,10.071362265557624,-0.5448112454567391,-0.3210912372536092,-0.002898549421222344,-0.008340360484264996,1.1289183893988093,4
15.910898705255141,10.606750038348832,-0.7566733832819805,-0.46072074756790915,0.02039952984118695,0.014910401846443601,1.2247657671221919,4
15.927576796141153,10.988926216739324,-0.6811826218519572,-0.42543836668100043,0.024157404657361176,-0.02840176073188687,1.2828479467797356,4
15.944254887027165,11.255513101343633,-0.4228700567830459,-0.19249283114364246,0.00030905367910970846,0.0035895410999280423,1.3973174333674143,4
15.960932977913176,11.721441395797566,-0.48170343207773225,-0.1518097578061406,0.03254304946350013,-0.004417821051077031,1.4729090308294646,4
15.977611068799188,12.294169595636076,-0.7426408736594823,-0.3450322603743414,0.04981683400225903,-0.03784550969163169,1.5465076297446083,4
15.9942891596852,12.438407150713587,-0.5129282719900399,-0.19092683123572218,0.012777083438924091,-0.026994536445195297,1.6432063667656869,4
16.010967250571213,12.977346529900277,-0.6711483959255866,-0.32405141251445624,0.01826190109087328,-0.004603168764855281,1.7408424036237486,4
16.027645341457223,13.367707162909777,-0.6725839924190384,-0.31117139128175975,0.033959305835333096,-0.020546419794940048,1.7796059266613566,4
16.044323432343234,13.768173729013139,-0.5862455191904021,-0.327047811295448,0.03313723081592727,-0.0053221951885547856,1.8490066529045004,4
16.061001523229248,14.094138230494591,-0.5204987620093529,-0.08938307416046509,0.03507460728011653,0.004662003795171779,1.920453376681488,4
16.077679614115258,14.662308150927144,-0.7609166828112905,-0.3934295512830994,0.028712803567441374,-0.011957406339764687,1.9556217608975928,4
16.09435770500127,15.055840686647025,-0.78017524112036,-0.34362325844265307,0.009791830990087366,-0.003357260082311246,2.0237261646855607,4
16.111035795887283,15.495569279095237,-0.7201594944511722,-0.26923064739506763,0.03744531820617951,-0.018984969721037897,2.0302378931714893,4
16.127713886773293,15.969350571258953,-0.6868326593562539,-0.2564162647489727,0.037125859379097466,-0.0008424832953894338,2.081447301064945,4
16.144391977659303,16.53788725509203,-0.6923789527612811,-0.290645229280619,0.032268135498896525,-0.005619978852907151,2.124476431883319,4
16.161070068545317,16.977284344202925,-0.643503735768026,-0.2504742916203293,0.022839784889726666,-0.005451412688272247,2.1677409460845736,4
16.177748159431328,17.438358772003188,-0.6483877825065187,-0.22904009654763158,0.027908086026475012,0.0030487370245136447,2.1737831161515446,4
16.194426250317342,17.93774211646485,-0.6624673688833269,-0.28226810009107073,0.02043691780467948,-0.007788211914015212,2.2142543389805276,4
16.211104341203352,18.27714574053765,-0.5768044248834805,-0.23862675979472758,0.03003055889990249,-0.022188216889676458,2.25907524159296,4
16.227782432089363,18.548166677727743,-0.5730992082520521,-0.13746584806815232,-0.0025910079458270736,-0.014387314698787132,2.280226698812793,4
16.244460522975377,19.0287976702135,-0.7108219005171872,-0.24956212377901377,0.041767476282475416,0.0009037910954900203,2.3278159783763024,4
16.261138613861387,19.426966224855065,-0.7529736584925422,-0.24158358136692026,0.02436299931004104,-0.015443305070539924,2.3590032456485925,4
16.277816704747398,19.76860343624816,-0.7308795834880799,-0.2353464161058696,0.04160454936237479,-0.014036326132985123,2.389207865626286,4
16.294494795633412,20.142205836717267,-0.9288569522713335,-0.45588400218862546,0.020050543173118086,-0.009438203861133854,2.402607116813687,4
16.311172886519422,20.165911091783066,-0.6892191155715688,-0.15234091580304376,0.026321137790365694,-0.017915420047048766,2.4440029891363646,4
16.327850977405433,20.39987130150272,-0.7539231188542939,-0.2433387404106071,0.012573563501768087,-0.016511885114953606,2.479224046859332,4
16.344529068291447,20.466636146531975,-0.6652284476147452,-0.19681057635641164,0.03554859894427938,0.018312305218592003,2.526184165215671,4
16.361207159177457,20.806909137110118,-1.0110529460631668,-0.5833436566851669,0.06516292263448446,-0.0023443270962240155,2.541696429823593,4
16.377885250063468,20.53152989237376,-0.7412112450730284,-0.15388378295635619,0.02581344495292719,0.02241529255769047,2.6024898801152756,4
16.39456334094948,20.503035123168242,-0.6460370369878463,-0.15639906255459746,0.027053235198602196,0.005355228968889274,2.615529663051777,4
16.411241431835492,20.717071697656603,-0.8285877662033014,-0.35337709636536374,0.02889316570948373,0.0048537888931105295,2.6521995752406107,4
16.427919522721503,20.497183162079608,-0.6832025165574898,-0.1523259842839657,0.021720897337685587,-0.021366908214111635,2.6804025683181285,4
16.444597613607517,20.457228577443026,-0.8531697957881379,-0.2554816150760768,0.029860826454392753,0.00543847206238349,2.7368743821546304,4
16.461275704493527,20.108035879527257,-0.8316376233703489,-0.2767574605119263,0.03770998849088397,0.006022141170359185,2.7770249023954148,4
16.477953795379538,19.685566688934106,-0.5807921956773194,-0.1515737402941424,0.014544258366653033,-0.012636127252325425,2.837561908690201,4
16.49463188626555,19.477330455402665,-0.8097553738108392,-0.47129713817754837,0.02956114865504873,-0.008896368603744202,2.8986064741031123,4
16.511309977151562,18.845399547153548,-0.7710699232700966,-0.3079866221501879,0.03366188396018199,0.024549135601022707,2.9575566346230517,4
16.527988068037573,18.245068269095764,-0.6845849081283788,-0.35687416069776745,0.026098015354492545,0.04941804319081696,3.0331588226837627,4
16.544666158923587,17.593400655603702,-0.8001442308078159,-0.42132965212631124,0.031361607046228306,0.03030735763245914,3.0666670485121714,4
16.561344249809597,17.072839909956212,-0.9468185066057169,-0.673074389477148,0.05973969155857173,-0.0005692627496657201,3.1179656829970983,4
16.578022340695608,16.096911593509716,-0.8458623251298798,-0.4346181711719561,0.07263058018213425,-0.004563624309958196,3.170452673928743,4
16.59470043158162,15.294738721219229,-0.8699093520236394,-0.5379432608940693,0.07215632913170945,0.014927276882474007,3.2524567484281754,4
16.611378522467632,14.421130779946964,-0.8299846583956008,-0.5403525008623289,0.05365063955402172,0.009283762218006279,3.316965792201752,4
16.628056613353642,13.684015407130126,-1.0721613745225897,-0.7836152245698473,0.06349540083163706,0.0365331234020586,3.366907832206051,4
16.644734704239657,12.554378698191265,-0.8482375643807125,-0.5587530945128685,0.07864671955921353,0.02289299964180987,3.4108265499605444,4
16.661412795125667,11.900241607544167,-1.173432384048009,-0.9205581393488438,0.08412789725281145,0.01964099036876389,3.4506457070954344,4
16.678090886011677,10.877766019525282,-0.981538761269094,-0.7265702981023074,0.07250660105730658,-0.004217410628235939,3.4943355437266286,4
16.69476897689769,9.775306834639931,-0.7805047000686045,-0.6302414180344851,0.05648164339450864,0.03254645848356859,3.5239195433040207,4
16.711447067783702,8.839734469930779,-0.7452185644051545,-0.6005865480128882,0.054105743220148425,0.010466356071530283,3.552239107265368,4
16.728125158669712,8.14880586608584,-1.0163901299332543,-0.7556375328380729,0.08983902064191217,0.014970676548899647,3.59604336569341,4
16.744803249555726,7.148298768731387,-1.0503158399741346,-0.7824204323596522,0.06405593930398708,0.04463324968598534,3.6477837725948326,4
16.761481340441737,6.22464860592113,-1.142870074058384,-0.8080353819102473,0.07308549639089462,0.036517832119542196,3.666778922153098,4
16.778159431327747,5.361637047097798,-1.039837386499886,-0.7729286741105452,0.0705387308114055,0.01437374332580526,3.697023621607101,4
16.79483752221376,4.632222849921548,-1.1982918573173365,-0.9425063397906632,0.0771872661739134,0.032127182465947375,3.705891824082644,4
16.811515613099772,3.887870404587174,-1.2441284139361546,-0.9361987264801437,0.08504761001980032,0.05291388229895479,3.7105447583257387,4
16.828193703985782,2.957605884115873,-1.174620869897659,-0.934402177271088,0.08112230823091354,0.017122937656598863,3.7047463375255796,4
16.844871794871796,2.078546903805602,-1.117299830734428,-0.8946537225548384,0.07206886159757793,0.012546151280102532,3.7190515577197725,4
16.861549885757807,1.22462881405224,-1.242557690058778,-0.8463336215766466,0.09393821983499333,0.050910010042841285,3.6932720528760266,4
16.87822797664382,0.45088986048214025,-1.1529767511084812,-0.8903461474811742,0.11014041760405417,0.039091464223763646,3.7051868099954564,4
16.89490606752983,-0.4031825559888642,-1.1312880476032565,-0.9083432565422525,0.08853942932129209,0.050468253884022034,3.6896147715753647,4
16.91158415841584,-1.0857670974420564,-1.2700681047934559,-1.041986799978393,0.07922046817095922,0.04086058523932205,3.687794875762242,4
16.928262249301856,-2.2423839533875283,-0.8720252832946149,-0.6914588682785191,0.06705798835901947,0.017394642326088408,3.6741373230668883,4
16.944940340187866,-2.8762606890018967,-1.0339093918430977,-0.9345053907410743,0.0891068582210956,0.009230217057651511,3.652652978233964,4
16.961618431073877,-3.7413770337350907,-1.2732554447702364,-1.0773949619520675,0.08509709655622061,0.06044259500097297,3.656426234523671,4
16.97829652195989,-4.783069176152429,-1.0422101184474166,-0.960917808825481,0.0725134392006441,0.04217722884438851,3.640682523321393,4
16.9949746128459,-5.671102468609386,-1.2002346520341394,-1.0848224841708305,0.10366394363250625,0.056098945321237985,3.6380967012572074,4
17.01165270373191,-6.559467001308919,-1.2246183265542518,-1.236126908981261,0.06798503286788131,0.06702101925488362,3.6278386477643942,4
17.028330794617926,-7.5550562123184015,-1.302238620647829,-1.2502503241826493,0.13450218056879099,0.06406159466684301,3.599783052408716,4
17.045008885503936,-8.716156557323863,-1.0153074197017147,-1.0592688240743373,0.0888435739428337,0.04973746100894786,3.6050617467262502,4
17.061686976389947,-9.678575828187071,-1.0956186396836343,-1.221983849144996,0.09600158021765103,0.006542078465448935,3.557066955048928,4
17.07836506727596,-10.670254977520779,-1.1676916767809304,-1.287735794976808,0.09744532078941039,0.035178677462413904,3.5444579008480193,4
17.09504315816197,-11.830490020998004,-0.9846026344127599,-1.0562675770071048,0.0919059525595973,0.015658482712302392,3.5130827764598367,4
17.11172124904798,-12.818187929011362,-1.1390921907083351,-1.222161759894297,0.12191745222203397,0.03023687906761806,3.489884896986016,4
17.128399339933996,-13.88068181881115,-0.9937870255891066,-1.2647477682294772,0.09645650090879941,0.006497115782232396,3.467720529526858,4
17.145077430820006,-15.1426537005279,-0.8375583108454925,-1.0648571734973293,0.0982678330223893,0.007257224806073307,3.414299407770152,4
17.161755521706016,-15.865596586416121,-1.1312495817318493,-1.43230902700925,0.13943400197060754,0.022321534082754155,3.397780614972112,4
17.17843361259203,-17.071270087183045,-1.0580316778026786,-1.3895828793702396,0.11248022852447244,0.04520396696704504,3.377164760489426,4
17.19511170347804,-18.133076402904166,-1.0627940924895638,-1.4475319607123387,0.10210599382109573,0.05145000622917483,3.349029950315649,4
17.21178979436405,-19.372760809465298,-0.9472402400160052,-1.3039687988812227,0.10332762060312312,0.03159972383845808,3.327897451973446,4
17.228467885250065,-20.38683553653296,-0.8344016214485199,-1.142498224039258,0.09066757561888238,0.06469008530808806,3.2862459644057367,4
17.245145976136076,-21.239962026249085,-0.9123897799046246,-1.3060073316202176,0.1212249135894028,0.025686012228332347,3.2013208681938785,4
17.261824067022086,-22.163943273092507,-0.8325725295054953,-1.3099138206601921,0.11098464655285326,0.023761250317731956,3.167831211595548,4
17.2785021579081,-22.9579567326674,-0.7022653527878768,-1.260621978122261,0.082584502049659,0.0038675306006872626,3.099832879307122,4
17.29518024879411,-23.677040757554558,-0.7552412621182008,-1.2837560321675179,0.11334413639546315,0.031003232331453894,3.03191909328538,4
17.31185833968012,-24.488386842025037,-0.6763680057789614,-1.2076630853310935,0.05540676598355151,0.044774504520670826,2.978439595703979,4
17.328536430566135,-25.020982187754903,-0.863774148359866,-1.3922697877611192,0.114048811803024,0.005189676452503391,2.8438415215759925,4
17.345214521452146,-25.720497853385957,-0.8572865342640608,-1.3680039970709483,0.10311708373218147,0.028148686968961598,2.77724031724399,4
17.361892612338156,-26.277945231756327,-0.8433984412267534,-1.3942842749719544,0.09561368828574444,0.044807838054927,2.648793466164221,4
17.37857070322417,-26.749704617479303,-0.893216737458963,-1.4076678906025881,0.09996232217352893,0.04656506394127208,2.5415923766169506,4
17.39524879411018,-27.376643603045647,-0.7450442726204702,-1.3368137973129697,0.09898210875949141,0.03247185206737918,2.392491987152119,4
17.41192688499619,-27.8782253982872,-0.6061606817859735,-1.3207456018378947,0.05961407148793908,0.0009434577855499856,2.25012622457024,4
17.428604975882205,-28.180527898985506,-0.6303763890753125,-1.2124764938824963,0.10226826498910215,-0.022404039422315225,2.0725458683882274,4
17.445283066768216,-28.438074298358355,-0.6638864401795095,-1.2852678205655241,0.0949792377245268,0.019245966290202157,1.95243828150025,4
17.461961157654226,-28.949356602730326,-0.39914037271602254,-1.0866118616240605,0.05556340939042971,0.014608645397637902,1.7639221650781123,4
17.47863924854024,-29.12360080890247,-0.49025794613024054,-1.145266409574063,0.04657984539204697,0.02424113048299712,1.5798768850361529,4
17.49531733942625,-29.41541008996479,-0.4219903764147297,-1.0397510552868319,0.05895356862818952,0.015743856179543853,1.3767821947169439,4
17.51199543031226,-29.469690490238378,-0.6168911423682069,-1.2073227419388122,0.0602312332138687,-0.009389008300379276,1.1424387419546735,4
17.528673521198275,-29.69810776756699,-0.42626296660913887,-1.1550782242592703,0.06589781740469561,-0.010485272940434422,0.9231322336358896,4
17.545351612084286,-29.914595860184757,-0.3501101445039847,-1.015831612562529,0.039688930083474794,0.009553013955906076,0.7238089830134584,4
17.5620297029703,-30.05553745042667,-0.41422788249116493,-1.0761489120427576,0.04238569233970822,0.006417328096799044,0.45292696630216733,4
17.57870779385631,-30.27498818919681,-0.16259617758057843,-0.7746570304388811,0.03429853110875774,-0.010068464135070083,0.2035279230501397,4
17.59538588474232,-30.373696824076937,-0.22577917845745432,-0.8583882371293576,0.028490965722859644,-0.005249293578340244,-0.07586534726561203,4
17.612063975628335,-30.453493434228214,-0.07154886836729624,-0.7942194355415904,0.0043851212790154215,-0.007554583432704423,-0.38171351452787344,4
17.628742066514345,-30.426897101662938,-0.12512671285904808,-0.7194058631218017,0.029138945827965355,-0.01269933810493528,-0.681310700282898,4
17.645420157400356,-30.46335923591795,-0.08333307818559987,-0.7491243912030523,0.016849642601598856,-0.010658389889731024,-0.9665196194976704,4
17.66209824828637,-30.545576811268567,0.05482623558536126,-0.5742423080365562,-0.014618394550210792,-0.033861265630405195,-1.2673737011331876,4
17.67877633917238,-30.597099784183264,0.1177275735484038,-0.5319629010021103,-0.03453050070677446,-0.04005606723410005,-1.6004678708694349,4
17.69545443005839,-30.469624578543836,0.024306397225025478,-0.5414106488041597,-0.004981559826622101,-0.03470194018137816,-1.9566090690670066,4
17.712132520944404,-30.450418362969387,0.07593550595371035,-0.5468867551347678,-0.02404105077132446,-0.02121217260954419,-2.265621672392748,4
17.728810611830415,-30.053873740508116,-0.24052317656533262,-0.8931361096458321,0.02956379259819959,-0.0652145199040901,-2.6714929052025402,4
17.745488702716425,-29.81806030942205,-0.4044147653819383,-1.0864806210379712,0.02997524556801152,-0.1107796626493986,-3.0473842854551325,4
17.76216679360244,-29.42385298771432,-0.6904817087472059,-1.462617950311646,0.06833262685924774,-0.16978977321932603,-3.478560293195142,4
17.77884488448845,-29.23665150425676,-0.6433345286368493,-1.3964459571689574,0.05900785543882628,-0.19267559940739915,-3.8921156100393803,4
17.79552297537446,-23.4332698878452,-11.845224271124248,-13.969338251072852,1.1797523862731343,-1.8511866317297694,-5.27336017957257,3
17.812201066260474,-23.5012031102537,-11.265798418585364,-13.435423431289193,1.1554162152453251,-1.8638749886650003,-5.6888852723642325,3
17.828879157146485,-23.074703921418305,-11.224802958369903,-13.324764998287629,1.1238616290291672,-1.8555458445784325,-6.104759359624184,3
17.845557248032495,-22.845520857873435,-10.890376749511011,-13.00487270944725,1.091671820366771,-1.8373528406152146,-6.500852546461826,3
17.86223533891851,-22.218058327985613,-10.901385186672684,-13.142883402814844,1.0864079416660537,-1.8648695779980577,-6.8969427266430205,3
17.87891342980452,-22.03449129621918,-10.462129464078945,-12.544372325774228,1.057206198526457,-1.8350513014046712,-7.301211070541184,3
17.89559152069053,-21.799623697212933,-10.07449156228486,-12.138531066654853,1.0236805258073542,-1.9001105074405633,-7.662616030104323,3
17.912269611576544,-21.34260748879296,-9.668622796396674,-11.767529126349485,0.9831643323732588,-1.8968436923675347,-8.013921202531856,3
17.928947702462555,-20.862506559597104,-9.498803294633667,-11.574983733185231,0.9366285523547577,-1.834550353327991,-8.333985466831567,3
17.945625793348565,-20.409002430500045,-9.037675200740502,-11.186850719897611,0.9211915493757592,-1.8712747690407041,-8.68637699391162,3
17.96230388423458,-19.641611491937166,-9.12557649187066,-11.202648393251517,0.9327050701514135,-1.8432881076654009,-9.019622813765865,3
17.97898197512059,-19.07231062302363,-8.79570716976503,-10.902208579019817,0.8952637712639886,-1.8559809710311908,-9.332481198165473,3
17.9956600660066,-18.473685999777896,-8.58032508368393,-10.630814546613443,0.86102094768649,-1.860231956741174,-9.576922768135148,3
18.012338156892614,-17.92750173572849,-8.40448485334549,-10.389972975149501,0.8490593797538907,-1.8444316914878316,-9.87322898308446,3
18.029016247778625,-17.26407940026417,-8.107427277710753,-10.233957494580851,0.8211571816991338,-1.882208701699897,-10.13813855204221,3
18.045694338664635,-16.533748619194863,-8.008831102579082,-10.074853428403781,0.8168245144923041,-1.8627670833386187,-10.396328444632788,3
18.06237242955065,-15.789793150017035,-7.867170710488619,-9.926895176277334,0.815604496663383,-1.8593665208382204,-10.638784403563868,3
18.07905052043666,-14.88643093068873,-7.911703335638245,-9.993297755533925,0.8056484639232379,-1.8639004693895471,-10.851642090179,3
18.09572861132267,-14.145581383794934,-7.6953993045264095,-9.798889876446843,0.795071156086502,-1.8704299619685198,-11.008835120056297,3
18.112406702208684,-13.408629680087754,-7.628907393437178,-9.56954000645985,0.8270013737488684,-1.8766665017412685,-11.20984786692452,3
18.129084793094695,-12.66385023461249,-7.520503574358489,-9.481800773492305,0.7717687596377416,-1.8723379323959295,-11.300907983853776,3
18.145762883980705,-12.066916027290175,-7.193421116018406,-9.076425046050415,0.7798939666485589,-1.8539211986930646,-11.436284990019411,3
18.16244097486672,-11.287986994670801,-7.003890538474624,-8.980398927548416,0.7472332435377033,-1.8572887153142925,-11.498951970084853,3
18.17911906575273,-10.443967499733738,-7.109496456767568,-8.956770602633316,0.7726181831118986,-1.8296333556613817,-11.579828684261855,3
18.19579715663874,-9.48329449120309,-7.171790383892549,-9.159309485390619,0.7603168408601784,-1.8979429989059011,-11.631366131670067,3
18.212475247524754,-8.548726440020332,-7.295702706761712,-9.2123354628661,0.7489558621753118,-1.8489455678335642,-11.651147862658645,3
18.229153338410764,-7.7241694134410945,-7.231742265305993,-9.057130917421109,0.7520110798506747,-1.8111679421130569,-11.621673137398355,3
18.24583142929678,-6.884963899628414,-7.1487541417177605,-8.990872864729383,0.7299240920389298,-1.8568470498802518,-11.630283213405333,3
18.26250952018279,-6.119603106802527,-7.236962197294371,-8.987712138288014,0.7311992342437329,-1.828589416917257,-11.587071322004354,3
18.2791876110688,-5.358718780105704,-7.369434718096682,-9.044419264857396,0.7641200504616961,-1.8493212272879525,-11.538338936598752,3
18.295865701954813,-4.434028759780799,-7.568050442256959,-9.223535262794469,0.757565804480498,-1.8364207528863632,-11.446281346152908,3
18.312543792840824,-3.8689400527232736,-7.2145866811820145,-8.912104800916538,0.7508106499645869,-1.8765593654307675,-11.347074869127132,3
18.329221883726834,-3.0175618944683453,-7.4393539475687245,-9.175358567108791,0.7445379370710397,-1.8398656761907382,-11.185073167874238,3
18.34589997461285,-2.266922544909245,-7.582941969918416,-9.25543143847518,0.8098429295060372,-1.877160441350669,-11.074088229097532,3
18.36257806549886,-1.3893023246081349,-7.7088142555432615,-9.366001223968167,0.7522630624050711,-1.8621032417072223,-10.87129778301778,3
18.37925615638487,-0.7765918840184316,-7.6042003493394095,-9.223713028798077,0.7877709931747331,-1.8565580399755743,-10.696530676074056,3
18.395934247270883,0.14556865305349476,-7.711148449554547,-9.371295571001289,0.7563992772587157,-1.798782426988726,-10.461374149555397,3
18.412612338156894,0.988655999627877,-7.951874160630448,-9.473489065399404,0.7697769427882454,-1.8157123083999307,-10.255973048282629,3
18.429290429042904,1.7345452549594702,-8.076215639847248,-9.569183406598599,0.7976030445541352,-1.8159897033433567,-10.022724889005463,3
18.44596851992892,2.6721363489758136,-8.416209992778336,-9.91071289993125,0.8445224840798425,-1.8184723236272329,-9.795481232692662,3
18.46264661081493,3.3617751300079894,-8.415882230628158,-10.01511415748341,0.8374641881416232,-1.8156579759582576,-9.474116067645516,3
18.47932470170094,3.9967288419653606,-8.52349979866962,-9.89991430049454,0.8168337232272578,-1.7836884283765615,-9.139477398135284,3
18.496002792586953,4.890531840532578,-8.931763371543356,-10.326747059992769,0.8616587761445185,-1.804026214596006,-8.847886344512968,3
18.512680883472964,5.497392953751696,-9.020663041855748,-10.495219540639907,0.8738742151143842,-1.8439923559508618,-8.532116416861,3
18.529358974358974,6.336446604452824,-9.294383800613575,-10.714587632349373,0.9100653350374418,-1.8020238257153205,-8.149028473893006,3
18.546037065244988,7.087391893789968,-9.54222486624765,-10.959814155276755,0.9220003637780925,-1.8291330122135907,-7.773862915306928,3
18.562715156131,7.703549100868401,-9.845694038476264,-11.105709980086658,0.9684480835647816,-1.8311639843613972,-7.429757645822285,3
18.57939324701701,8.494751392909244,-10.082071740452317,-11.401541954971611,0.9690764488031807,-1.8254836529538288,-6.988204699258516,3
18.596071337903023,3.948718479918591,-0.14930513313968774,-0.1352056171212237,-0.03986730979832798,-0.17952984145432221,-5.596940505614198,4
18.612749428789034,4.417839864716072,-0.08260073573481397,-0.07055240841979238,-0.060777970356356764,-0.09982477193518094,-5.115548502753171,4
18.629427519675044,4.557521396980858,0.35131587720383184,0.3886881885669855,-0.12125304098992784,-0.06219903341508459,-4.626950852054975,4
18.646105610561058,4.749696298725668,0.6178602281548957,0.6723844986593916,-0.10815800567592497,-0.02898380002872605,-4.106113044907169,4
18.66278370144707,5.2160361923147915,0.4838042429800411,0.5652276917191839,-0.1107480338039577,-0.0249033330935021,-3.5864099140225445,4
18.67946179233308,5.533966168078379,0.4737394947992508,0.5395916511053673,-0.09217552927370255,-0.031028957170292852,-3.0573797123512843,4
18.696139883219093,5.944964105266065,0.17044070816534163,0.3323655344515277,-0.08375465606490373,-0.02374772107708028,-2.5679277647086227,4
18.712817974105104,5.996273560452302,0.11637230680525379,0.32545749727984186,-0.07974847011628582,-0.025497631974689048,-2.074603844540498,4
18.729496064991114,6.35450937681606,-0.11018920701882973,0.051987399830738745,-0.033379931663080536,-0.029847589612303545,-1.610725503210261,4
18.746174155877128,6.5157332949584355,-0.3019144356340804,-0.07666447740487126,-0.043520088951273184,-0.023294506314882786,-1.1433305831832548,4
18.76285224676314,6.279100312001706,-0.12324558563008425,0.09255454817769948,-0.03426246204898863,0.01226598933276849,-0.661362380545163,4
18.77953033764915,6.512490286078698,-0.3478504151914703,-0.13999649271078063,0.006866211871225214,-0.004981114743279592,-0.23633191971412912,4
18.796208428535163,6.523079157337849,-0.5790319255015319,-0.42996524559142824,0.0019382251911760657,0.023102533941399682,0.18886768126369669,4
18.812886519421173,6.348165806090291,-0.3933439891445514,-0.19895870830597406,-0.01657097367586639,-0.0035350747995019994,0.5751426918925344,4
18.829564610307184,6.272424677145155,-0.3607278440150845,-0.13457962207596563,0.005929475449120855,0.0028559444267098823,0.9069050369612826,4
18.846242701193198,6.360727325241005,-0.5483724700871895,-0.31738783074650745,0.02670150484544941,0.0021563703754093042,1.253180740492718,4
18.86292079207921,6.631867025294788,-0.9755400805594892,-0.6930858005435752,0.04151454099785485,0.00026168753896850836,1.5856949818835895,4
18.87959888296522,6.352386889053824,-0.7692245908129469,-0.6142629818759848,0.04236871933078234,0.012771026484635035,1.8935043576077946,4
18.896276973851233,6.011414882878501,-0.6084879088176505,-0.6025137189401597,0.044646671684459786,0.008192020613644565,2.160139060590976,4
18.912955064737243,5.48252541600226,-0.40087484057241674,-0.43706227786228413,0.03845476527871917,0.004527300473327178,2.450676710071153,4
18.929633155623257,5.280820237114778,-0.6725449483492318,-0.7360711131112332,0.04786816139294648,0.023654338340110347,2.7436130354871677,4
18.946311246509268,4.773210585669958,-0.6839184030458394,-0.6843649053344374,0.08419955354595694,0.020749200109629034,2.9833120267320794,4
18.96298933739528,4.348403678088354,-0.7941546113991138,-0.6726718508642118,0.05716646845825676,-0.009110033932752915,3.210248235556254,4
18.979667428281292,3.8366877799614176,-1.0199327602486576,-0.7260616986576005,0.06346629013224404,0.005865608097121507,3.4224912014570203,4
18.996345519167303,3.411737092738258,-1.0945066205739957,-0.8642963100473894,0.05569048338153862,0.02294125337253874,3.61708061707475,4
19.013023610053313,2.715335984055966,-0.645582800662248,-0.5332222138477128,0.056375448627075164,0.05257297060313167,3.7677266456143954,4
19.029701700939327,2.542571874941859,-1.0446548433217362,-0.8033176537387708,0.07478148252827545,0.028815444185320626,3.884675217199652,4
19.046379791825338,2.17087378586879,-1.0197248728401713,-0.9283971122397876,0.09080153138642126,0.028474937039462463,3.97527678074363,4
19.063057882711348,1.6223960627233167,-0.8272684832026054,-0.7881612798589406,0.05591547201593834,0.02879736625644883,4.091888818177562,4
19.079735973597362,1.3854756051341548,-1.079250164675697,-0.9565200973290652,0.09348593485062516,0.052111271228872685,4.172678641819292,4
19.096414064483373,0.993941953692447,-1.1379741666394037,-1.1236942576710693,0.10478565448422002,0.02711837785116186,4.2030131934540975,4
19.113092155369383,0.5169923897353295,-1.1693541817519886,-1.0812374100897117,0.1133930429750141,0.032890386696370004,4.237543819740331,4
19.129770246255397,-0.16829814356254091,-0.8956677094950549,-0.9662428067911579,0.08118298280100208,0.011238702739130496,4.236507560944419,4
19.146448337141408,-0.6737576736351296,-0.8808288843962162,-0.9256765002774967,0.10948114630673529,-0.0013748126101143622,4.226831007905193,4
19.163126428027418,-1.1846247016830185,-0.7041802493692495,-0.9135614032589463,0.07569935302966341,0.008746357130712184,4.237677025907617,4
19.179804518913432,-1.5854923629533195,-0.7738090983736708,-0.953892637634997,0.12907287772751566,-0.0064983549891793006,4.224913878471483,4
19.196482609799443,-2.0817061061362776,-0.829581896046515,-1.089849433269778,0.1053541080251326,0.02670751910397823,4.229309109433522,4
19.213160700685453,-2.690783094557292,-0.7697742120735136,-1.0204958537295963,0.08540344010093705,0.03296139113626055,4.240501316927793,4
19.229838791571467,-3.3862054620324833,-0.6807745659386493,-0.9284119910393731,0.11024696546146028,0.03708971076574204,4.222678553915408,4
19.246516882457477,-4.037244614235652,-0.6466523094694239,-0.8993835502759553,0.10101680689404142,0.02746609486487852,4.229226108632955,4
19.263194973343488,-4.423243398899317,-1.0358293758461024,-1.3457361176167062,0.08736859917812652,0.058224582812409754,4.254492143825044,4
19.279873064229502,-5.3448764444448775,-0.7021159029097932,-1.0056049312177118,0.10964658041178683,0.04628378206494562,4.226064966639515,4
19.296551155115512,-5.963970483920929,-0.8294704862804274,-1.1645776811196902,0.10780668257151116,0.05660925841183675,4.236148304492562,4
19.313229246001523,-6.903026812953909,-0.7699536307777346,-1.1099468865720723,0.10103756274595042,0.023240773685800672,4.233118707246508,4
19.329907336887537,-7.610553307843521,-0.7903999200772434,-1.1026837021765645,0.10730078523303026,0.04620986371849508,4.244172709250892,4
19.346585427773547,-8.265395390369633,-0.8935271492496943,-1.2233362633014568,0.13323623685802571,0.04312466864644646,4.215622812949001,4
19.363263518659558,-8.96198583487306,-1.0923850910413833,-1.385233880535893,0.10252487581507447,0.07733685119431798,4.2250268429417455,4
19.379941609545572,-9.9827880654344,-0.8386364389114114,-1.164481432551895,0.10047629350794185,0.05061501076108323,4.217717636638804,4
19.396619700431582,-10.777017643968358,-0.8636243424535466,-1.2821099484966196,0.12246596717653681,0.03795563097062266,4.230602785253829,4
19.413297791317593,-11.583092468061704,-0.9875568601470439,-1.4305355406149554,0.1471472012167497,0.029866333467853456,4.218363857040223,4
19.429975882203607,-12.51066023233927,-0.9466623962214897,-1.3384546556395303,0.15539104572395654,0.03320613666306496,4.215733883183444,4
19.446653973089617,-13.551078163915728,-0.7984077616889222,-1.1922672214047085,0.14731262727769487,0.04119703183916901,4.234499121085257,4
19.463332063975628,-14.443853289191708,-0.8687250532504596,-1.3577308965550068,0.15454668115721762,0.06687434558413377,4.24091623606294,4
19.480010154861642,-15.346964634186145,-0.9303327065025448,-1.367761324676934,0.15608173363107838,0.04476144327566752,4.231698075359776,4
19.496688245747652,-16.3504281501459,-0.764575537148684,-1.3775383672490813,0.13806635564371667,0.03634117903283911,4.2409445134190085,4
19.513366336633663,-17.217245854324556,-0.907828278767207,-1.4552363137413185,0.13676345681348392,0.0391560931608678,4.214990934026134,4
19.530044427519677,-18.203600370939423,-0.8459890456129608,-1.3898158507303524,0.12630079923979828,0.03677797222173552,4.230629013244166,4
19.546722518405687,-19.010693329666765,-0.7656179006680635,-1.48203811792715,0.14577307912386211,0.04019713853338858,4.193105176857551,4
19.563400609291698,-19.686296600622494,-0.8388131423576111,-1.3502574985497393,0.13764905627041477,0.049550305788500115,4.2140909325693405,4
19.58007870017771,-20.293241768444478,-0.8193460227098042,-1.3983792054089692,0.11803796461192492,0.038371280763024984,4.230361907883013,4
19.596756791063722,-20.835860051784486,-0.8941942334759103,-1.4151189577661034,0.12009968000836611,0.019801226065572684,4.232890681095316,4
19.613434881949736,-21.37729520716149,-0.7761368942336437,-1.4331131097874774,0.1409994660570068,0.02103416936351723,4.220380407096649,4
19.630112972835747,-21.72017216331841,-0.8748315707590839,-1.5994303923576032,0.14191140429128277,0.0315244591566695,4.224200941962767,4
19.646791063721757,-22.166717983748065,-0.8306401967121992,-1.4229894251188808,0.13517997270548174,0.029106289102333337,4.212541359778994,4
19.66346915460777,-22.472606087347835,-0.9148476703068287,-1.5269067057381696,0.12721275809018237,0.04240383648202633,4.220303065090469,4
19.68014724549378,-22.58871354232039,-1.068417321960105,-1.7515914927822847,0.17546541892203946,0.035091164444740315,4.212315468343389,4
19.696825336379792,-23.073124042635627,-0.7897907266385884,-1.4368708495122648,0.10967319107083762,0.05567511485318438,4.238070747433632,4
19.713503427265806,-22.98508868280501,-1.094825527502075,-1.8421534485553561,0.15974449909440636,0.03597739800633999,4.218795597969825,4
19.730181518151817,-23.28763267958705,-0.9081617605929688,-1.6579408970075704,0.14953169490101725,0.039197469462300016,4.219179179226414,4
19.746859609037827,-23.399190839579852,-0.9131728285899401,-1.5758635400516816,0.14536870635960658,0.024872083361358033,4.218625134401156,4
19.76353769992384,-23.319589400217605,-1.0129617488635638,-1.631569949700137,0.14771003990788628,0.0379792018260779,4.209458055065471,4
19.78021579080985,-23.412915526025323,-0.9213139306499265,-1.4999998579825933,0.14033741719468515,0.022991977094156107,4.212620531007986,4
19.796893881695862,-23.24998190999359,-1.177759714180307,-1.7027894476102743,0.13723223461119158,0.00447268582466544,4.182612472347363,4
19.813571972581876,-23.313393685216134,-1.0681596145535819,-1.572291937706784,0.14476132989820484,0.016127248313298852,4.145490765809857,4
19.830250063467886,-23.255669947193827,-1.1818260275459362,-1.5778985266676324,0.13534254947202082,0.04809005255095798,4.126589237053231,4
19.846928154353897,-23.33728632063401,-1.193284394278554,-1.5375998797789316,0.1628235588636261,0.04206267993661737,4.0011371957616575,4
19.86360624523991,-23.416039589271065,-1.2173181107447224,-1.58625020261774,0.13821210306170476,0.03126795810773927,3.83584140500067,4
19.88028433612592,-23.636595047407816,-0.9195315746497998,-1.4484987499201392,0.1545610169658371,0.03224570176513825,3.6821346025339237,4
19.896962427011932,-23.756145680223682,-0.6976640445047231,-1.1058565015017505,0.091226840537353,0.05244451838349849,3.505131154892186,4
19.913640517897946,-23.505044330834274,-0.7581515896063236,-1.3076258081764207,0.09600505660953801,0.030129187471119114,3.3152737615002716,4
19.930318608783956,-23.33343161352569,-0.8130009011416544,-1.3641190414399942,0.11265334915220812,0.01389831150545375,3.072798407680885,4
19.946996699669967,-23.047820580513896,-0.9965066499272419,-1.5165634669550405,0.08837424018175354,0.0357426223906457,2.8221812554525023,4
19.96367479055598,-22.93524182226026,-0.8100404240352486,-1.292932603607925,0.08729212897871072,-0.014514432186774177,2.5287472855468995,4
19.98035288144199,-22.715743285500764,-0.8138880263387227,-1.2994600699610004,0.060824145972215506,-0.01843775391808934,2.2522994160609744,4
19.997030972328,-22.61803665186036,-0.7955169649209415,-1.2191127950913518,0.06817623815528605,0.013566812427137302,1.9081716044890316,4
20.013709063214016,-22.57095800889025,-0.6313474822446832,-1.1237327422297243,0.05486919194148622,-0.02499687714655655,1.5527195876821112,4
20.030387154100026,-22.4896452667601,-0.5618565804637567,-0.9787576870273327,0.056034003722664864,0.008642578693779374,1.1603230124404988,4
20.047065244986037,-22.656333685675765,-0.22359557236582983,-0.6811531371718846,0.046760179527195044,-0.03564287970943743,0.7559324268095761,4
20.06374333587205,-22.618840065093046,-0.3024543879844419,-0.7056142358019537,0.023669583039048623,-0.028781474163322614,0.31454778316863535,4
20.08042142675806,-22.531876825986345,-0.24020262099401357,-0.713963834816731,0.040781770755969095,-0.002854253390915048,-0.14831449828076115,4
20.09709951764407,-22.430783135159793,-0.12560722722583328,-0.5579828119169292,0.017018977992822308,-0.010755962687972583,-0.6202561180771078,4
20.113777608530086,-22.58972831143098,0.1348523480436823,-0.24113008743104292,-0.025252573653103908,-0.03622668989824582,-1.1342120540348182,4
20.130455699416096,-22.46836618019189,0.18610972760618072,-0.2558050977981132,-0.024024062671482917,-0.016519665490705163,-1.678506272119127,4
20.147133790302107,-22.331988763050177,0.323057299424109,-0.12798119719422285,-0.04131570118193502,-0.03435527942564968,-2.26135820595918,4
20.16381188118812,-21.79117766657003,0.054007210427548635,-0.3803550358810064,-0.03643244619474921,-0.05405692428725258,-2.9126591220972062,4
20.18048997207413,-21.364335206274614,-0.35202535443825056,-0.870849086894828,0.028014057679222788,-0.11387453946639843,-3.614540506024897,4
20.19716806296014,-21.049653870033765,-0.4351288237466253,-1.0119444921803966,0.03277956863436413,-0.21747988614998676,-4.418863759896337,4
20.213846153846156,-15.520158942357869,-10.828599754376164,-12.79460711198857,1.1012404226408123,-1.8151757547736544,-6.077859978046299,3
20.230524244732166,-15.250857188232914,-10.452075857897743,-12.50320563737312,1.0575232187034078,-1.8391128635348435,-6.799939543333174,3
20.247202335618177,-15.147873776947133,-9.868519640558354,-11.884644273059928,1.0208902592242333,-1.8560329011609444,-7.511139492128548,3
20.26388042650419,-15.034794736399816,-9.035603685260895,-11.02507803771725,0.9167562870600401,-1.793292282159224,-8.106586403332257,3
20.2805585173902,-14.648161870106799,-8.73325479897145,-10.750045198675132,0.9170674115775749,-1.8772919103429022,-8.826638260370377,3
20.297236608276215,-14.18570720165566,-8.364152347928341,-10.32945774718478,0.861873023687054,-1.8045574139136271,-9.463215452808612,3
20.313914699162225,-13.634867094481228,-8.204744720933354,-10.078846877083933,0.8704782048151765,-1.8757505326170023,-10.175474157221084,3
20.330592790048236,-12.93256304480171,-7.922397405444261,-9.851311172089124,0.8122879045078286,-1.8466528259149377,-10.774640971505034,3
20.34727088093425,-12.435512540011615,-7.271163664932729,-9.147060919828071,0.7453025101983488,-1.7998055899041276,-11.370216406084479,3
20.36394897182026,-11.619975272560659,-7.21416343937843,-9.042192505296509,0.7542096588035062,-1.7931032556360686,-12.008916169772595,3
20.38062706270627,-10.947956236967862,-6.6007629629896485,-8.411062028515746,0.7325117637903407,-1.8199553577841725,-12.595757590767075,3
20.397305153592285,-10.22513739547852,-6.222689803129065,-8.148241886252933,0.6502849640711783,-1.8607958137876541,-13.146319444034885,3
20.413983244478295,-9.463171472036445,-5.931648538099948,-7.882597429515258,0.636764871492028,-1.8948548197685386,-13.64867212317326,3
20.430661335364306,-8.9376867466969,-5.4621876009380586,-7.199363060366173,0.5870995982867726,-1.7961718700882738,-14.078829034459355,3
20.44733942625032,-7.911142626329818,-5.571528252562429,-7.420478173851223,0.5676819227894122,-1.7959119682861395,-14.503476377766333,3
20.46401751713633,-7.2876201704437715,-5.238271245218998,-7.108555850897252,0.5626085765062729,-1.834530449559209,-14.924902147229693,3
20.48069560802234,-6.716608413569535,-4.881335324297718,-6.753510756035233,0.5542701095857425,-1.8350901139652764,-15.311672197575708,3
20.497373698908355,-6.160261947064329,-4.364189373597219,-6.216814235264163,0.5010817943959419,-1.8141793653969436,-15.610663097616557,3
20.514051789794365,-5.569309788972216,-4.206142243238569,-5.8932271669484635,0.46273591580589357,-1.7979163721749891,-15.935486272113922,3
20.530729880680376,-4.766401456406595,-4.134005969184619,-5.931959288299831,0.47185284901145297,-1.7899927176505237,-16.178834185110347,3
20.54740797156639,-4.102292169102945,-4.133112068714169,-5.965767864629278,0.45880915802234834,-1.8160465321652477,-16.401861632075367,3
20.5640860624524,-3.566054796265929,-3.991050233065553,-5.759610458341498,0.4326616765959645,-1.8054533251602023,-16.553939642214292,3
20.58076415333841,-3.0599193732070082,-3.8759386349293905,-5.648039548466671,0.43049766110166543,-1.8159527266524962,-16.70168115930914,3
20.597442244224425,-2.5890360423973453,-3.8763661126429403,-5.697717826810571,0.46320768018693764,-1.8379461968596937,-16.79696427071912,3
20.614120335110435,-2.1063414850347493,-3.804721049979605,-5.634086395157297,0.4268864559266079,-1.7620124554612104,-16.797119637229105,3
20.630798425996446,-1.6596218336266508,-4.054191343290741,-5.857181155937825,0.4489929386394577,-1.8526698235427717,-16.84225716588428,3
20.64747651688246,-1.2632130979299117,-4.010577173830326,-5.79877436287814,0.40391524358385733,-1.7835130595578894,-16.738130564621045,3
20.66415460776847,-0.979376363151613,-4.022329577729247,-5.774913373041972,0.42847143649771235,-1.7940071474237063,-16.698444731720365,3
20.68083269865448,-0.844308024790962,-3.936851088881993,-5.734241397278321,0.4273088886061691,-1.8288973871485952,-16.60567818310621,3
20.697510789540495,-0.3829048920788267,-4.208950120393418,-5.978929248817806,0.4501929124456044,-1.8437463376974736,-16.46685100399091,3
20.714188880426505,-0.152114753001519,-4.209674502875325,-5.832305981588027,0.43860162981878476,-1.7734750224064515,-16.27492958219243,3
20.730866971312516,0.0034213370009159583,-4.207354829987612,-5.807834397392696,0.4273990993718437,-1.7720659500725724,-16.06856474966902,3
20.74754506219853,0.2153182537978915,-4.301491534110999,-5.965384531916727,0.4739633485736281,-1.8171440667476624,-15.868540426839905,3
20.76422315308454,0.4924455099927276,-4.395913061833259,-6.069307162726231,0.4892767065408881,-1.8221749474968194,-15.623741393250713,3
20.78090124397055,0.9492243462075001,-4.853782668018098,-6.58792546252389,0.502317851675481,-1.845571407463,-15.349502432568142,3
20.797579334856565,1.3210774990162935,-5.060003287378272,-6.797879578842219,0.5355247033307252,-1.8305247510720002,-15.035675714390624,3
20.814257425742575,1.426810171925121,-5.204972378311219,-6.855199393697257,0.5210671916708042,-1.837638473034554,-14.715860221034971,3
20.830935516628585,1.7529788460640483,-5.29496717543714,-6.935094227394872,0.5343316559320591,-1.8124154209644077,-14.324289827590516,3
20.8476136075146,2.17490397102851,-5.5901438167094595,-7.249204016299135,0.5492995360806863,-1.7961928254814694,-13.987688177023545,3
20.86429169840061,2.3729821994195817,-5.7262689899685295,-7.37513869686187,0.5689250786934131,-1.8173916750843735,-13.6084959734935,3
20.88096978928662,2.8804049009860884,-6.194623822401945,-7.814076206184477,0.6312427418768711,-1.8109229324543616,-13.237750998430691,3
20.897647880172634,3.2082513197495444,-6.286803348429305,-7.895850900674484,0.6567629898944541,-1.8450545383174388,-12.82451111708273,3
20.914325971058645,3.526548185447614,-6.422240320660769,-7.942301299475791,0.6608431347373795,-1.8290276685113422,-12.34653543498866,3
20.931004061944655,3.9979144160223097,-6.938554469604265,-8.347075735639553,0.7044065097898665,-1.7894483233753284,-11.878613441485312,3
20.94768215283067,4.318096294282904,-7.070383593189366,-8.561273110026635,0.7429356520352783,-1.8920166112519714,-11.44222605837287,3
20.96436024371668,4.911306388107192,-7.622231407830015,-9.060142353481066,0.7718732489092586,-1.8110513741020187,-10.891645334494351,3
20.981038334602694,5.4382812916034995,-7.996473619401823,-9.515986550702104,0.7879988039918474,-1.8309434239582643,-10.339532170071562,3
20.997716425488704,5.61295771107001,-8.149203991949673,-9.556449730927358,0.8118065370446785,-1.7936101255245507,-9.780544553132373,3
21.014394516374715,6.100596177323808,-8.788911202273244,-10.234808956299707,0.8220619522231983,-1.8649915910449362,-9.182555832158796,3
21.03107260726073,6.670575759990885,-9.286257347051137,-10.67339534953147,0.9151051190701108,-1.8237413232364137,-8.587538628144479,3
21.04775069814674,6.830571333464029,-9.30714787850686,-10.718161755732046,0.9342575593131549,-1.8243002312196723,-7.9264697089246186,3
21.06442878903275,7.444426970605058,-10.035005582997712,-11.42230381834912,0.9520744499719377,-1.7972819081774367,-7.296247272355918,3
21.081106879918764,2.4569586869311553,-0.27749777111736296,-0.2685848786416629,-0.06900227656688132,-0.1513026311026249,-5.620937705004907,4
21.097784970804774,2.1808840720051195,0.3626123007878824,0.37235405365572993,-0.09109999966705785,-0.12866460375066954,-4.889179792663368,4
21.114463061690785,2.173946758525315,0.47009416111990904,0.528291219409906,-0.07268285997161264,-0.04482036753039323,-4.131694934910333,4
21.1311411525768,2.0784740675119364,0.6093402137645851,0.6627102542733603,-0.11827486120148015,-0.06212931723487484,-3.369234740209696,4
21.14781924346281,2.0387558698441293,0.4026801226461128,0.466770022085255,-0.08832857503501598,-0.07251839150783058,-2.6640689704669516,4
21.16449733434882,2.2922052546139797,-0.14283344390708508,-0.11703798125884812,-0.04292045482877802,-0.07704340235674184,-2.0089871678999436,4
21.181175425234834,1.867064914959527,-0.049596277001354605,0.02612609977376046,-0.04887953920669953,-0.023047166214322908,-1.3281751566839968,4
21.197853516120844,1.4808455487581969,-0.14483190589014722,0.034488911993602545,-0.04101865268008312,-0.029869233704773932,-0.7115464224187554,4
21.214531607006855,1.3436458638340745,-0.4476497820294725,-0.3350868331630753,0.006160070551125755,-0.02003870062315264,-0.13613374977451997,4
21.23120969789287,0.7927223066920672,-0.5015735740592142,-0.3623997787106732,-0.000980120026569463,-0.02924095207570829,0.42260326480492083,4
21.24788778877888,0.2370043322748719,-0.5871571007786027,-0.33323174704724035,-0.0029847444456251207,-0.017164546297871848,0.9627924560922516,4
21.26456587966489,-0.25609864862965054,-0.6535041852276718,-0.5150904235204187,0.040951757378399595,0.0064416912335401024,1.4756581341656123,4
21.281243970550904,-0.8268144622270994,-0.8638846307134751,-0.6508773502873413,0.055941571332051625,0.010228609195141505,1.9061944317437336,4
21.297922061436914,-1.6765382575453276,-0.8664393667605503,-0.7778620987711589,0.06409576882764065,0.013238137389558863,2.342286584660578,4
21.314600152322924,-2.380573964140721,-1.1214125865751678,-0.9170783335959563,0.07797160494277752,0.012165011224037754,2.7009235784506798,4
21.33127824320894,-3.3818164217743205,-1.089696048000564,-0.9679304733198364,0.0806378274460466,0.00610317559540712,3.03136830820474,4
21.34795633409495,-4.337371064753131,-0.9868937781515043,-0.9475433238094575,0.10427141273924433,-0.0017474769084641847,3.3366440984225787,4
21.36463442498096,-4.964119360631962,-1.4449648647747693,-1.3727231554727917,0.1182989765874127,0.05273450111034178,3.5971485300582597,4
21.381312515866973,-6.095014913547919,-1.1422753787207214,-1.1409620911352545,0.06858132684029725,0.04311934796878749,3.82157071087699,4
21.397990606752984,-7.12511452688141,-1.088652285934942,-1.1067462929200012,0.1164508184967751,0.03718472970063411,3.988818737119909,4
21.414668697638994,-7.861063147845645,-1.1427737711477892,-1.254359248979575,0.11186778348915671,0.05952156143922975,4.173918076310538,4
21.43134678852501,-8.765482973056068,-1.1531315705584988,-1.2344893448872696,0.11012100385680106,0.037778229326284385,4.284010837261926,4
21.44802487941102,-9.586377405148834,-1.1288529148057884,-1.2862435855534038,0.1033952598197771,0.04118695376183344,4.37628003846127,4
21.46470297029703,-10.2785115301263,-1.3180685897875757,-1.4157946854997228,0.11424571950071352,0.06906820014938463,4.424038274340433,4
21.481381061183043,-11.021692222625257,-1.2237337315925454,-1.3970318756684632,0.09424451982090803,0.04119902039444427,4.440368362408739,4
21.498059152069054,-11.812408101202378,-1.2171854435080962,-1.322896629168938,0.1307850333677016,0.04125839394408203,4.419836467373656,4
21.514737242955064,-12.604363101927124,-1.195251324058341,-1.2701712516763815,0.11868163331086563,0.05880881413564817,4.359654867658608,4
21.53141533384108,-13.1923131118642,-1.3203586231671038,-1.4907195752835225,0.12963595758616506,0.0463800846055567,4.2880613148277,4
21.54809342472709,-14.036422640572273,-0.9628626581584525,-1.3500117456899328,0.12958849032249975,0.037914661324055965,4.27685936825097,4
21.5647715156131,-14.760644066161195,-0.840509361256847,-1.4178937644627831,0.11571032935779511,0.037272598068190485,4.240615100344387,4
21.581449606499113,-15.503503915619694,-0.8215750251479292,-1.4885060980625395,0.09455880604988377,0.058355428322882,4.231935769340219,4
21.598127697385124,-16.393871319761235,-0.6272892691763481,-1.2984605356834482,0.09813176877873206,0.03340752880010218,4.191830887545039,4
21.614805788271134,-17.046787337693768,-0.755057929214189,-1.3829544335193287,0.11644865197495505,0.024634914731073692,4.2088585145114505,4
21.631483879157148,-17.786420035766007,-0.7622081398843799,-1.277488480790029,0.09107118485134316,0.039907633826972426,4.232202320191806,4
21.64816197004316,-18.750487642032727,0.029316433558927102,-0.59793010516794,0.037531354134536274,0.02151616900174095,4.3050675530648945,4
21.664840060929173,-18.754892104606043,-1.0394244727615103,-1.4997203940308186,0.12326786122459248,0.022475712001647514,4.259829777106576,4
21.681518151815183,-19.42476788859476,-1.0098703074988453,-1.3338053742531315,0.10147270225184217,0.0533344053806294,4.277844327146155,4
21.698196242701194,-19.778914450934966,-1.1381810613699113,-1.5365984624823072,0.11899346277827758,0.03139440121019276,4.270861657161319,4
21.714874333587208,-20.259986564975463,-1.1617064707604259,-1.6510194291482057,0.14548125555370253,0.052911460603305246,4.261937859434183,4
21.731552424473218,-20.65062405751664,-1.076927472297112,-1.6054774411420585,0.1183774750621438,0.0512152162691918,4.284075834812981,4
21.74823051535923,-20.880783183189948,-1.3650312925104595,-1.9733105149272854,0.1603260378381368,0.052098432890998844,4.237892607161103,4
21.764908606245243,-21.593408653318257,-0.9170669504200317,-1.5251746262342234,0.11460225755216558,0.048301986728132844,4.255308245420766,4
21.781586697131253,-21.97929461369982,-1.0278730006820194,-1.67504464339103,0.11597203473288267,0.07109729916985522,4.248709578005833,4
21.798264788017264,-22.389535425450998,-1.033531184815847,-1.7441005173653696,0.11963764868821129,0.06868234443817087,4.226897852399309,4
21.814942878903278,-22.742141450454497,-1.1348592969206397,-1.8326815323325034,0.1369033438829507,0.0577088849969377,4.2121309092510035,4
21.831620969789288,-23.439789287777714,-0.9582563868855578,-1.6777613281693382,0.1526277789791951,0.03401457335293835,4.1972467818441865,4
21.8482990606753,-24.086393186562937,-0.8042680520393226,-1.5444539912785062,0.13440046528591665,0.05393444498812955,4.223310261781028,4
21.864977151561312,-24.69886950795259,-0.8384229890452204,-1.5949691567230815,0.1247287049535628,0.05824066399826983,4.205947152139517,4
21.881655242447323,-25.060952998053082,-1.1014764004179902,-1.8003719436565024,0.15709930657128704,0.039645204772971995,4.204080205894545,4
21.898333333333333,-25.766210526880638,-0.8752449550427599,-1.6628456150064688,0.1275586295938585,0.04630634974523667,4.2361361677543865,4
21.915011424219347,-26.54010430495626,-0.8484310297732156,-1.6071951718304742,0.14664714465768555,0.04057539185552287,4.2195936704639,4
21.931689515105358,-27.128623867559526,-0.9682402604156479,-1.6988648765176606,0.13769808817961385,0.044697625938615815,4.2173441454311416,4
21.94836760599137,-27.775947125667017,-0.8697074156071949,-1.7188133828705947,0.13098586123164613,0.05618980144301192,4.21213085048455,4
21.965045696877382,-28.476623714424985,-0.8477461225429286,-1.7096558042811951,0.11667031523610849,0.04977338215443751,4.223288681232023,4
21.981723787763393,-29.17220903728036,-0.7890554359723003,-1.6488831159292472,0.1458789781867493,0.04206449008413161,4.227533119740388,4
21.998401878649403,-29.65626240274575,-0.9469269469935808,-1.7979389134741872,0.14737113748298414,0.049478435709655585,4.212690478705151,4
22.015079969535417,-30.244713459585185,-0.9386775704372665,-1.779001808833513,0.1696495050469915,0.052273274714355986,4.212551798865328,4
22.031758060421428,-30.73645780937076,-0.922687553520392,-1.6463977442760562,0.1341655741933412,0.03111030302888367,4.214392967619621,4
22.04843615130744,-30.939295232738246,-1.0193740429971605,-1.811351778889465,0.14397787519390953,0.07113001634682183,4.250394916689976,4
22.065114242193452,-31.33594843605574,-0.9577847986277845,-1.7234721001249476,0.15619364065050562,0.029847798257153123,4.223365454828844,4
22.081792333079463,-31.538032415532314,-0.9720504363289297,-1.7205272461876842,0.12767032696468675,0.005360037193374867,4.245640019833641,4
22.098470423965473,-31.65200794425476,-1.093675947691331,-1.8276400984546992,0.14904908252426344,0.06398673512270824,4.257065975006558,4
22.115148514851487,-31.92169667277366,-0.9921069876147399,-1.7881807919022137,0.1332239591449815,0.03309663965518976,4.243509185348468,4
22.131826605737498,-31.904537836200703,-1.2090498723145053,-2.0022149991095706,0.1758670321905566,0.07550176934328189,4.260433525450621,4
22.148504696623508,-32.364794056253466,-0.8713142880870954,-1.6133325222926835,0.10989012587655873,0.05374648102896928,4.250433721714589,4
22.165182787509522,-32.366281510425615,-0.9267974116245554,-1.7920152138878276,0.1370382970961784,0.040812328629740914,4.235453638008955,4
22.181860878395533,-32.6107097998513,-0.7326747885452978,-1.5349637409217767,0.12383477440402903,0.024587987971238998,4.222866011650214,4
22.198538969281543,-32.54880815256017,-1.1163783040025361,-1.9513931734768892,0.1687457532167702,0.04189845445423614,4.22855536485821,4
22.215217060167557,-32.63072870305618,-1.078380121287946,-1.9079514408723703,0.1612382639205531,0.043310725496253956,4.225551557907727,4
22.231895151053568,-32.941809094364515,-0.9364572957968189,-1.6971207160143695,0.12284129869894128,0.05216983582291884,4.208781402429954,4
22.248573241939578,-32.80554189605341,-1.1725846420940762,-1.7499267590782352,0.11685949207346208,0.07852166397321995,4.169968411024277,4
22.265251332825592,-32.818624936858306,-1.2284889791621065,-1.8472152448583454,0.17301946305599558,0.05028850216013741,4.01224622659428,4
22.281929423711603,-32.811940120935375,-1.357338361534092,-1.990894027964977,0.12532396546794938,0.015286057912578062,3.8262715903123468,4
22.298607514597613,-33.014393803510345,-1.0189352794617506,-1.7619063847178786,0.1215149118505064,0.026430072899996812,3.6665604104036293,4
22.315285605483627,-33.08714984739719,-1.0870768375961823,-1.7147168348438626,0.11934962337139356,0.0602624686494319,3.4921301043360997,4
22.331963696369638,-33.47278385473566,-0.9629475422390197,-1.4750956597590754,0.09471379059206254,0.04340473310262278,3.2899140884215647,4
22.34864178725565,-33.597106347486545,-0.8943655865033051,-1.5312122727567399,0.13024866084033918,0.0392860768674471,3.0590511486414678,4
22.365319878141662,-33.625446906589936,-0.9448773894990872,-1.6242197083304237,0.1080557328272812,0.013947769912307022,2.7678447059434457,4
22.381997969027672,-33.9254244520799,-0.8162885995380051,-1.5470423640532829,0.1144280449828546,0.0243322326455699,2.4617668377115303,4
22.398676059913686,-34.11055320253145,-0.7025588790239023,-1.401549290626626,0.09406449434531056,0.012640530380224264,2.142974173997129,4
22.415354150799697,-34.06999140380898,-0.7595963353981254,-1.4642149838707859,0.08068732455163243,0.021568041646704787,1.7801222064905782,4
22.432032241685707,-34.335309405823274,-0.5625631059545899,-1.2218437388396985,0.059245792762187485,-0.02210452891501488,1.3871051623495452,4
22.44871033257172,-34.21336464491427,-0.6942225819869492,-1.3990718208418542,0.06499437060488159,-0.007285715456295524,0.9656835138094598,4
22.465388423457732,-34.532795122030265,-0.36209484854957275,-1.1131130187070024,0.03501064684013051,-0.000675412050303847,0.5011452900598089,4
22.482066514343742,-34.60326086922149,-0.45245457156824287,-1.1093774181638132,0.03329920728334576,-0.00016457598160685478,0.03231942483830426,4
22.498744605229756,-34.79130718959297,-0.2711595106090723,-0.9926477951718855,0.012865236774136521,-0.018371593078074424,-0.4794083776140589,4
22.515422696115767,-35.05144299942963,0.0024427573601464303,-0.753719514803624,0.007567929900051658,-0.048798277436665614,-1.0489829544015012,4
22.532100787001777,-35.27405259185624,0.14086545103634585,-0.5462444016748815,-0.016318498698020215,-0.0025481016717076093,-1.5858678687467853,4
22.54877887788779,-35.0936976740904,-0.22721120950697404,-1.0073712346049177,0.027202071894803215,-0.10503012776660772,-2.249182925394658,4
22.565456968773802,-34.93066234671762,-0.6783426766875831,-1.559857613037968,0.035916126534315904,-0.12941260483016487,-2.925029202746482,4
22.582135059659812,-29.374967881937003,-12.2924279010047,-14.630944916168296,1.218547935872983,-1.8603685266334877,-4.598584970256587,3
22.598813150545826,-29.611085160997217,-11.670432581490987,-14.108528961887394,1.147575281492152,-1.8841189122109683,-5.343898497995113,3
22.615491241431837,-29.72827443723446,-11.609156900768898,-14.123889860892886,1.1801463686121831,-1.9095400564037879,-6.090123062330197,3
22.632169332317847,-29.99818294734294,-10.770290686102237,-13.403369710240709,1.1095872391246817,-1.922467352628091,-6.784141758546299,3
22.64884742320386,-30.22691088515855,-10.159137450996889,-12.836955898835638,1.0504476787416908,-1.8985140713152004,-7.4914258813613435,3
22.66552551408987,-30.40829469775008,-9.79051129717699,-12.288979234500365,1.021119796075281,-1.9121415661599068,-8.190268933208952,3
22.682203604975882,-30.408889806761728,-9.660308517226069,-12.07736565086669,0.9959713231543091,-1.8859471519134723,-8.81028823914129,3
22.698881695861896,-30.64463356367038,-9.136749010113169,-11.494174243696332,0.9039400281595888,-1.8849499120354676,-9.40515055271484,3
22.715559786747907,-30.947186952994215,-8.55785262081092,-11.008489926981914,0.9019581715275539,-1.9277078892192743,-10.015383047488063,3
22.732237877633917,-30.795161713171016,-8.557730074236177,-10.711363435306295,0.8647756594955729,-1.8854640491903036,-10.624740383842067,3
22.74891596851993,-30.902339459806786,-8.088470071903389,-10.299493327163214,0.8466266431839892,-1.8381022650629881,-11.136935221806764,3
22.76559405940594,-30.802824881512024,-7.557476882017266,-10.007895605527768,0.8154070279619319,-1.8903430094310907,-11.705869873965293,3
22.782272150291952,-30.659799291364585,-6.9978103533545735,-9.46734753464935,0.7214468617528929,-1.8478029113016696,-12.180878868101107,3
22.798950241177966,-30.504143501949535,-6.778987533733314,-9.404303688728437,0.7137717678935538,-1.8748556524265572,-12.72379466491959,3
22.815628332063977,-30.532898154964908,-6.1581240089311375,-8.676371750071496,0.7157244573691519,-1.8844907852483475,-13.218966991111065,3
22.832306422949987,-30.057889126614327,-6.145576363640327,-8.78085058201465,0.669732486355387,-1.910097563541461,-13.719179044061262,3
22.848984513836,-29.8346759902093,-5.748180597408116,-8.311575983433578,0.6573952838367826,-1.8818921923585819,-14.155468656580327,3
22.86566260472201,-29.717180834124242,-5.615211002770673,-7.9608233457929245,0.6293433867347743,-1.8704753084858154,-14.519783703828505,3
22.882340695608022,-29.53626325305661,-5.586671743745256,-7.90895040153173,0.6131478718255858,-1.8511608586608008,-14.822312423155179,3
22.899018786494036,-29.46495286677021,-5.3495787023372205,-7.678536154890951,0.6045926922973984,-1.8908461912346832,-15.161022005395562,3
22.915696877380046,-29.22520348384123,-5.345210386076789,-7.782282711151991,0.6298824816318199,-1.901033017845269,-15.459125113052176,3
22.932374968266057,-29.476183607488625,-4.774400278184137,-7.250276188511982,0.5444084571305037,-1.8985415490045177,-15.63897338185162,3
22.94905305915207,-29.444414084824235,-4.759454036642802,-7.189236345368411,0.5685419342572011,-1.9410800723820634,-15.85273783064045,3
22.96573115003808,-29.301581718267997,-4.597965816827728,-7.050219385457749,0.5488792452412972,-1.893004041529869,-15.99802259601246,3
22.982409240924092,-29.00439570403055,-4.838947544670326,-7.328921950305145,0.5590924317028526,-1.9263680506408465,-16.174802543798823,3
22.999087331810106,-29.06254871514066,-4.656052592896373,-7.030856990411229,0.5504273737871529,-1.9293209997018361,-16.259373913407174,3
23.015765422696116,-28.972465693063572,-4.430347861816189,-6.872865114821827,0.5319033017011878,-1.8608163849402557,-16.317390206330252,3
23.03244351358213,-28.89127021097277,-4.402870917269195,-6.809639268449125,0.5157200624243834,-1.8460763668760647,-16.333144864647252,3
23.04912160446814,-28.69903344702853,-4.6156272649113355,-7.064999841059454,0.5463421463661803,-1.8585894464716413,-16.359096664011346,3
23.06579969535415,-28.489176180439475,-4.835950707761503,-7.2775629965077915,0.5826748778113566,-1.8745579817948517,-16.380301910571532,3
23.082477786240165,-28.61306502763307,-4.600479796215336,-7.034407231838613,0.5432859092789992,-1.8890137881932316,-16.33088053446393,3
23.099155877126176,-28.313421022998202,-4.656242132143932,-7.097046029156163,0.527488703872847,-1.8330379308116456,-16.238709173133486,3
23.115833968012186,-28.328706634399786,-4.507004387587535,-6.962368735770826,0.5493288061416468,-1.8941437122013187,-16.199153078730983,3
23.1325120588982,-27.986306323683756,-4.717278082132031,-7.108813294507792,0.5429773794297825,-1.8862617319018558,-16.072844836878076,3
23.14919014978421,-27.600418241772807,-4.906055941188663,-7.44547586191152,0.5930647359705256,-1.9250359507590622,-16.01694573143515,3
23.16586824067022,-27.228691521628484,-5.026851113734958,-7.417390494007952,0.6071050091186484,-1.9224194289393919,-15.902857987185689,3
23.182546331556235,-26.8823897358857,-4.963045680943404,-7.431676836449755,0.558147193705762,-1.9059435105598044,-15.736016019394155,3
23.199224422442246,-26.470449791532356,-4.903965942459475,-7.407699186017149,0.5769535392222347,-1.9597079140943199,-15.637139997282521,3
23.215902513328256,-26.036914339886284,-4.941643073181643,-7.2850612504877965,0.5856782609544283,-1.9077232915462552,-15.481317322372421,3
23.23258060421427,-25.285787742955364,-5.194128705171991,-7.6165158333492595,0.6057274867967091,-1.9319969452813879,-15.346969640004826,3
23.24925869510028,-24.568109792221808,-5.287272756877666,-7.62800161046988,0.6187277027575155,-1.9132351805887675,-15.164976640984804,3
23.26593678598629,-23.814079790918527,-5.508435049332697,-7.792607674678409,0.5917318686131352,-1.9583280610393756,-15.006112249052872,3
23.282614876872305,-23.00934558817228,-5.570614726979215,-7.8521805937817515,0.6343498313625353,-1.8985235890880292,-14.803790241562853,3
23.299292967758316,-22.325737540335066,-5.624119040779306,-8.033010791099844,0.6474276956380901,-1.9430973420875972,-14.569864244307904,3
23.315971058644326,-21.48847849989785,-5.785016496924311,-8.201367511389929,0.6513137117400418,-1.919805890419801,-14.309002800810733,3
23.33264914953034,-20.816787739020793,-5.67887174162118,-8.165589691034969,0.6185341463460174,-1.9332548167970902,-14.07754231542852,3
23.34932724041635,-19.952060723440933,-5.731601368158259,-8.163057147222343,0.6277933339514863,-1.9062449041364782,-13.782080025547698,3
23.36600533130236,-19.044167196516483,-5.896820426497312,-8.362678587796562,0.6453394755682749,-1.951678242800943,-13.534217732199561,3
23.382683422188375,-17.967368764251933,-6.137104079748573,-8.521199895004832,0.6719229731338062,-1.933254342242298,-13.290535909896594,3
23.399361513074385,-16.696658765748005,-6.320457458390534,-8.428003039924192,0.6589899396918094,-1.887984446928255,-12.9947684481945,3
23.416039603960396,-15.49893076120341,-6.453255676265585,-8.398636347153689,0.7134035374512915,-1.896803818454324,-12.790101100179426,3
23.43271769484641,-13.932850434783921,-7.005045576959943,-8.924802534513319,0.7620434534367763,-1.9252512391991343,-12.575656820936299,3
23.44939578573242,-12.586416973437995,-6.939181722482287,-8.715081114897583,0.7043267543642217,-1.8943392421325749,-12.256373213262052,3
23.46607387661843,-11.169317860577493,-7.016850986807741,-8.88305191542263,0.7390653185293987,-1.8807244089967308,-11.988142877959401,3
23.482751967504445,-10.078919497891512,-6.896049992331746,-8.818000583485361,0.7883054057699308,-1.9359320455769968,-11.67418661183512,3
23.499430058390455,-8.703842295057898,-7.311424397003195,-9.21277671615063,0.7550025532591728,-1.9135173994862111,-11.245294370751106,3
23.516108149276466,-7.400368570759596,-7.4944890332601135,-9.312521535816394,0.8003930759205077,-1.8980909554659986,-10.87269124310542,3
23.53278624016248,-6.176190157989974,-7.620526170213615,-9.52425044091455,0.7890740066479567,-1.9274323437482381,-10.454982732727421,3
23.54946433104849,-4.805204926646891,-8.092822126102227,-9.682291508502345,0.821828703920186,-1.872832597806745,-10.008743328519799,3
23.5661424219345,-3.3780691676595618,-8.563560224641286,-10.255187183177707,0.8547373304448074,-1.9049394224591178,-9.557682004623334,3
23.582820512820515,-2.1594076498042307,-8.792117118239569,-10.4389308095854,0.8550163404189846,-1.879189276695327,-9.06233664602182,3
23.599498603706525,-0.9435242698319906,-9.035507883528,-10.637029299551054,0.9056267453878907,-1.8342368894895198,-8.559214608549023,3
23.616176694592536,0.25256459306054513,-9.380139890665596,-10.865431061691773,0.9203507069175763,-1.8484990875667664,-8.023496563693865,3
23.63285478547855,1.663382047501866,-9.97864767906643,-11.47769295539077,0.9797102097423098,-1.8618214626201834,-7.532121156320475,3
23.64953287636456,2.930732951906065,-10.69555582741052,-11.955509811688776,1.0232961003438608,-1.8567010349792195,-6.951711277792541,3
23.66621096725057,-1.3967784899084017,-0.21198705754151398,-0.3246720521962048,-0.04628077522438432,-0.1583416805810369,-5.293342163011503,4
23.682889058136585,-0.8139371093937142,0.22471686491275486,0.21856845516458753,-0.08695854046637429,-0.09685377748155534,-4.650803495400993,4
23.699567149022595,-0.09877185911999103,0.6383785948099759,0.6809435080762184,-0.10035689060675947,-0.05422719575007326,-3.998368885688425,4
23.71624523990861,1.0579037475167945,0.262139283375764,0.39332477880229494,-0.09563410500055718,-0.07112868262822436,-3.404252577280983,4
23.73292333079462,2.1972439133184083,0.21225900685504895,0.24549598834886738,-0.07020708311005094,-0.03989076402166094,-2.7969198510448936,4
23.74960142168063,3.0968670408775942,0.22711313438830738,0.38411624164437663,-0.07320923587189335,-0.05603375411303929,-2.326322966317876,4
23.766279512566644,4.546622644824392,0.21992026679662646,0.31150106362168284,-0.07673706048083222,-0.012952755246918841,-1.8391387509319104,4
23.782957603452655,6.207230338088372,-0.10762291447922379,-0.01625773776737449,-0.04461351915810521,-0.05719135966395641,-1.4733869100674672,4
23.799635694338665,7.407277484186789,0.18045212667466815,0.3240166387991432,-0.09318353015084097,-0.02612940206811573,-1.0536278501207177,4
23.81631378522468,9.120962959138216,-0.2951549922512444,-0.11759476063851704,-0.05038852530644287,-0.040396634826505164,-0.6841612410524103,4
23.83299187611069,10.353975197676034,-0.13816723880065762,0.18026283164563806,-0.03190812948621365,-0.03545096027463448,-0.31389490055643937,4
23.8496699669967,11.823102849735253,-0.3416169948171208,-0.03706238224134539,-0.024322681229535105,-0.024019854051542406,0.06702878529402476,4
23.866348057882714,13.22190257782476,-0.5425693890577081,-0.14446682667290656,-0.022138585114539432,-0.040857197651955605,0.39554269845368384,4
23.883026148768725,14.254478254306697,-0.35645633354408,0.05944000262447169,-0.02381617234006186,-0.03346085474602547,0.7454780334697607,4
23.899704239654735,15.585612217523362,-0.5530107237866844,-0.054377954918313876,-0.012891445747041569,0.0021246514914502516,1.0493557222053667,4
23.91638233054075,17.156882161595437,-0.7356683826914185,-0.3594815341494577,-0.0006245522325147306,-0.015972600258844852,1.3170153746397568,4
23.93306042142676,18.409014927530098,-0.40475151185069613,0.06080718711281197,0.015221297686905354,-0.03859883095067381,1.5621453327382213,4
23.94973851231277,20.082986849371864,-0.6011296169170812,-0.11090760605328054,0.004231008880276582,-0.02545042548277127,1.769621963277983,4
23.966416603198784,21.786639658803168,-0.6976465731932562,-0.27901561204920977,0.04055365753529109,-0.020452458412644352,1.942889975866448,4
23.983094694084794,23.16337772428693,-0.5483445145023573,0.011076395814729523,0.0002473513935160826,-0.02707370905136492,2.172822010955125,4
23.999772784970805,24.970569443532654,-0.8990372142858964,-0.1848540967441883,0.048896423781527795,-0.01055884353618972,2.3653959465902044,4
24.01645087585682,26.431743809350202,-0.8987817648223784,-0.07498092518317456,0.0023859878595029085,-0.01666004607790989,2.5360416152384007,4
24.03312896674283,28.070980162805636,-0.9187561514418956,-0.03689303128456345,0.017060783161373876,0.002969213273338896,2.737020649704389,4
24.04980705762884,29.727599817795028,-1.1124943807179957,-0.2843042608528954,0.03807726699289183,-0.016846473052619552,2.887532989448494,4
24.066485148514854,31.2385947993335,-1.1331293044679338,-0.39980173040441613,0.042312022533502885,0.006038593628695779,3.013078312495819,4
24.083163239400864,32.37391752050144,-0.7048942964942029,-0.10891034823811374,-0.007851765324803665,0.0010696635722493302,3.150596524981269,4
24.099841330286875,33.71961417692354,-0.6126069350707173,-0.01541555873302869,0.027026969403261273,0.010285218257053091,3.2743621797203426,4
24.11651942117289,34.90978657298435,-0.7193320299114436,-0.11474061728924667,0.005005103567114006,-0.00853415856183664,3.382548639207844,4
24.1331975120589,36.067326371271236,-0.7078439331404134,-0.12077028657553512,0.022507461930626974,0.001030818386643662,3.500347347177205,4
24.14987560294491,37.20905061812836,-0.8770316348330081,-0.17677908302494494,0.017132613822036246,0.0008628110692954908,3.6180337522235244,4
24.166553693830924,38.146306737041755,-0.936331003236905,-0.10975745909342649,0.00035362719034008063,0.0016613587681221492,3.750401137788954,4
24.183231784716934,39.18171493526794,-1.1328045412581265,-0.1953875964322247,0.023760508401737747,0.02991389203859892,3.874251768084936,4
24.199909875602945,39.91300358974153,-0.9313743035303688,0.03449582504407722,0.016846313140370866,0.020204630626992317,4.004548692657537,4
24.21658796648896,40.92837537163826,-1.217730298114514,-0.2696278413677451,0.005418409371988896,0.02906256796175317,4.085888331249338,4
24.23326605737497,41.68423731306258,-1.2613164357082933,-0.21585293651934556,0.03564257789962366,0.011041333692523483,4.16535382331419,4
24.24994414826098,42.36720443183229,-1.2143477771076299,-0.20045149930074935,0.026146853704695376,0.02163534738665269,4.207920103869321,4
24.266622239146994,43.14049344857673,-1.3202726271422431,-0.31998180068074156,0.0032177755699074467,0.03157953819213556,4.2299423006402845,4
24.283300330033004,43.68899643317073,-1.030139984691747,-0.015739888779034317,0.008506909288557518,0.022829150762455896,4.215632118685138,4
24.299978420919015,44.74520392447144,-1.3057758181180272,-0.3761648031479865,0.05140257588570246,0.0013995116489090168,4.228005322775624,4
24.31665651180503,45.32922323561483,-0.9524738040372487,-0.0327891809832046,0.027576517321794065,0.010096533785648879,4.219130275207269,4
24.33333460269104,46.33279279262009,-0.8962422300996895,-0.07851828865610244,0.01890896786063672,-0.0073708728975170066,4.216296958019634,4
24.35001269357705,47.4957355485293,-1.078019047801348,-0.31627789561304454,0.033802627726237516,0.013125237385706975,4.215014763462168,4
24.366690784463064,48.46018531376353,-1.1239056323146528,-0.2998822831541208,0.02472545120502995,0.006118097394792157,4.217389389249456,4
24.383368875349074,49.16084415092632,-0.8048604607433933,-0.08333689283162649,0.013265229332845312,0.013392686720115536,4.218778431424817,4
24.400046966235088,50.279375073296364,-1.192707779629325,-0.19297411776959628,0.03176136884762401,0.035840508081483986,4.2420482346019055,4
24.4167250571211,50.708909153350696,-1.0135982923314106,-0.013185515206808773,0.04078336328923066,-0.008619917997996043,4.243254245020651,4
24.43340314800711,51.23271334776219,-0.9049399033058787,0.21786902601558644,-0.005270984727550378,-0.015517949645818438,4.24803006879183,4
24.450081238893123,52.26942607359577,-1.3129524388507932,-0.2305498357457516,0.013824488054155324,0.008166068303493838,4.247620914003962,4
24.466759329779133,52.705306675782765,-1.1299082863770469,-0.02576341354946976,0.014305859490323859,0.01648895760730878,4.247946354862443,4
24.483437420665144,53.38756650247207,-1.073348944714125,-0.051099385672063846,0.016539826773560085,0.03168645842152135,4.235749654556192,4
24.500115511551158,53.93188224337713,-1.0489037329960915,-0.04474264922496829,0.029303613305820417,0.0009950948637461544,4.215085036774511,4
24.51679360243717,54.69156430293374,-1.1218111442287757,-0.2044050825738104,0.038205640370538516,0.009319518646316282,4.2208853162114925,4
24.53347169332318,55.141281938722116,-0.9668171372760419,0.021313095749448507,0.01339773430537358,0.03145160991168176,4.213634044823897,4
24.550149784209193,55.834546345998874,-0.9338915032538058,-0.07169444607264097,-0.0006512984337020204,0.006095076115948792,4.221429867605915,4
24.566827875095203,56.35636206344206,-1.0905604680247283,-0.13190441566225175,0.015469338459602088,0.00042579681270470034,4.213327378696815,4
24.583505965981214,56.86039178618249,-1.0657147392259105,-0.006194200298313746,0.013705891729542131,0.0035436092749421793,4.246916491692384,4
24.600184056867228,57.28510418065203,-1.1578969169140052,-0.005775051335159986,0.010865372283483917,0.015545921771823503,4.238363770352748,4
24.61686214775324,57.45774946752408,-1.0242338784043525,0.20454164442425338,0.008802654463647044,-0.011173948805373032,4.252160262814172,4
24.63354023863925,57.987368911477596,-1.1608313373365426,-0.1235292020654164,-0.00027853368310556514,-0.0067389681556853254,4.2427465840503205,4
24.650218329525263,57.97215898524099,-0.7254897518354468,0.15878118909950345,-0.017953248806967668,-0.0061242055438177154,4.2346630425540095,4
24.666896420411273,58.287154723879546,-1.0009265861264858,0.014633993868297779,0.011670604985195832,-0.0001328604001049573,4.215165839291228,4
24.683574511297284,58.5863505645543,-0.9890828414881518,-0.03466912845764725,0.00643943277417196,0.021388198422095023,4.2258314668761905,4
24.700252602183298,58.501637768492415,-0.7662378897954731,0.1866791016325564,0.012354972960635905,-0.026056342750949823,4.214273268587105,4
24.71693069306931,58.55584887279485,-0.7573635684546822,0.23703942329832373,-0.0007689117006592483,0.003968741014621989,4.220074249431024,4
24.73360878395532,58.94801226280397,-1.0401456586474396,-0.12197365296936624,0.05020170991450013,-0.011412751174962677,4.22127341619159,4
24.750286874841333,58.81942818492361,-0.9394827289234193,-0.023652787932292085,0.04005184892054446,-0.002024726851193486,4.221771739507696,4
24.766964965727343,58.88318312081806,-1.064916275709912,-0.07977031889351593,0.03126925876782836,0.0005154638545578428,4.240422814594831,4
24.783643056613354,58.69422461015377,-0.9545377692921662,0.0558616289473477,0.026752939795598382,0.0062439094025300524,4.251987503322545,4
24.800321147499368,58.270700609805225,-0.9553479431166743,0.00010976241317806057,0.013567242864194216,0.004731549993001641,4.23910400906068,4
24.816999238385378,57.629337125123456,-0.9850997860998589,-0.006513915661429337,0.03227699832859279,0.02452407577517381,4.2624215190556045,4
24.83367732927139,56.98419150745758,-1.175241523963873,-0.08079864580326301,0.03872097898572175,0.028338505390570902,4.226301145949796,4
24.850355420157403,56.05574165450036,-0.8820308343814229,0.09316058076645461,-0.0007664586410250287,0.06135282350612777,4.283703869473466,4
24.867033511043413,55.48159777532773,-1.2099271088985528,-0.2452688496711275,0.01933125929718521,0.012712544503388839,4.255324906644799,4
24.883711601929424,54.52996789752838,-0.968225499349451,0.013063751714625482,0.013805244746595904,0.03427845031354183,4.239460616670998,4
24.900389692815438,53.75272777447516,-0.8867275631249676,-0.0597449452203449,0.01095231300343121,-0.0015132019312690253,4.217516912823168,4
24.917067783701448,53.061773353864986,-0.8356258672797061,0.0048578049217589125,-0.0035917096589362504,0.01698530302587597,4.220031772944419,4
24.93374587458746,52.51733652266753,-0.9529614607840404,-0.12585343548099814,0.011274714106884886,0.008672437675301563,4.235835715128764,4
24.950423965473473,51.8521246826255,-0.9404368573234532,-0.0680431642593824,0.04695237630761932,0.0033944645339346914,4.202746113713111,4
24.967102056359483,51.21990006264894,-0.8663826301152593,-0.024598516642097223,-0.004026081056084256,0.007808557563918892,4.227307875494907,4
24.983780147245493,50.59632580406925,-0.6219498235055667,0.243283460180308,0.008244360407597854,0.0065732643458373185,4.2414862786607275,4
25.000458238131507,50.50284334436247,-0.9456777020976617,-0.16757628985262585,0.030219941901502415,0.022396872515553924,4.230154933517788,4
25.017136329017518,49.941350513070844,-0.832941196677476,-0.005420476971162103,0.05611481927403821,-0.013440445674095903,4.224933405967486,4
25.03381441990353,49.50701211352825,-0.9608359145466476,-0.031096671204998927,0.017021602155452627,0.028260335702618284,4.241944151522052,4
25.050492510789542,48.89849531997751,-0.9331702342018424,-0.0676756836160699,0.03823140803809644,0.05396129901755591,4.2352538830364805,4
25.067170601675553,48.50293466248302,-1.059706741456063,-0.23766047814928548,0.01127455150902238,0.006476095971535433,4.208030818591261,4
25.083848692561563,48.03775201111159,-1.0954617267403677,-0.21180161876503334,0.03248809185764622,0.010950204280537805,4.178957575894657,4
25.100526783447577,47.48207231664464,-0.9657828221261848,-0.09673151804404156,0.01579468014795232,0.03990766637325128,4.183614112081238,4
25.117204874333588,47.117271557888344,-1.0014500855911699,-0.12554212275137466,0.019287174691568494,0.05021894688296789,4.157991506048679,4
25.133882965219602,46.56255362711629,-0.8789376555224901,0.11020053781070871,0.0203120582076714,0.028681113202365376,4.1579869157461795,4
25.150561056105612,46.38620468493736,-1.1198253351799874,-0.13652148286889343,0.019039627043568177,0.04470695656318936,4.126878704821968,4
25.167239146991623,45.79584786649088,-0.9566077410731957,0.09284930926182966,0.006784303710393046,0.02982196301586486,4.090846594881271,4
25.183917237877637,45.51926999724326,-1.1947250280971637,-0.19709245725035984,0.04421261660457439,0.0326666579854177,4.0333647406403665,4
25.200595328763647,44.89592018333146,-1.1609788101937948,-0.13229784851623627,-0.016591401408614093,0.045115089526224256,3.9778909573058474,4
25.217273419649658,44.323938235427754,-0.9806810167491005,0.05497935483162486,0.03993533689300984,0.03228341106181568,3.877278053607887,4
25.23395151053567,43.909281355821186,-1.1856671439633004,-0.1492795683724335,0.01969670786945667,0.017695874701072412,3.7755906828815324,4
25.250629601421682,43.20089887736958,-0.981901538068886,0.06809060607030126,0.02628661377621205,0.010974264692786312,3.65738067412481,4
25.267307692307693,42.74784440658641,-0.9429518183178072,0.002920659659181979,0.014163334078318325,0.002401067133939084,3.563535584096517,4
25.283985783193707,42.229149124858864,-0.9346676828998373,-0.021654999989236146,-0.02400399109021384,0.023748587062607407,3.4602898602171743,4
25.300663874079717,41.575951848785756,-0.7779819090406725,0.1153011606858545,0.0037480425024296197,-0.010291505441339747,3.309062233697782,4
25.317341964965728,41.1644676319778,-0.9836726823893489,0.01395491772069768,0.01892293157128179,-0.010399519351026126,3.1623733952227804,4
25.33402005585174,40.5142855721523,-1.0544589718482573,-0.03419607361679766,0.025588611728695067,0.017495187281324376,3.0244977507638344,4
25.350698146737752,39.19091971336553,-0.4337464928084138,0.2725269695765533,-0.01898319729809075,-0.008931666918024135,2.8492249760566497,4
25.367376237623763,38.05041924356142,-0.4685846064564547,0.1371442376074885,0.008072806260483846,0.009683032620030991,2.7538273883262594,4
25.384054328509777,36.791838092913295,-0.6032545168005754,0.025321119341148446,0.011474280389761969,0.01729953459355737,2.705689436916251,4
25.400732419395787,35.352078076187254,-0.732004260283718,-0.08392906619208595,0.016633315336947986,0.011329652073575716,2.616787995772114,4
25.417410510281798,33.67509081899802,-0.7268859949167972,-0.041835013765178175,0.0027679307645737355,0.03174891758035803,2.5598785010495173,4
25.43408860116781,31.888864698817816,-0.6257292911478007,0.144577546309284,0.026167426915406314,-0.005961145732099329,2.494441419987196,4
25.450766692053822,30.236326186724227,-0.7758532747975302,0.012736927584390045,0.01955461559419007,0.004007088573808927,2.4339134257046493,4
25.467444782939832,28.555216852053082,-0.6834735871018456,0.03919516310627458,0.015533863727524487,-0.00878987705755932,2.3488685228467703,4
25.484122873825847,27.177222513933835,-0.6790290892651081,-0.015836456552126066,0.035392463182549086,0.024198640642657535,2.2366597242622244,4
25.500800964711857,25.612539480094007,-0.44433960355901636,0.10958359734457801,0.02866842083886459,-0.013130818961697469,2.119176830276828,4
25.517479055597867,24.448318423621,-0.5915665420872998,-0.17445052665248895,0.04174481185628251,0.02008816479127659,1.9812499391078986,4
25.53415714648388,23.21706534755932,-0.5525472182663531,-0.1701937108825753,0.001711193911160098,-0.027339550770862017,1.8356187939973756,4
25.550835237369892,22.050782926018215,-0.7190589478998666,-0.28493942862398747,0.03980178716785881,0.01184291868228164,1.691068357828911,4
25.567513328255902,20.67730703453609,-0.5648484120307931,-0.1348698739511427,-0.0026769385017106416,0.005251857136164326,1.56912328506405,4
25.584191419141916,19.46599326929435,-0.5898083926313413,-0.19636897971738776,-0.01188021204451751,0.015732665943154787,1.4154159049002686,4
25.600869510027927,18.387154063786802,-0.5340668999050555,-0.10743064694042559,0.0087422667878591,-0.034401633624876686,1.1970531127254165,4
25.617547600913937,17.421631741873284,-0.45950892161833057,-0.06475179489048699,0.01120156031532667,-0.010677497231645771,0.9714740438982318,4
25.63422569179995,16.70083471191124,-0.5429012940832019,-0.2252905977970583,0.013057395655759052,-0.015879147519113,0.7211090712676754,4
25.650903782685962,15.739092607021886,-0.15386453662673905,0.046729411318419345,-0.03254631748120393,-0.016216618320853377,0.4833287726027097,4
25.667581873571972,15.193554861653231,-0.2829441323053512,0.08628828064374705,-0.04375120503879512,-0.026775101473114175,0.20753662399379366,4
25.684259964457986,14.843034261621144,-0.33789008672727316,-0.05268337392928135,0.0017692874503381277,-0.03394112195323974,-0.14544014562724591,4
25.700938055343997,14.200058689251552,-0.09405119983575183,0.23807147107622484,-0.015153352250018967,-0.049705210335052936,-0.48281507669862167,4
25.717616146230007,13.806935985980001,-0.13160893345163016,0.19682003530267878,-0.07549377968771051,-0.026860459212828796,-0.821407428615871,4
25.73429423711602,13.369546959409675,0.02530481192417966,0.25203609145304817,-0.06773198430368743,-0.04371202318447694,-1.185406460627009,4
25.75097232800203,12.909087023518662,0.2504065536888289,0.3844752175067345,-0.08500388838454698,-0.029809318002313564,-1.5630658884551765,4
25.767650418888042,12.42951819731187,0.27118770434017714,0.479587927209264,-0.0939818221699596,-0.02219884208766225,-1.9340229496858412,4
25.784328509774056,11.997904344405764,0.31020987595440186,0.5606825979185173,-0.07708291422326959,-0.04156426441439205,-2.3297078559787883,4
25.801006600660067,11.449979040088198,0.42968824229597047,0.6751473260273886,-0.11629920202107753,-0.023182891827526485,-2.717274886438157,4
25.81768469154608,11.197906635670972,0.3980377817237266,0.5923618857725872,-0.10165420847193467,-0.023861036565534968,-3.170006465948098,4
25.83436278243209,10.766463729567032,0.45475697231715984,0.6812404733139337,-0.12707654369569413,-0.029094479492585777,-3.598368402564568,4
25.8510408733181,10.349078617963642,0.9057053995792064,0.9483035220235361,-0.15090005357402483,-0.059160393315840026,-4.061016306710094,4
25.867718964204116,10.107855207958476,1.0124637555012512,1.1619925281959516,-0.14919800827336213,-0.07117849031209834,-4.560118876158986,4
25.884397055090126,10.259673983281438,0.6144049466480968,0.7164610499918993,-0.13129137600710394,-0.0917148761825793,-5.050198667307837,4
25.901075145976137,10.278248700966682,0.46043427558466377,0.5370739825075193,-0.11411267807834861,-0.13665966595027343,-5.4928085531857995,4
25.91775323686215,10.32835050583417,0.11069737264850055,0.26821554478216614,-0.10624228565975805,-0.1344212642292682,-5.98623132517195,4
25.93443132774816,15.13466275851891,-9.528750561669773,-10.675380752088214,0.9406219387970677,-1.802870530230674,-7.401015975866649,3
25.95110941863417,14.603967524674584,-9.483297446843123,-10.536428133018617,0.9072706673352574,-1.7955268758023821,-7.70310035672065,3
25.967787509520186,14.115091566857476,-9.334735515682674,-10.453119674889011,0.8746909929828062,-1.7249407904569143,-7.927244557903055,3
25.984465600406196,13.151189379495086,-8.791646649133352,-9.935833036318112,0.8727468048517617,-1.7688716056979619,-8.200951716289303,3
26.001143691292206,12.56517970926388,-8.822485700624227,-10.04078405597883,0.8663529291663532,-1.7792753418442362,-8.391329938809989,3
26.01782178217822,11.777694460022596,-8.831324912377461,-9.951502498526938,0.849467477684995,-1.744327814930574,-8.54139620394067,3
26.03449987306423,10.860698828505743,-8.659809280204756,-9.858032312968357,0.8538663231182441,-1.7862050709289459,-8.664200746144743,3
26.05117796395024,10.032284228480435,-8.604680204060799,-9.947938953548324,0.8465144636636887,-1.817026351328232,-8.776401657896155,3
26.067856054836255,9.511210048044648,-8.787345391924978,-10.261278810028466,0.8876582359741202,-1.8126478597359352,-8.86345775091056,3
26.084534145722266,8.324932723537188,-8.453155804526173,-9.903936572651597,0.8465106338409835,-1.7926743626097774,-8.923903745566212,3
26.101212236608276,7.586386197175253,-8.5029850564481,-9.952375183888142,0.8437628604093816,-1.8230457720497513,-8.974102446364618,3
26.11789032749429,6.746644856129162,-8.557922559826986,-9.98872608845114,0.8385996401033597,-1.8225039922088264,-8.997104153863583,3
26.1345684183803,6.18923228376718,-8.703437520925112,-10.171610230715974,0.8663565621308925,-1.7556282376194812,-8.98556002815982,3
26.15124650926631,5.478379278265768,-8.773607706259048,-10.275072037092514,0.8561931335846759,-1.781503209454601,-8.987088086290596,3
26.167924600152325,4.642496677714783,-8.613972396782446,-9.93576259933964,0.8614709242819348,-1.7809492354216827,-9.018745578266572,3
26.184602691038336,4.068574560146933,-8.84192258658393,-10.271303108556639,0.8537917795941864,-1.828214143015876,-9.03473619341403,3
26.201280781924346,3.2643202428683624,-8.347826910900245,-9.875394810524948,0.8656592884866625,-1.8149995216948696,-9.022422880972002,3
26.21795887281036,3.283399301013861,-8.60581051389742,-10.159617378671244,0.8678209060807676,-1.7919868403235109,-9.06363430511691,3
26.23463696369637,3.1661218072572406,-8.56691914353387,-10.128032114414879,0.8777795062754283,-1.7837694744264347,-9.152651149806571,3
26.25131505458238,3.2157367089673894,-8.590905188866763,-10.201427647306005,0.8610826557648938,-1.8084083769440844,-9.214184739564699,3
26.267993145468395,3.187293475256853,-8.526300558431304,-9.952758452158042,0.8307759137739155,-1.7730062465645136,-9.286064316543083,3
26.284671236354406,3.298904945110697,-8.578874181548317,-10.160704801638555,0.8679818893694621,-1.815440341221419,-9.351172285373224,3
26.301349327240416,3.2764649432468227,-8.417796663546643,-9.923380748906306,0.8345210159147177,-1.8067869439713384,-9.37249521262606,3
26.31802741812643,3.3076528185668925,-8.345967840093804,-9.810856886918002,0.8288241766777233,-1.8143708276299182,-9.417401913881891,3
26.33470550901244,3.492624726846818,-8.380112129061283,-9.955427408327774,0.8569840836329911,-1.847777262528797,-9.456352206939705,3
26.35138359989845,3.4879308706454797,-8.322777731634979,-9.90833578270448,0.8442260616919217,-1.8080805886364606,-9.437910980568017,3
26.368061690784465,3.556191505447506,-8.535610105648779,-10.04391863731558,0.8462129007500165,-1.768401228929092,-9.366888838299632,3
26.384739781670476,3.526190198149227,-8.39672477519505,-9.84503895843443,0.8133057850917417,-1.7549961378945442,-9.283502067245704,3
26.401417872556486,3.402878861838438,-8.402408726686515,-9.868523811144994,0.8545892244681392,-1.795415876975065,-9.272525765929574,3
26.4180959634425,3.725276622626694,-8.742541540997056,-10.226700054811017,0.8401659104315884,-1.8238990916957205,-9.20247539463279,3
26.43477405432851,3.692593216664241,-8.575753950032949,-10.038973871901261,0.8197053715607062,-1.810341933959822,-9.069540690603231,3
26.45145214521452,3.8645793146431857,-8.66187034002496,-10.152565356308381,0.8652932250175026,-1.791707789393046,-9.033674666211377,3
26.468130236100535,4.042883165766594,-8.646451813824392,-10.17323136400116,0.8561039240037633,-1.7965781375490806,-8.901985185096889,3
26.484808326986546,4.262292641296416,-8.590834300200882,-10.061710883836366,0.845311653312299,-1.808299245583995,-8.833208216067813,3
26.50148641787256,4.817007384373115,-8.818802956105499,-10.33009409904202,0.8775675935038773,-1.807042573396141,-8.771554356412206,3
26.51816450875857,5.334282215814374,-9.014444262573033,-10.52974542131529,0.8791583390473301,-1.821739616317653,-8.687543021469763,3
26.53484259964458,5.394088697339265,-8.727771870467116,-10.095293591658175,0.8706650879679794,-1.8162829198314145,-8.607900352621792,3
26.551520690530594,5.461704796198555,-8.773117649518024,-10.223200194903313,0.8676186417540993,-1.7764437206053372,-8.334231508111746,3
26.568198781416605,5.713565502771642,-9.132655911924127,-10.61853545361256,0.9083714387852911,-1.7959098273875036,-8.13668724579542,3
26.584876872302615,5.918419834161633,-9.48958204357785,-11.048614425538139,0.9410930597668747,-1.8169666826687199,-7.9487737770948,3
26.60155496318863,5.643856813357604,-9.558205511412686,-11.11813113484119,0.9182226993066559,-1.8132432051211582,-7.6225965095902035,3
26.61823305407464,5.544005688568261,-9.877134451695335,-11.433386320286294,0.9864837658164431,-1.8064429250089706,-7.298141287348035,3
26.63491114496065,5.3087316153550965,-10.133783081683855,-11.630162421820165,0.9895685283407709,-1.8046416018977471,-6.950237473014996,3
26.651589235846664,0.028638543743566364,-0.3200295127340261,-0.40626541567860774,-0.028148528140530742,-0.18484956261123903,-5.6543890105342856,4
26.668267326732675,-0.4550345331458135,-0.2912057574832791,-0.36514370264542484,-0.032103868415640925,-0.1507332485532648,-5.209573121113482,4
26.684945417618685,-1.2674681162899928,0.07922985113335829,-0.06543263857951487,-0.06278997864111417,-0.09049130941322464,-4.7391800792772045,4
26.7016235085047,-2.3802283074245776,0.5860447161812834,0.47853478729032217,-0.11728172217200203,-0.08120967438771612,-4.209242613117305,4
26.71830159939071,-3.171252381553291,0.475760915941565,0.3827005890685776,-0.10109992473904575,-0.03022337090026395,-3.644090262188213,4
26.73497969027672,-4.155563369359337,0.45773977953950284,0.29899582995401053,-0.09003481477953018,-0.017879054731430585,-3.0723603310244187,4
26.751657781162734,-5.247642920059209,0.23369515012456477,0.04860883161397611,-0.055601194210110665,-0.04314913451048999,-2.5204975941635293,4
26.768335872048745,-6.336866495103407,0.013475958378902586,-0.17353284726828133,-0.047113402993633244,-0.017354799399550667,-1.9621024928762845,4
26.785013962934755,-7.553758472695121,-0.00543361968956102,-0.30369578514841233,-0.02710806844153592,-0.038887988998550595,-1.4633935089516892,4
26.80169205382077,-8.895512655508595,-0.09537168162343335,-0.35634718471272686,-0.019918873055296906,-0.020158021873644055,-0.9652097943434168,4
26.81837014470678,-10.122848480495392,-0.24059081064114363,-0.45706543509121333,0.011676504281780463,-0.041941473223906095,-0.4928287798755316,4
26.83504823559279,-10.976288008432721,-0.29006628067326856,-0.6324855103314917,0.0008016466124497811,0.016158165368387295,-0.11746526508372541,4
26.851726326478804,-11.97569099991273,-0.032158477760793946,-0.5149023790970162,-0.0037629123368558702,-0.010004979841744196,0.2367432956578788,4
26.868404417364815,-12.712021993813684,-0.17421375711035658,-0.4929695924010411,-0.000995010466602482,-0.021977971767695538,0.5336836760092692,4
26.885082508250825,-13.315495470716167,-0.37888254202010163,-0.6541287699532043,5.676863966627115e-06,-0.006684945257664587,0.8410127972880761,4
26.90176059913684,-13.880252289544835,-0.5436451285025163,-0.8051896027044592,0.06437465311417091,-0.01781484301574252,1.0885854654206315,4
26.91843869002285,-14.503099868062732,-0.6100424561884226,-0.8484806555272062,0.04323384884471974,0.005207016669370708,1.3441441879472351,4
26.93511678090886,-15.062170002720972,-0.7106803306468814,-0.9168519081006901,0.0735726049143271,0.022200896329538235,1.5811112819989268,4
26.951794871794874,-15.551558979916884,-0.7603186138093845,-1.0977454290252293,0.061544553760368145,0.03899382335493544,1.7912813210162422,4
26.968472962680885,-16.306588248524243,-0.5443497239804564,-0.8908556568884789,0.07791556050294438,0.00915156080449095,1.9763751603234134,4
26.985151053566895,-16.651779080967117,-0.6985027599585933,-1.110475580286698,0.09926515976832476,0.02619018257043143,2.1614041664798123,4
27.00182914445291,-16.988209401961438,-0.792683820351133,-1.1801997992951963,0.0896689337057259,0.011431592681882503,2.3289911485935297,4
27.01850723533892,-17.487320231018632,-0.6670210346707606,-1.1214049825158172,0.09534558501826473,0.015039776826066395,2.4559359172951942,4
27.03518532622493,-17.881188316187814,-0.8370783130986812,-1.156610251452797,0.09423061037201143,0.005662245225942851,2.6006107973646784,4
27.051863417110944,-18.320222911189628,-0.8011646940878085,-1.1100555091692703,0.08288153225549277,0.04462328589500298,2.7831932036448515,4
27.068541507996954,-18.638758438378517,-0.9889353104541652,-1.2467541743250647,0.10522395794671649,0.00692099289073474,2.88864319500354,4
27.085219598882965,-18.854325522407855,-1.251473005365634,-1.534180243630031,0.11959148342207267,0.03817053089466816,3.0165052590940675,4
27.10189768976898,-19.7722851956864,-0.7450363368737944,-1.3494138880719388,0.12900449787234194,0.05516397342677838,3.127871132874942,4
27.11857578065499,-20.706744122825967,-0.6414663253027024,-1.3108354828992947,0.0890943140282573,0.08067609185676825,3.2503846447455476,4
27.135253871541,-21.864689827333887,-0.5499458039084608,-1.254774435215821,0.08688359723179166,0.018397490259942865,3.350209798511085,4
27.151931962427014,-22.968390701165884,-0.6463966434389796,-1.3082825677087104,0.12825051140092242,0.05998420304317847,3.493325234430873,4
27.168610053313024,-24.07327646665759,-0.8560006540913383,-1.466033456577727,0.10300189658654665,0.05824981442213679,3.62931862797486,4
27.18528814419904,-25.26079850973398,-0.9527851223102246,-1.4571275056128457,0.1058783227879538,0.05676028203075596,3.7371614317163324,4
27.20196623508505,-26.409566717407007,-1.065301784784646,-1.5001247786230607,0.10802034516296445,0.053366347007700814,3.853415444427468,4
27.21864432597106,-27.64805125278456,-1.0676896152149844,-1.5240397675432193,0.1061655118758017,0.04181258671310481,3.98043548439089,4
27.235322416857073,-28.70065995737095,-1.0374509355120045,-1.6291505701616895,0.11830500100269506,0.04243625649559913,4.044612626773165,4
27.252000507743084,-29.785153849724846,-0.8966308271508341,-1.4498980819791587,0.13234691436418897,0.0533032752600931,4.0707967502520965,4
27.268678598629094,-30.733594614734425,-1.0149815980803911,-1.6809504744299737,0.14272867764945157,0.03885449633029983,4.090892454923596,4
27.28535668951511,-31.78549421622858,-0.9563851622628619,-1.6459473407231666,0.11774816056915438,0.05372724725504565,4.121471682602669,4
27.30203478040112,-32.88813726799184,-1.1475036092774804,-1.8824504160465274,0.15641519975979867,0.04425342285071214,4.144428712872608,4
27.31871287128713,-34.49778752714308,-0.9893411843378903,-1.8602459160624605,0.15933820472925675,0.05100883335803676,4.147654062082619,4
27.335390962173143,-35.806142638129366,-1.1191604694497759,-1.994233163020004,0.15251933014575958,0.07279228378733353,4.189698587709904,4
27.352069053059154,-37.416972791668385,-1.1186040617101565,-2.0167035654784566,0.18710556718796253,0.06206680728058178,4.194596205695492,4
27.368747143945164,-38.93068906772975,-1.213299330103455,-2.205261593624373,0.19473945036269927,0.049105931410287296,4.2276302935698995,4
27.385425234831178,-40.71150298812256,-1.0656909244042971,-2.0149524430886743,0.18192468354539895,0.06832806268246575,4.268498058634574,4
27.40210332571719,-42.374307965583384,-1.187755737330626,-2.182621824085368,0.17907204726567966,0.07438699256858955,4.279614539705097,4
27.4187814166032,-44.169242686581754,-0.9266516287180799,-1.9869130914286082,0.1410060056769935,0.07304253898698206,4.277041629095553,4
27.435459507489213,-45.68505713095442,-1.1232416785026977,-2.2558761651665993,0.15933854564563152,0.0541738962054397,4.263009629392286,4
27.452137598375224,-47.439611193748405,-1.1403550835321106,-2.320765978496233,0.1922822737521554,0.05995896072388274,4.251146036052538,4
27.468815689261234,-49.14663258496626,-1.1571338523474513,-2.3411352570717785,0.18982262388887322,0.06966660693692985,4.242343314800127,4
27.485493780147248,-50.93076628246592,-1.1304782627873529,-2.410743367675968,0.18981377093479512,0.06075169798228914,4.238486879188241,4
27.50217187103326,-52.79094341955711,-1.0440384036603625,-2.3478145533968515,0.15949742288638927,0.08837348660795012,4.276935728634521,4
27.51884996191927,-54.573024152871454,-1.0077088745041998,-2.3843680975860284,0.16460405114786708,0.07854287405709666,4.261950956506489,4
27.535528052805283,-56.338187551917834,-1.0743679256234753,-2.445019557139595,0.1664157557540972,0.05622406498032478,4.2612259015370695,4
27.552206143691294,-57.823304193542036,-1.0710372949827676,-2.5147582871713396,0.21547280017132964,0.05872382626003919,4.246116237723054,4
27.568884234577304,-59.64619138567596,-1.0523296548315635,-2.5109117080267325,0.17599161178345346,0.08308898310011063,4.264678830111279,4
27.585562325463318,-61.121697684905,-0.9985492401052802,-2.4792949346654503,0.20263797713768894,0.08186882834530061,4.252243748506121,4
27.60224041634933,-62.10200166121567,-1.133732564240809,-2.6626131243419877,0.20399149579510262,0.07920776408247358,4.236000164490356,4
27.61891850723534,-63.110476423927466,-1.2857266112464814,-2.8646816724867357,0.20757993793772087,0.06095380645833344,4.2629661250950335,4
27.635596598121353,-64.41501363180477,-1.0512321088308347,-2.643807012533415,0.2100612962154095,0.07345531213965345,4.253762994776506,4
27.652274689007363,-65.2957595112936,-1.1975539710819412,-2.8145984175414505,0.22123508993970897,0.08296985318319883,4.252533773585729,4
27.668952779893374,-66.46661746831158,-1.0713829614536614,-2.715118620001917,0.2209535378948486,0.07944768923326832,4.248726819392074,4
27.685630870779388,-67.27797899154459,-1.308449698299352,-3.0123208684659204,0.21575700574630174,0.07747993309739978,4.251379217118803,4
27.7023089616654,-68.5777789304478,-1.309720773548161,-2.916222736847107,0.23526655074397115,0.08539861772576716,4.259864127395586,4
27.71898705255141,-69.74766417151561,-1.3181643321237395,-3.1003453179089675,0.21763749644236158,0.07515632168570961,4.244985260281145,4
27.735665143437423,-71.32090077628078,-1.097820640110335,-2.847630296481139,0.22096014311979653,0.06338299038255424,4.240234747328569,4
27.752343234323433,-72.52336276223411,-1.1801514757320852,-2.88317341937724,0.22343244379181404,0.08973648656676371,4.250435851100379,4
27.769021325209444,-73.71835780154709,-1.2662355278841808,-3.100702160223477,0.2155963584925927,0.07959783961193448,4.253203709140886,4
27.785699416095458,-75.00536503962476,-1.1565155035199375,-2.986406905743255,0.22152537318351692,0.07877693446390732,4.242350296001902,4
27.80237750698147,-75.73896788894231,-1.3814111853865505,-3.21384926531924,0.24663193441728376,0.07272991194253015,4.212572509854295,4
27.81905559786748,-76.55243492086447,-1.3449732003042811,-3.134439291413326,0.20355575906592782,0.06605768859781254,4.209063572700355,4
27.835733688753493,-77.08150312135432,-1.602167793495017,-3.307097449030703,0.24153063457806906,0.08085205517894903,4.172990251999868,4
27.852411779639503,-77.80561555997141,-1.3995925272686236,-3.0460926322131243,0.21285606539458574,0.08405270637575302,4.151843248087698,4
27.869089870525517,-78.11034747341436,-1.5064016937985656,-3.183677702748618,0.21933629032964197,0.050418993452888146,4.069800962919173,4
27.885767961411528,-78.41828781248822,-1.482298736556828,-3.086010313927517,0.20610064790126587,0.09640308489485659,3.9658083864514175,4
27.902446052297538,-78.69675407150683,-1.418147300442083,-2.9779517637579467,0.2152889282118969,0.05808596433142699,3.825804601929404,4
27.919124143183552,-78.94709635012585,-1.3110520040718185,-2.9585628073658796,0.19110636257026845,0.06657404980228626,3.6738733611912195,4
27.935802234069563,-78.94064334379793,-1.3444423356157458,-3.085839946481112,0.1960559631057795,0.028500024186856418,3.4858519609420724,4
27.952480324955573,-78.9403003236893,-1.3560035232856258,-3.1184862392007098,0.20148979052150268,0.048258573106251916,3.296308691689792,4
27.969158415841587,-79.12417699687379,-1.0943643128066611,-2.844926464900901,0.16248475914096158,0.031651184955295404,3.0478156870929296,4
27.985836506727598,-79.00268961782476,-1.1951552015611426,-3.0045990717956848,0.19947492529777816,0.02616059281775134,2.8115114284351885,4
28.002514597613608,-78.93118876867271,-1.3574305678887448,-3.0349776645038062,0.1809535593976977,0.041059732699370535,2.538393697656049,4
28.019192688499622,-79.04105692251376,-1.102523379130254,-2.8796879021500743,0.17292626212174006,0.014823811940556061,2.2297532459705702,4
28.035870779385633,-79.04859034394141,-1.14701503508471,-2.7866831407165975,0.14369717763299514,0.013333937743201574,1.918791554073236,4
28.052548870271643,-79.10666406292177,-0.9971365253731435,-2.703287881360719,0.1696491176220316,0.005702239703011635,1.5712298441651187,4
28.069226961157657,-79.36103001324676,-0.9200174376275072,-2.5036115764225997,0.1816681086212878,0.015115464874713899,1.1956201861428826,4
28.085905052043667,-79.98589608368277,0.27662208558614765,-2.056978088934816,-0.10787806911484225,0.1091084562454765,0.8035360973615429,3
28.102583142929678,-80.29208251550929,0.275056499298735,-2.0675789761670167,-0.10278849390282073,0.11419607208989668,0.39964878713277296,3
28.119261233815692,-80.1700157767589,0.002708956590371514,-2.372008530422331,-0.014106231140397739,0.01972846281943983,-0.16664979076327552,3
28.135939324701702,-79.92837411793572,-0.38182337376260733,-2.870816217665894,-0.004001705301480097,-0.09233846434126255,-0.7078601464758448,3
28.152617415587713,,,,,,,2
28.169295506473727,-71.98421836753407,-15.560699058718397,-19.146015447665057,1.618732641899386,-2.045435103088895,-2.9228903906548225,3
28.185973597359737,-71.52264315140242,-14.567703611779821,-18.265673329263898,1.5124117007524303,-2.0855893701502763,-3.6697887657563038,3
28.202651688245748,-70.9402330555126,-14.055698091952108,-17.674530120307303,1.4441335181341162,-2.0429802927120297,-4.476146118979523,3
28.219329779131762,-70.36516916014749,-13.325765235677904,-17.07072175195951,1.3846850977129177,-1.9877708270086811,-5.29572046179221,3
28.236007870017772,-70.06497754538886,-12.35418771380793,-16.085233002592076,1.3128846746553895,-1.9964553389443265,-6.218429570725044,3
28.252685960903783,-69.71210294185265,-11.919265234845167,-15.526861991348618,1.2916561118582834,-2.0018221065950823,-7.0214915927000385,3
28.269364051789797,-69.51649377131226,-11.581804240260213,-15.167749743543283,1.2517802392056017,-2.0185655164130347,-7.677605909089696,3
28.286042142675807,-69.36282325030207,-11.626369859981178,-15.257479459897061,1.2783135527824108,-2.008780894441446,-8.309033786888682,3
28.302720233561818,-69.86215278289082,-10.249836422580362,-13.90767689200923,1.1091544974766925,-2.0004006542876183,-8.858730136460776,3
28.319398324447832,-69.72927674953938,-10.264951971447974,-13.971432325548538,1.1169881207003318,-1.996261211138409,-9.410352207337086,3
28.336076415333842,-69.86950094880628,-9.690913045519467,-13.328129127270056,1.0537782081055747,-2.010832032317632,-9.916679752802413,3
28.352754506219853,-69.99059357906118,-9.337713855877226,-12.921888092040152,1.0430300271360944,-2.0297432141731755,-10.466678661699179,3
28.369432597105867,-69.86697148906852,-9.023877733189408,-12.727875046982449,1.0138601278966275,-1.9897326283878125,-10.951794069419558,3
28.386110687991877,-69.35977644800208,-8.733623298363028,-12.521607502568495,0.9581805297095219,-2.024101460083515,-11.459214104719255,3
28.402788778877888,-68.72187783288155,-8.531079739572895,-12.180510270174237,0.9213796673299088,-1.9907193980392197,-12.050131583411016,3
28.4194668697639,-68.05010662634133,-8.010062018334086,-11.66300536866401,0.9037878019663934,-1.955556050833934,-12.653901186320246,3
28.436144960649912,-67.41132143597811,-7.368644346299556,-10.996176433807495,0.836270833545466,-1.9330305792705176,-13.167787610668864,3
28.452823051535923,-66.7258982610906,-6.563111596914958,-10.28986723291082,0.7674222408055861,-1.991009453234914,-13.738624718865378,3
28.469501142421937,-65.64211658347213,-6.625127032960428,-10.262196499873816,0.7825823284350761,-2.0011667203802577,-14.31310068943846,3
28.486179233307947,-64.56129036976314,-6.347015642468106,-9.985942594817658,0.7699923093738508,-1.991758400871496,-14.819950730639073,3
28.502857324193958,-63.38550312159933,-5.9288385709369,-9.433521176951166,0.6992918293074049,-1.9446021915942748,-15.326973924397418,3
28.51953541507997,-61.76842429746841,-5.697966501661542,-9.128323740426664,0.7051864609019138,-1.9864698258091826,-15.961692681961779,3
28.536213505965982,-60.16487040089424,-4.9360028739925355,-8.296832214480277,0.6256800151300785,-1.9550299895414112,-16.54090339254,3
28.552891596851996,-58.17405563359357,-4.61000216771447,-7.967521165247161,0.5927745467828996,-1.980685373305376,-17.14897219983758,3
28.569569687738007,-56.22542579110926,-4.019168478387526,-7.291954499898331,0.5012890864363777,-2.0036838917833757,-17.728335087974912,3
28.586247778624017,-54.078779964634336,-3.7491711534430774,-6.922992007756363,0.49269592608210794,-1.9691032235768753,-18.334056927095222,3
28.60292586951003,-51.89666653906182,-3.2899870972686305,-6.4716580653140365,0.45770562891007305,-1.9745111216256839,-18.887250217734767,3
28.61960396039604,-49.423475140654084,-3.07698889228082,-6.181015424665558,0.4409468161410072,-1.9746212181130922,-19.412920179351,3
28.636282051282052,-46.92275831403707,-2.783576477513771,-5.902371152848433,0.4007191306834104,-1.9704086013497168,-19.961061328897898,3
28.652960142168066,-44.63676099458951,-2.507486384960007,-5.43661760635834,0.3368261750004979,-1.9256472810938468,-20.360473456778756,3
28.669638233054076,-42.52900663415146,-2.1376345046235077,-4.980122253375882,0.3305957756099967,-1.9418771261130858,-20.74944941918264,3
28.686316323940087,-40.15124091573586,-2.01634699887739,-4.775699726269995,0.29172490444766414,-1.937108388716341,-21.118742254175405,3
28.7029944148261,-37.82476605459309,-1.626760375231541,-4.372423581997436,0.263515686360669,-1.9884900717168876,-21.482677649952638,3
28.71967250571211,-34.45746660215644,-1.6098451128319589,-4.450285979253399,0.24046793292429258,-1.9331816390318335,-21.885127996261662,3
28.736350596598122,-31.26505504150479,-1.5170718266951582,-4.208849088940979,0.22933465815404477,-1.9280897411767046,-22.352479629542398,3
28.753028687484136,-27.396406479288906,-1.7697699054038774,-4.3952247540195115,0.23493199157789754,-1.9198764050441466,-22.825310247127412,3
28.769706778370146,-24.071836775888848,-1.1564368462949606,-3.58833471567286,0.17761793254156716,-1.9296198050986157,-23.27788567902598,3
28.786384869256157,-20.36177547566706,-0.8727967589465644,-3.309329307111282,0.13617069370883927,-1.897567944526572,-23.704867362368706,3
28.80306296014217,-16.996399113063912,-0.4223877398018647,-2.6011887192258714,0.07763332774376722,-1.8278557079007343,-23.98925239873575,3
28.81974105102818,-14.21003302477691,-0.17189947488199753,-2.250541939773796,0.07061888356945738,-1.7944650481084823,-24.123043671273418,3
28.83641914191419,-11.555435313529843,-0.4483482067096758,-2.6267553937913117,0.11407016836554837,-1.8550991270399186,-24.15758714682553,3
28.853097232800206,-9.757828174649887,-0.5496499687003897,-2.5470879301035625,0.10792117037373446,-1.8359268789538685,-24.035292561676226,3
28.869775323686216,-8.169963142230852,-0.6411524967257609,-2.653994770091523,0.12742475589970556,-1.8365076914606289,-23.77051256650111,3
28.886453414572227,-7.279181491836345,-0.5559102317696868,-2.4531201417120645,0.10666554095394035,-1.7791096469678056,-23.306086474943772,3
28.90313150545824,-6.321166014915249,-1.0234870508632221,-2.9136185224350375,0.10241742262824075,-1.806147030624944,-22.811696137531012,3
28.91980959634425,-5.503541668026048,-1.2029949271153808,-3.0649945842848623,0.1572297033737941,-1.8229559824005717,-22.291468874187945,3
28.93648768723026,-4.857189699882347,-1.0320184215448842,-2.9623741809510227,0.17975774621122698,-1.8642185595688252,-21.700206987459037,3
28.953165778116276,-3.9225731687524608,-1.6784745156241132,-3.5712542992807776,0.19257695558581792,-1.8569278364440798,-21.094171745641063,3
28.969843869002286,-3.0660688487518124,-1.7717258852467868,-3.5895846498333865,0.19883548265396844,-1.821418540098358,-20.397550289817673,3
28.986521959888297,-1.8632937786143036,-2.2913456791754605,-3.971901454043718,0.269457535793052,-1.797648011983413,-19.759644247547794,3
29.00320005077431,-0.7699909389746367,-2.7135069117352444,-4.454368924782847,0.3061168171112485,-1.8978723441051095,-19.148527116180407,3
29.01987814166032,0.7367709601064363,-3.1301872627928775,-4.770971362114422,0.35236504095946275,-1.8265100313771974,-18.422049331417895,3
29.03655623254633,2.047329597243773,-3.5749736394393543,-5.215841496497509,0.3818186896820343,-1.841639091408895,-17.753390608304528,3
29.053234323432346,3.1269233894585167,-3.449235962159785,-5.094815815994115,0.387288830901231,-1.8687744015362717,-17.00338693879792,3
29.069912414318356,4.813791785046845,-4.205617098642445,-5.768443177315247,0.4448337817260018,-1.8201620069441489,-16.230516092337094,3
29.086590505204367,6.300667769353958,-4.512422973576367,-6.066715392044764,0.4720852238448917,-1.8664849766359872,-15.469819681306362,3
29.10326859609038,7.829909157664094,-4.907400802349265,-6.4270490125009845,0.5003031992519326,-1.8657854858520393,-14.694366502895656,3
29.11994668697639,9.829886851587933,-5.725231153308609,-7.079029535266811,0.5966307349782274,-1.8269900412610083,-13.913553250477792,3
29.1366247778624,11.853410522353045,-6.439197982396978,-7.750100527613732,0.6424009771575704,-1.8527669656097574,-13.11315733552419,3
29.153302868748415,13.503856310893866,-6.487046379963158,-7.637451539594619,0.6328854405375546,-1.7967177154214817,-12.274382261492683,3
29.169980959634426,15.844085833761115,-7.316427733763521,-8.52412053496749,0.7390060001913659,-1.863154467664913,-11.51218308279884,3
29.186659050520436,18.011961907293287,-7.833296867932055,-8.940872231368983,0.7554773719298598,-1.8445613196070232,-10.649336279531326,3
29.20333714140645,20.12624400869609,-8.400264077518791,-9.314634542940949,0.7868493386717095,-1.8582412433618605,-9.820961764262673,3
29.22001523229246,21.966403891272567,-8.700689606423543,-9.816631359132055,0.8328347449275785,-1.8157253458154403,-8.839245675843667,3
29.236693323178475,23.743697734068718,-9.749492677022255,-10.617536599608238,0.8931227064324592,-1.8141741081530576,-7.811563259813252,3
29.253371414064485,19.98632036067184,-0.09711327820757365,0.48119140347042055,-0.12194197339658061,-0.07793086256142145,-5.66596548217466,4
29.270049504950496,20.789202079361026,0.38062740175003285,0.8405377379593073,-0.13773653029928934,-0.06960535883767437,-4.50596532189856,4
29.28672759583651,22.157108077119727,0.2789236751900468,0.6319968433937468,-0.10171990821033622,-0.028255960023963418,-3.321458394057949,4
29.30340568672252,23.306153259270907,-0.11748481974729863,0.4143701210772823,-0.04481087370631645,0.011821607031062345,-2.2181067288129155,4
29.32008377760853,24.812878226016103,-0.22547809629031157,0.41239462513024794,-0.06506788376808095,-0.06769339504865114,-1.447381998389531,4
29.336761868494545,26.777993262048753,-0.20701150714218652,0.47578935002622913,-0.049442278937963526,-0.05328856965131703,-0.7616627271714594,4
29.353439959380555,28.91027160046957,-0.19743437501311334,0.4176690545091919,-0.056233719820805564,-0.045363475474711826,-0.13023794444302852,4
29.370118050266566,31.4988099255054,-0.7503667209820808,-0.06186736731881304,-0.02040438946696059,-0.0966808316553424,0.33366509475270595,4
29.38679614115258,33.50983637000922,-0.40604494601049623,0.26728113096445405,-0.06129627708665313,-0.0796517313613577,0.8536018933358116,4
29.40347423203859,36.08218022985505,-0.7212561264588491,0.12313021205087082,-0.010836152997564769,-0.06242785522999849,1.3159602570604834,4
29.4201523229246,38.55180416408817,-1.2402473315752367,-0.16393924395227621,0.0009376191746662889,-0.03131687630365753,1.7500918388601117,4
29.436830413810615,40.0538398964748,-0.7852966426130799,0.13440348844330963,-0.008699740659344004,-0.05793996571034232,2.128888427172302,4
29.453508504696625,41.56755512444448,-0.8575263202923438,-0.10544911931866707,-0.017037440671282884,-0.013240321486370301,2.579761078284774,4
29.470186595582636,42.35930579594062,-0.7360689067632382,0.12068160502640701,-0.03674338246321075,0.01325722742929847,3.0207137226535203,4
29.48686468646865,42.986962655064374,-0.8911308548420269,0.1260876233410304,-0.02665277406314126,-0.012192770925525228,3.4095349742463883,4
29.50354277735466,43.63730377975389,-1.4488620672773997,-0.332186942680039,0.03708973780922426,0.002907900827217247,3.7322454379009407,4
29.52022086824067,43.49228308335171,-1.0899086827191535,0.0014625950893201178,0.013701148871159991,-0.005785370783992621,4.030354248257118,4
29.536898959126685,43.56148383656451,-1.1126258092523607,0.029659288682626794,0.02262607331081662,0.019954789733100723,4.259720193678477,4
29.553577050012695,43.758749283692815,-1.259846172344055,-0.1345678638761072,0.025407927634656796,-0.006198449100269252,4.398784401339513,4
29.570255140898706,43.63536319916095,-1.1581613086078661,-0.08364585713403017,0.030391492237091144,0.006159844043854352,4.509075137330235,4
29.58693323178472,43.169854010827606,-1.1183730369187543,-0.2628606251136336,0.03198373352029664,0.03371999364041075,4.546351701979134,4
29.60361132267073,42.31566976811743,-1.0045062522817698,-0.19771042753993306,0.020451334539267507,0.008077634936610982,4.507039168938035,4
29.62028941355674,41.1514843450684,-1.2332835325386018,-0.24342081840076268,0.024633737297848082,0.03962204134370008,4.452644302931775,4
29.636967504442755,39.77301124470662,-1.0946640182554894,-0.17999758657788156,0.043713489068849816,0.04318585388070786,4.392866914923598,4
29.653645595328765,38.3622282955816,-1.003073779386142,-0.18067296116019804,0.04580042077773144,0.04055289945346318,4.299748966416517,4
29.670323686214775,36.83701608104101,-0.9410690076661048,-0.31039029997349665,0.03163912530668256,0.05623268697606066,4.249734343659162,4
29.68700177710079,35.089663578609446,-0.7678522845025011,-0.2524701896202597,0.043154558144033545,0.08088361888356628,4.250046750955692,4
29.7036798679868,33.5426362296244,-0.8289270101052271,-0.29173122774297156,0.050541372587509015,0.06103115396054031,4.226707524000199,4
29.72035795887281,31.90629450758115,-0.6180932866463511,-0.14606246264186495,0.043343106977965985,0.04632052973521761,4.2198826540484875,4
29.737036049758824,30.64571811431837,-1.034878245520403,-0.4140737693079881,0.07246464818176082,0.07825114301970434,4.246509239463331,4
29.753714140644835,29.28729685336352,-0.9572643037003647,-0.47152531255916585,0.04651854455876514,0.053050400080741515,4.246840943666564,4
29.770392231530845,27.74554816673069,-0.8963624287923597,-0.333248830015334,0.07253982631348067,0.03505675896706372,4.250225647243421,4
29.78707032241686,26.51233186528661,-1.215391815325602,-0.6577878294379644,0.10313520321351623,0.04752358758210709,4.2547334303257935,4
29.80374841330287,24.63661057740572,-1.0516269633811062,-0.4822027297705054,0.07821447631402924,0.056500227204152195,4.2713787696886225,4
29.82042650418888,22.92492154799259,-0.9397933047837475,-0.44911283123649426,0.054271325552291125,0.022011073193672338,4.261106321895375,4
29.837104595074894,21.256967812397928,-0.9492599642399924,-0.4031537636370217,0.06985871837651907,0.06051516756316133,4.243524021432206,4
29.853782685960905,19.83218120414723,-0.9730631348745495,-0.6945463895117969,0.1002340228706324,0.03773227102515051,4.225822229741562,4
29.870460776846915,18.40240047089465,-0.9419509078600807,-0.6073915919191384,0.09101920393469429,0.014402970508848251,4.177215612841553,4
29.88713886773293,17.597886262106346,-0.9034912136455961,-0.6023114223490111,0.05290871326779979,0.014829867422586731,4.190580810880537,4
29.90381695861894,17.12751404615155,-0.9222509758920987,-0.6819353820004688,0.06278253756740523,0.018360759781892208,4.208552817946531,4
29.920495049504954,16.92013138745084,-1.0240980462736706,-0.6814136812812972,0.07394424648255789,0.0030028741711819345,4.200241334248466,4
29.937173140390964,16.762542100808012,-0.941036605308331,-0.572884737733931,0.06144240941782439,0.01859267234286161,4.212121599764547,4
29.953851231276975,16.72923364212598,-0.9287879766293754,-0.5471287067620239,0.06336630421890378,0.013408738699782128,4.203970175668119,4
29.97052932216299,16.781509770628098,-1.015156629244066,-0.6265548408820116,0.07057964794115804,0.009248991960273725,4.196676968835695,4
29.987207413049,16.773991801930336,-0.9514088279195763,-0.5589047598113766,0.07471601267191913,0.016571059402959488,4.2101005464087216,4
30.00388550393501,16.72122790493303,-0.8882915435595145,-0.5188717089024797,0.06439568209052464,0.0057904148138401244,4.195394774858733,4
30.020563594821024,16.672831083953458,-0.9846556306541343,-0.7430249277638055,0.09317571522142,0.03643641653795186,4.219221235689206,4
30.037241685707034,16.17928782038414,-1.0215645043039538,-0.7273568104635064,0.07995972718314712,0.0012195355200244249,4.203617032936299,4
30.053919776593045,15.609512802931036,-0.9572166586853585,-0.7533647272133761,0.08095498350642354,0.01102170474058159,4.228260319856962,4
30.07059786747906,15.19583140600672,-1.1395242192961232,-0.8647205119349293,0.06361138466359414,0.041556045718268216,4.206674671481731,4
30.08727595836507,14.48354278377923,-0.7554308777852423,-0.6000072239299037,0.05362952656261519,0.018701194129361796,4.214850013024583,4
30.10395404925108,14.234458482932414,-0.9626967947090073,-0.8364427955675229,0.06650156994536477,0.015050371030120021,4.19528149625345,4
30.120632140137094,13.74433979643949,-0.8150802321010073,-0.7056378368106966,0.07646365527565863,0.0353652702233646,4.203514487706423,4
30.137310231023104,13.403465890639165,-0.7686497659770737,-0.7168348341037221,0.07735238409507042,0.026222688413037088,4.192730213947921,4
30.153988321909114,13.19014966302107,-0.9355606867643971,-0.8243752617435263,0.08254980910940729,0.03334386275314435,4.2080947148847505,4
30.17066641279513,12.876368288304864,-0.9171360304719012,-0.769053481541977,0.0936679184059187,0.020351727600162274,4.2122376261241685,4
30.18734450368114,11.936221587736192,-0.8355360640866833,-0.6362961462670964,0.07044995610516117,0.025840343820067488,4.22613959125825,4
30.20402259456715,10.968465046377068,-0.8966224900115236,-0.6950054571272668,0.07486513450859372,0.0472099791700948,4.2455722190155285,4
30.220700685453163,9.674204546781905,-0.841264963421005,-0.8283133526809361,0.07950233520353316,0.059010428558760174,4.272854807281426,4
30.237378776339174,8.084507264005971,-1.013985987969828,-0.9120866273313117,0.10260133151124079,0.04961140632393504,4.251853817835353,4
30.254056867225184,6.295447069843283,-0.9115648156915712,-0.8733689813680141,0.09301366322872791,0.06788517224394312,4.257582747439753,4
30.2707349581112,4.384220603891826,-0.774129019989364,-0.9151224745193018,0.10396439671256218,0.07091627057388147,4.253004056445944,4
30.28741304899721,2.5093535563083327,-0.8241157125133869,-0.9911282516941031,0.09856747159321204,0.0800374189729738,4.256342620575551,4
30.30409113988322,0.5972787854098487,-0.9203777037865676,-1.0955886673385913,0.12368932988135345,0.04896723344174464,4.199840663098125,4
30.320769230769233,-1.2398676572293954,-0.9760252926656618,-1.16736833321523,0.10703464421485086,0.05597101426257168,4.244046016939734,4
30.337447321655244,-3.2336015518479546,-0.8132681333200947,-1.068115876022037,0.09583024981139389,0.05596527791079416,4.225252492150155,4
30.354125412541254,-4.853160382005238,-0.9041487633588553,-1.247295736115697,0.11273003095959229,0.065185872630146,4.235705081141992,4
30.37080350342727,-6.650156577202954,-0.762300195456971,-1.1215927337863862,0.07354213200255508,0.06119274739496933,4.244598217806032,4
30.38748159431328,-8.244646219645663,-0.7211774917277509,-1.034617520942127,0.09874543111324072,0.0497025326762994,4.251784164458334,4
30.40415968519929,-9.667374958150429,-0.9821903627655684,-1.2547404902822583,0.08038731166833997,0.0501456522755902,4.259667294416688,4
30.420837776085303,-11.155207531588081,-0.8926302306362972,-1.1935259755748717,0.09435242402272975,0.054663713513043576,4.243551833969742,4
30.437515866971314,-12.216324040198407,-0.9219009244925189,-1.267064490642698,0.11069467709972639,0.045320189813369736,4.239803757886374,4
30.454193957857324,-13.275341231703345,-0.6996039217413723,-1.160863957073634,0.11851663382927967,0.06801484948142922,4.230746311390714,4
30.470872048743338,-13.791597102865715,-0.8844589253819266,-1.3402798941413354,0.09587222648854112,0.054368367998503586,4.209329143425137,4
30.48755013962935,-14.467834490626746,-0.7166287831669442,-1.1330209820112436,0.11026147423856798,0.05244782567887296,4.20672011805822,4
30.50422823051536,-14.657309410289521,-0.929225977465749,-1.3559566844130044,0.1271842568127041,0.0382622704036412,4.221024810879435,4
30.520906321401373,-14.876529025066878,-0.9304598120574283,-1.3121368856252817,0.1089446381769241,0.030522758668301505,4.21767900066284,4
30.537584412287384,-14.903702752383765,-1.075879316700763,-1.5323719843307178,0.12681460349181173,0.02298223310433838,4.214957729992845,4
30.554262503173394,-15.310383825897574,-0.8327055565896271,-1.2566291295674712,0.11183999592438704,0.04868449456799232,4.214220937789814,4
30.570940594059408,-15.418209854810817,-0.9795988753228242,-1.189785410754609,0.12703531735362425,0.021080697047928004,4.041973176967897,4
30.58761868494542,-15.409380423650656,-1.186644200256783,-1.5724924398642934,0.12080188295759864,0.0386324132562654,3.6997108540904433,4
30.604296775831433,-16.107564145619808,-0.7974576609626096,-1.1212810790043362,0.10095631605681185,0.04816733454807297,3.296202093855549,4
30.620974866717443,-16.412524091638204,-1.0200032907725913,-1.3392456633579375,0.10543530204872567,0.03827477506311722,2.84426628960383,4
30.637652957603454,-17.414360974137267,-0.5084822272151364,-0.9195645342249268,0.05027585414429126,0.042225067966675627,2.3100895105608497,4
30.654331048489468,-17.97754018456891,-0.4032203118879476,-0.8922086626943431,0.08407097800952251,-0.004187737022434985,1.5931989547029488,4
30.671009139375478,-18.51751374109602,-0.18670541787617623,-0.7150225091515692,0.02078092494175069,0.016961487723638195,0.8383068911202309,4
30.68768723026149,-18.93332282768614,-0.01022171813873296,-0.5814816038942672,-0.023108141238887717,-0.005876359147444381,-0.07546261090676833,4
30.704365321147502,-19.200155028814976,0.12415025997427875,-0.5053451600595897,-0.0461566926774237,-0.002698093172546417,-1.1056007525118725,4
30.721043412033513,-19.815799613342843,0.5001306468951299,-0.18281967534808263,-0.05555286461963708,0.023489398466219818,-2.267535146935213,4
30.737721502919523,-19.71417661635914,0.0741710706021701,-0.7853619016549107,-0.018727798605433176,-0.07578034642208618,-3.6525994649014173,4
30.754399593805537,-14.852825173051503,-10.475227444480408,-12.500664564356825,1.0549033873367155,-1.7017478973582392,-6.083793009260775,3
30.771077684691548,-15.693500942352877,-9.44496137437378,-11.599404811631407,0.9654615929835393,-1.7648531192620613,-7.557340878484248,3
30.78775577557756,-16.6629152843595,-8.647673624761147,-10.743569908901073,0.871495482325917,-1.7598734546924022,-8.877074177290886,3
30.804433866463572,-17.672919360795866,-8.035785709785713,-9.975247323324115,0.8076027172482471,-1.723777780751584,-10.068481441046995,3
30.821111957349583,-18.612161552862446,-7.373773982338051,-9.37861203879867,0.7368267503588023,-1.7438628228327195,-11.249030241108066,3
30.837790048235593,,,,,,,2
30.854468139121607,-20.48670402364864,-6.063347406385574,-8.246654811219594,0.6685396354504114,-1.7667128792701954,-13.543205433689991,3
30.871146230007618,-21.772305807720414,-5.105786038715188,-7.267992094244571,0.5647798135791697,-1.7494146027839392,-14.517026678124965,3
30.88782432089363,-22.630476009660114,-4.689492010292917,-7.0025470764668825,0.5491835249174007,-1.8126070988828056,-15.500985932531567,3
30.904502411779642,-23.74344175035838,-4.360193319625487,-6.7166842813313785,0.529117005452838,-1.8498346778809855,-16.429303078607532,3
30.921180502665653,-24.938989150504458,-3.8241949413419762,-6.233727739362654,0.4582962556877437,-1.8804782533896907,-17.269495787503676,3
30.937858593551663,-26.31937280466172,-3.2474550324642166,-5.6700055003745335,0.4012750371830942,-1.8136372259633686,-18.008950114067346,3
30.954536684437677,-27.531932208866763,-3.0600965389825356,-5.506373919677538,0.3866419578088406,-1.7931927574806366,-18.668020350693766,3
30.971214775323688,-29.047350627893348,-2.829885511381823,-5.376665083268626,0.35786485508622035,-1.7767841512454052,-19.257900323573764,3
30.987892866209698,-30.674682956372546,-2.7057974960987305,-5.30020586390196,0.3512508018014894,-1.8217182671150856,-19.791532227571793,3
31.004570957095712,-32.570345930449605,-2.347790686205066,-4.847733032375537,0.31020771004278086,-1.7614660947863372,-20.23067449071236,3
31.021249047981723,-34.40624397697141,-2.0716749238632346,-4.770881781772592,0.2905994640413927,-1.8709774647938275,-20.68959632178398,3
31.037927138867733,-35.8864029634109,-1.9862667613628737,-4.775642740261786,0.28957928329898003,-1.8360805095211932,-21.070826760053716,3
31.054605229753747,-37.5756604733007,-1.552979103280924,-4.4326117497522475,0.265910384051244,-1.8404271376288588,-21.475698259340334,3
31.071283320639758,-38.89583013007873,-1.4620049701661824,-4.383239263570216,0.26513691494085095,-1.8660207431058093,-21.861657538284394,3
31.087961411525768,-39.97920188938524,-0.9625931632036853,-3.896266641971991,0.22792355549879553,-1.8408960445535818,-22.26994800050486,3
31.104639502411782,-40.63715274643672,-0.9933928529419394,-4.012510638366134,0.22894703121938706,-1.8387387060485536,-22.693980812042614,3
31.121317593297793,-41.461215362021456,-0.6958322325578692,-3.6546326510032063,0.14486889585782903,-1.827420628677325,-23.094449010777723,3
31.137995684183803,-41.70724115850245,-0.7479508671654038,-3.815888206503928,0.12567639889556004,-1.823843674663623,-23.444469333077002,3
31.154673775069817,-42.613613994568865,-0.4742824858777155,-3.4459788511432734,0.1290516431481233,-1.8187377774797,-23.802956055318173,3
31.171351865955828,-43.1962281724447,-0.7748374111056648,-3.694881079233424,0.14390276317351736,-1.8084886309142612,-24.01418574206906,3
31.188029956841838,-44.21874795512892,-0.5967677935489846,-3.52072357763614,0.10896114932000794,-1.8381378041745824,-24.20152662516794,3
31.204708047727852,-45.057227245232035,-0.5379419181641634,-3.510181058287209,0.13405609889141185,-1.853342437505684,-24.393273049586096,3
31.221386138613862,-45.81491715726362,-0.3613402307240303,-3.366586853659003,0.12448214416236257,-1.8932638471052943,-24.53912220239325,3
31.238064229499873,-46.465336093111496,-0.1690982139314201,-3.285713070935728,0.10633968497492254,-1.8769408462615111,-24.6425349834067,3
31.254742320385887,-46.986997969744316,-0.09527472574225904,-3.1909437139800225,0.08183771640169549,-1.8626348771609034,-24.709464258699573,3
31.271420411271897,-47.283732965221816,0.019550643004521362,-3.2145764455693318,0.10181820346324146,-1.92561070086798,-24.834380695419153,3
31.28809850215791,-47.200457789763966,-0.20412046000191175,-3.28328281081237,0.12295083153309008,-1.873491054245034,-24.960731420822373,3
31.304776593043922,-47.04217237577099,-0.22587402262249512,-3.250640190761839,0.07670711530183717,-1.8604297067095585,-25.031338505122466,3
31.321454683929932,-47.08387341856509,0.07140752484648338,-2.9236564429765757,0.03699270857703338,-1.8854547885661583,-25.11685005792202,3
31.338132774815946,-46.67203456154116,-0.12516016562012844,-3.159717639073131,0.0481048611506402,-1.8630663874901152,-25.158559301585147,3
31.354810865701957,-46.604714558550626,-0.0034966464407073516,-3.1076772205596157,0.07715987108203928,-1.9083512864792302,-25.16840774878609,3
31.371488956587967,-46.479435843698425,-0.05577585831083276,-3.156578393996215,0.10188056407287772,-1.825125219092238,-25.05303264192081,3
31.38816704747398,-46.617144155213516,-0.14073263872056607,-3.278731905750007,0.0965842725764483,-1.9039593452464638,-24.974191141094256,3
31.404845138359992,-46.57175855705463,-0.1860428821826261,-3.2294448975221304,0.09156604414210036,-1.872972698045612,-24.77501026440361,3
31.421523229246002,-46.74020059358757,-0.34566144897196693,-3.4061997538667548,0.12795939371148066,-1.90544583532848,-24.509021712392588,3
31.438201320132016,-46.988448135098096,-0.4707761783621933,-3.4553402468311454,0.10823670255097129,-1.8746478224174847,-24.188960284166903,3
31.454879411018027,-47.26148511320137,-0.5345310055507309,-3.6017558285562554,0.14738850579649923,-1.9480564049638516,-23.90621573588746,3
31.471557501904037,-47.335969849926215,-0.663569867870514,-3.7851776172745097,0.173523170129992,-1.945684347728295,-23.546343159925982,3
31.48823559279005,-47.23044505301145,-0.9527563801709409,-3.9911965432948886,0.1863748431896776,-1.8629299893479134,-23.166412031446676,3
31.50491368367606,-47.41296921431838,-0.9886677770752339,-3.958145191581746,0.20966303033864653,-1.8907796562533028,-22.74905674290095,3
31.521591774562072,-47.33675427969343,-1.239689055052608,-4.3301021322130495,0.20146442133789033,-1.8987831011756189,-22.281508828687016,3
31.538269865448086,-47.34917505024375,-1.497513926355646,-4.5547249306797095,0.2518581885406365,-1.9610540005414656,-21.82824586763671,3
31.554947956334097,-47.20127236515857,-1.9742026949646192,-5.094542820505227,0.3201237522520477,-2.0071939571880417,-21.38672360626362,3
31.571626047220107,-47.12204789700772,-2.2086227278585753,-5.402166586941666,0.33083533747652927,-1.9812411028728492,-20.761667633009388,3
31.58830413810612,-47.209039157144495,-2.5037793304176397,-5.569165424739452,0.3559418725912181,-1.9716340980641702,-20.155207408656736,3
31.60498222899213,-47.09382102621722,-2.7792655429636532,-5.845153268510348,0.39160427555927313,-1.9638346120425254,-19.558340695441114,3
31.621660319878142,-46.80958474111061,-3.1802112856270703,-6.252976257702455,0.4398302624400334,-1.9627766374162614,-18.910847196808994,3
31.638338410764156,-46.546066271363934,-3.680767789401406,-6.623285492179065,0.4575527287181625,-1.929981504965563,-18.24910081526269,3
31.655016501650167,-46.1453727372051,-4.0810018806585475,-7.047504748927892,0.4941079344325208,-1.9227267204064127,-17.585466546535997,3
31.671694592536177,-45.72838793067466,-4.509896534574548,-7.518277946681447,0.5644178365355045,-1.9438760152257466,-16.904301561006324,3
31.68837268342219,-44.88934112928912,-4.931180135847223,-8.011063971448513,0.6144464428788192,-1.9498159051837234,-16.255496218894773,3
31.7050507743082,-43.79307860422702,-5.341678035223713,-8.42591764566613,0.6512129324133898,-1.9817495853498786,-15.671886024287922,3
31.721728865194212,-42.61090669215473,-5.843846051966363,-8.755176090792645,0.6858186341895964,-1.9759787764108538,-15.067468634478702,3
31.738406956080226,-41.47586090243241,-5.969460466903985,-8.863384181775537,0.6797463738945854,-1.936034102587195,-14.40184093001101,3
31.755085046966236,-40.179102256462485,-6.679580456948069,-9.515573098709753,0.7250919897810271,-1.9433306078465076,-13.75189858792867,3
31.771763137852247,-39.40900071803875,-7.013169749127881,-9.868790706078613,0.7722267684178098,-1.9805377092411045,-12.94653969957438,3
31.78844122873826,-38.70559918554373,-7.7586267536532585,-10.5873897623655,0.8630859725690951,-1.9832570571645671,-12.124269100146805,3
31.80511931962427,-38.00473654791703,-8.542704791997377,-11.279970426968323,0.901393621337495,-1.9781065435907939,-11.181110129009143,3
31.821797410510282,-37.558865645913855,-8.963456455332583,-11.598567361978288,0.9551229905175527,-1.9612575598688538,-10.238260072584149,3
31.838475501396296,-36.84435583768692,-9.74436725020049,-12.504761574125089,1.0425253184163354,-1.9909734204012788,-9.221243005180465,3
31.855153592282306,-36.25762051472639,-10.310953919646447,-13.104298214437213,1.0682188409890345,-1.9818324027069294,-8.181828903376646,3
31.871831683168317,-35.5241195800012,-11.098338884933664,-13.842096907302174,1.1264722461985148,-2.0135357690641156,-7.185201570019223,3
31.88850977405433,-34.34819290120902,-12.319989685117228,-14.925156391864496,1.24204563836779,-1.9544172211278554,-6.172014555624579,3
31.90518786494034,-33.49433635330579,-13.192728246355538,-15.781809967461095,1.3199553757144933,-1.9738402949423042,-5.095103001197773,3
31.921865955826352,-32.97742788520539,-13.41850372747782,-15.967579612681671,1.3210601365223205,-1.909261028735595,-3.986768812265757,3
31.938544046712366,-39.28758859479863,-0.4900549729491548,-1.3797807404108493,0.030655740268627076,-0.054258348168593595,-1.9292944172154853,4
31.955222137598376,-39.123937075806126,0.03575547663073664,-0.9852685468637432,0.02742048694138061,-0.04617030151149501,-1.1059775614667993,4
31.97190022848439,-38.51979847021456,-0.3079389576211913,-1.0698736585766166,0.04909477577243858,-0.009434594417287554,-0.3877501357896873,4
31.9885783193704,-37.79194617407656,-0.36256431586330073,-1.1943308460072455,0.05642057688883792,-0.043886512497280816,0.24033601551833336,4
32.005256410256415,-36.69835847671837,-0.8493726960675403,-1.619151567802108,0.08446482415848491,-0.00073315637445506,0.8085026366204415,4
32.021934501142425,-35.85878373186402,-0.8701374425168282,-1.536569607313659,0.099468965210407,0.01659975152719693,1.3340110839731196,4
32.038612592028436,-34.958597769354775,-0.641085103928928,-1.405092804590522,0.08274835139177542,0.0105479203840556,1.7605653353382196,4
32.055290682914446,-33.78095942716994,-0.8968203839139814,-1.5848572314678542,0.09753235654630343,0.0030402688121179146,2.1251964621661905,4
32.07196877380046,-32.5420168220885,-0.8806680233145485,-1.55547413359265,0.10060645707547439,0.02466058182972579,2.476453001616864,4
32.08864686468647,-31.30377730071577,-0.8418245044420356,-1.411994756753682,0.10180986274135043,0.01926465966881385,2.7999860892176933,4
32.105324955572485,-29.828682102140974,-1.0359798016254018,-1.5422824774776789,0.14827597095187017,0.01826726338408686,3.0627298686215334,4
32.122003046458495,-28.186907050150353,-1.1265051259082286,-1.728611158652849,0.11825744370701462,0.0380056741551703,3.2597750971643142,4
32.138681137344506,-26.285722356862834,-1.1142861516831593,-1.6256888055710688,0.12775386463276656,0.014506979972887695,3.4001441592325086,4
32.155359228230516,-24.210486048323858,-0.9005365073545226,-1.4944458688594153,0.10219763713185771,0.0028316322434402026,3.5209097359489028,4
32.17203731911653,-21.567149269562034,-1.0385060007657767,-1.5695313841966696,0.11841921626562828,-0.01320513104464861,3.6025961063572076,4
32.18871541000254,-18.374297405667594,-1.0437097439301368,-1.5202384447981965,0.1197103643359955,0.004955649629571136,3.6528419820611644,4
32.205393500888555,-14.784549680659985,-1.2121659007889778,-1.4397847546271838,0.10655830730533744,0.02271226315712221,3.6885969624373347,4
32.222071591774565,-10.920588082554655,-1.0516807337057275,-1.349476631692136,0.10021816159934581,-0.025870180840239624,3.674790535471887,4
32.238749682660576,-7.012362993622697,-1.03598527279411,-1.1889527769345374,0.10526954688790334,-0.00305106097662051,3.661752429360227,4
32.255427773546586,-2.9571445566238412,-1.106731131649276,-1.2016378806837822,0.12760618250222755,-0.0036809425329262283,3.639209905335879,4
32.272105864432596,1.1353652758184323,-1.2981893070632826,-1.1793907754405442,0.09382100283514341,-0.0006313386707770732,3.6652471055612286,4
32.28878395531861,4.818690284503037,-1.0324251974590424,-0.9699552902516237,0.0712552902351307,-0.044305130437211404,3.6468070323561865,4
32.305462046204624,7.958578945373487,-0.6490120003795732,-0.5873788434833731,0.04700951936439226,-0.018648406605895954,3.6384904288112465,4
32.322140137090635,11.150342781166401,-0.8302935781930425,-0.7588626639517644,0.04960663878544048,-0.0036757531996201224,3.6481550588688005,4
32.338818227976645,13.861750658843926,-0.8856550629005957,-0.6662957106737508,0.05243040536327675,0.012864582131843376,3.7269265304145263,4
32.355496318862656,16.623596800152995,-1.0644813519381593,-0.774200405675268,0.04670545820762457,-0.0193350323795643,3.7838021882467343,4
32.372174409748666,18.982321564257752,-1.0447950652419085,-0.4876797899075278,0.07097360672600658,-0.005981495351109421,3.8321726213689002,4
32.388852500634684,21.59445107359491,-1.202060754922548,-0.6395205215280697,0.05867726716804914,0.014480975813517556,3.9075284177428014,4
32.405530591520694,23.886349975749003,-1.069078557064361,-0.4201806942888453,0.04925860353486182,0.02272253787099155,3.9205240556752847,4
32.422208682406705,26.460045931153203,-1.1801952616221323,-0.4656310462854769,0.07306799035960278,0.018386175600677516,3.9593223402431534,4
32.438886773292715,28.965499965154788,-1.146873169554838,-0.48884338857956955,0.05060380195691675,-0.01370145043438109,3.9911454060828353,4
32.455564864178726,31.752509773298556,-1.2775125356366246,-0.5763121746287663,0.06324785234461303,-0.0231869069195346,3.980006201221596,4
32.472242955064736,34.27883442938031,-1.1517427391879682,-0.4248652057237372,0.03374922314500812,-0.01312802676198196,3.990421644529258,4
32.488921045950754,36.454830141201704,-0.9525855301910546,-0.2939081424641117,0.02198932290355389,-0.011466750832057676,4.001451279184968,4
32.505599136836764,38.40143905586369,-1.1132725491431064,-0.4393247134391949,0.05508656388708946,-0.0002733916563618857,4.015545884637174,4
32.522277227722775,39.78907665880985,-1.0712164179065695,-0.2779043584237524,0.027899468844476243,0.003430099836055549,4.072626669708299,4
32.538955318608785,40.962417909895585,-1.2164415154271886,-0.35445417532473655,0.06031176464751848,0.03286572436590154,4.139723739888616,4
32.555633409494796,41.90157300996802,-1.1805701080479452,-0.2806697162199736,0.060806523436655366,0.015539703619206677,4.170087398995245,4
32.572311500380806,42.71063083083163,-1.1441977704161754,-0.23572470634961995,0.06268202731884517,0.0006383930160556517,4.201486307296371,4
32.588989591266824,43.95935369223494,-1.2549671214108944,-0.35879144032418253,0.04594934588993823,0.013420935597700238,4.210077387050506,4
32.605667682152834,45.121908575923584,-1.1484708816039415,-0.25974664829182537,0.03324364379944436,0.01030950506267191,4.250724391935586,4
32.622345773038845,46.93371229403414,-1.0331089797233641,-0.2450952642766211,0.026011945289049133,-0.001883654309189464,4.239370801875725,4
32.639023863924855,49.13543660298986,-1.1648845605582103,-0.27420084079810003,0.040946995715237945,0.004698289308359971,4.216757986712679,4
32.655701954810866,51.46357336518568,-1.0396421881547795,-0.0780984495458128,-0.0033834102304311324,-0.0003372057794024901,4.243549719721887,4
32.672380045696876,54.05795734979463,-1.1871536735367592,-0.03956350357250926,0.03075959190552878,0.011800255321862877,4.205950376879621,4
32.689058136582894,56.73215735624517,-0.982169680712758,0.0824648737543221,0.003819226764438773,-0.011701288959108685,4.244094876824463,4
32.705736227468904,59.73155433409279,-1.2322154476913028,-0.0418248321398309,0.023758035346621867,-0.009033139017020865,4.224079098639426,4
32.722414318354915,62.46189330598744,-1.129492506943187,0.18017017174140548,0.045764724725882666,-0.012399351497012401,4.181433497245277,4
32.739092409240925,65.38180802506871,-1.1450991210472594,0.2571362761746272,0.006589132638029524,-0.021113515817330203,4.183640774041722,4
32.755770500126935,68.26101551768188,-1.2397365484885938,0.24678657142044713,0.015175737793732626,-0.01693072885524122,4.140051892758441,4
32.772448591012946,70.95301962621829,-1.2110948105597714,0.13017942415094552,0.02161731854831268,-0.02807465552539172,4.1172251897239995,4
32.78912668189896,73.3292215724592,-1.154409545369738,0.21599623349130326,-0.012779367762201566,0.007989401672225671,4.111379832676396,4
32.805804772784974,75.64317054961936,-1.1026061161614997,0.36487478314417743,0.02587103396924559,-0.024948393419165736,4.074047642925363,4
32.822482863670984,78.07363028827508,-1.1890424242211388,0.39899512606125853,0.00047585412851037156,-0.01800934112504959,4.031245434261878,4
32.839160954556995,80.53796118356784,-1.301724330145909,0.28218856872570086,0.010677132336914539,-0.010168072479541134,4.01893202402997,4
32.855839045443005,83.08142253352923,-1.6550969606888408,0.09035867238358364,-0.00018875801579093233,-0.005481648123597551,4.004527646607384,4
32.872517136329016,85.2928203555906,-1.5258366801491903,0.26836748696036494,0.004162698199919743,-0.004438435705767914,3.964407080739505,4
32.88919522721503,87.47398863576028,-1.6118580767594715,0.3425856894777013,-0.0003671553425314537,0.002701524164503287,3.939862208079892,4
32.905873318101044,89.45326599136078,-1.3149432901140798,0.6066359287764129,-0.018399328119425733,-0.02588536033011336,3.8726280047766664,4
32.922551408987054,91.97732655124511,-1.4108102313318263,0.55948305197807,-0.012329249503181159,0.014058089062280801,3.781242876985539,4
32.939229499873065,94.54946587154099,-1.2561405578005562,0.6246682055100372,-0.03378051784610579,-0.013917364538795714,3.691267559473054,4
32.955907590759075,97.27349718058812,-1.4216657670577888,0.4692197952629158,-0.02511320853551316,0.003578052756125462,3.590646886240427,4
32.972585681645086,100.10233427370272,-1.5327630020850123,0.32098463210421,-0.0070627188345338925,-0.006441885926568451,3.514480443712708,4
32.9892637725311,102.57649759778641,-1.5284809294465624,0.538347308665422,-0.016174531613603493,-0.006578158277929058,3.4097520343306686,4
33.005941863417114,104.3863806420138,-1.3411275815409702,0.8125863992768956,-0.023433359330751847,-0.04678130036104334,3.304729220003082,4
33.022619954303124,106.05176340325862,-1.080410301574279,1.0530227612623904,-0.04236091327782026,-0.021508406493352,3.2918857203464804,4
33.039298045189135,107.33165367050962,-1.1922141842411307,0.9574870409111043,-0.031886265227785766,-0.0047562742883691025,3.250167789708407,4
33.055976136075145,108.21899196211098,-1.381312060489332,0.7349218475273247,-0.06416320320962632,-0.0033370125347048493,3.273554750012388,4
33.07265422696116,108.61533276747296,-1.3375585288209635,0.8166161732887645,-0.04322858012901914,0.020257649825863863,3.335215654508646,4
33.08933231784717,108.66100342997068,-1.3429855045992376,0.7633761824160175,-0.05517748116667628,-0.02060851422490778,3.3744867353592527,4
33.106010408733184,108.72130369483924,-1.2775549326949722,0.8695950168954099,-0.05705095929664693,0.01058017508110183,3.461565399259942,4
33.122688499619194,108.65144768188927,-1.268927393432051,0.8126086126002718,-0.034302170618199894,-0.02938377519447543,3.4961633014407103,4
33.139366590505205,108.14759748017778,-1.0993549446401794,1.0511714044257658,-0.07188644221087213,0.010444341037960827,3.5842418140210106,4
33.156044681391215,107.71405662431872,-1.2415366008943778,0.8915843024314754,-0.0433065810012096,0.019943116642104408,3.6637944145864574,4
33.17272277227723,107.24837157899302,-1.400319323889999,0.7870433761203941,-0.03149231648234506,-0.013973227955211448,3.711199389063913,4
33.18940086316324,106.55727039842837,-1.300818107312974,0.9060757964157915,-0.046861616330177276,-0.017935401783080306,3.7996128997049463,4
33.206078954049254,106.22458354975572,-1.4868807764970384,0.6500022557186398,-0.014863352188635123,0.0021488231272056195,3.868535001503019,4
33.222757044935264,105.33200767733719,-1.3021643946045032,0.8939819719030595,-0.015635952058547745,0.02028819471422344,3.9214349608011134,4
33.239435135821275,104.53164866113971,-1.2976559893037134,0.7704070144505621,-0.017179137222397896,0.011769018334858746,3.9776205799185784,4
33.256113226707285,103.36162080934886,-1.128046210212407,0.9427609884757082,-0.03160184760489645,-0.005956811463076738,3.997388156266129,4
33.2727913175933,102.23387233432408,-1.4601322963799923,0.5240725122748735,-0.019055928999873618,0.007762087803992914,4.049744563176636,4
33.28946940847931,100.52809371778878,-1.3667660155595271,0.5993068045547183,-0.03134686135833757,0.017616317503358986,4.122512951722374,4
33.30614749936532,98.63799382732593,-1.163765921835111,0.7809056676374304,-0.03822957726204196,0.006650015706626773,4.177935155899191,4
33.322825590251334,96.79840571950635,-1.3375578533370955,0.580906593845647,-0.033855947962649,0.022271019125003566,4.208403919640182,4
33.339503681137344,94.54890840101899,-1.2070495181930347,0.6068584111273161,-0.028858795138813235,0.02804875144633885,4.26890308625111,4
33.356181772023355,92.5509251070209,-1.313867503090151,0.4760537247744061,-0.012714035286454702,0.004511398878599863,4.272750132708466,4
33.37285986290937,90.50159972989526,-1.4058960606699848,0.40792687749757306,0.0026596919551080955,0.010424832809823056,4.265149327225866,4
33.38953795379538,88.39215183802582,-1.2616681666550598,0.5279888545353373,-0.004322595318622755,0.0107318047018324,4.274599300143512,4
33.40621604468139,86.67487410965191,-1.1478845553869945,0.4814975735087401,-0.002501167336329379,-0.007474845056043801,4.272080044224728,4
33.422894135567404,85.41528220434937,-1.1833948725238805,0.3975273195121005,-0.024991920753851593,0.02248984042220065,4.247290595972026,4
33.439572226453414,84.35187431547939,-1.1805197169412303,0.39088463947849306,-0.0024193896759696445,0.028928362677805602,4.273061184941278,4
33.456250317339425,83.50644246019621,-1.1236401712826272,0.49581645466433955,-0.02478818398369223,0.0034986568126936035,4.277824589869358,4
33.47292840822544,83.12498107357344,-1.3285003929018018,0.23068558888136792,0.014475274129421484,-0.0035513741250197775,4.248922923236876,4
33.48960649911145,82.45375717950911,-1.1517877629709368,0.4182115177953065,-8.065027484684406e-05,-0.0008331943116318646,4.266582498033862,4
33.50628458999746,81.95945790489694,-1.0489011987803245,0.5010279406580409,-0.011193285819552198,0.030814728457412913,4.293767873566573,4
33.522962680883474,81.60849918175029,-1.0805752929865555,0.4352807032996715,-0.02641195443158962,0.029414513568305982,4.277481195078053,4
33.539640771769484,81.07749000046714,-0.8913824588512291,0.6373721754508068,-0.010952278801645655,0.010327785106461443,4.23913459587584,4
33.556318862655495,80.77440423005075,-0.9957533075536951,0.48397893152360183,-0.0022172942204128623,0.01999914723845455,4.262976218144654,4
33.57299695354151,80.58992527689396,-1.0793148978300948,0.4526282439547131,-0.017777521457847337,-0.011112652466015593,4.254141962283647,4
33.58967504442752,80.0034649915644,-1.0095148818550896,0.49043330364700566,-0.019632803014638753,0.003750267579241197,4.230085974778922,4
33.60635313531353,79.55433618432419,-1.2493513450060867,0.2603568104634171,-0.011434974200438652,0.02327654871623553,4.245951044796492,4
33.623031226199544,78.45806124858561,-1.0768083794737784,0.3898783438710929,-0.02354045701421592,0.0356375989846932,4.25014386433644,4
33.639709317085554,77.33567095608888,-1.1725531830362712,0.3580732250343459,-0.02670836627978906,0.020702925270821935,4.21083810494152,4
33.656387407971565,75.8798767249494,-0.92337860395984,0.44028789601868823,-0.03198895740695575,0.01676703980495685,4.227632076143784,4
33.67306549885758,74.20985063355504,-0.8350783407842144,0.5203488803352485,-0.013441191982318941,-0.002832572960568169,4.230175535575935,4
33.68974358974359,72.40040067670378,-0.9154896221180451,0.4048647050586851,0.0064086772427575135,0.016670645492973597,4.235431259612131,4
33.7064216806296,70.13585994915731,-0.917533272554067,0.463300090786106,-0.010403816857435761,0.017933657395994264,4.242750995914048,4
33.723099771515614,67.98707954565134,-1.0039362090430828,0.27258125554595125,0.004661724520046631,0.04661685905382855,4.260047221783419,4
33.739777862401624,65.45583262354282,-0.9841506654755179,0.2118613085980101,-0.009856969806417844,0.028743108151056136,4.267961213536836,4
33.75645595328764,62.626337923828615,-0.9373223662086723,0.15111821050816587,-0.012604582016224072,0.053221949874031844,4.277397997191297,4
33.77313404417365,59.830839401609055,-0.9135408696229135,0.1863158606081896,-0.0071504065223355106,0.050994057828900145,4.263140425946565,4
33.78981213505966,57.144131540763496,-0.9357209025033946,0.07079390536294738,7.827132426796352e-05,0.05007291853274376,4.262455136777276,4
33.80649022594567,54.4048189151259,-0.8820964772498723,0.12999249805325874,0.027931279539867335,0.018709278450158243,4.252764914771781,4
33.82316831683168,51.7504444752535,-0.8396112569348197,0.0902528915015246,0.015178790742256544,0.012811880266497721,4.244653314085131,4
33.839846407717694,49.184298871764625,-0.9073076846373613,0.07265655846384966,0.053150679796306,0.008271135082961845,4.244231814190447,4
33.85652449860371,46.89304413241831,-0.9468312669086174,-0.10036231220986203,0.023372489324749838,0.029483660484177655,4.239449289563034,4
33.87320258948972,44.96634892997454,-0.9705516266406313,-0.15330570638605856,-0.0014105961990977408,0.02820870448578135,4.257188456311539,4
33.88988068037573,43.12187590820795,-0.9026633098684957,-0.16627521941183154,0.0026568934903421076,0.03525044614882654,4.248474660213863,4
33.90655877126174,41.62504825352376,-0.7725248924041637,-0.07402475114794349,0.014317331841729394,0.01828610736037412,4.239086490527925,4
33.92323686214775,40.46146458796435,-0.8371119613656557,-0.19590333562521955,0.021597225446257598,0.00789894933356473,4.197405970678453,4
33.939914953033764,39.48850904713905,-0.9659692673058391,-0.25825381923279345,0.021883271892553024,-0.010871274921803325,4.154648496674898,4
33.95659304391978,38.32819345671846,-0.8131098833943113,-0.17610600722181147,0.04387975567608568,0.0066234452170223146,4.128459777295484,4
33.97327113480579,37.5186204123107,-0.9408547693546456,-0.24656940028514818,0.0429452266835388,0.045867905923903954,4.114414714210802,4
33.9899492256918,36.46654877756573,-1.0283898514517773,-0.1936881447072043,0.03156236368768797,0.00417371148524415,4.0372624912165245,4
34.00662731657781,35.43758949819644,-1.0492005257929637,-0.1849615381230496,0.03140879694024657,0.024340508775402517,3.9475347492595723,4
34.02330540746382,34.302509471659214,-0.8439256443940764,-0.13903825831184413,0.0011226766280949506,0.045550523288258184,3.8277453806509087,4
34.039983498349834,32.94988405566015,-0.6576181603851889,-0.13064545856737553,0.01781242467903483,0.03372020614221774,3.7003161484199656,4
34.05666158923585,31.493416458749806,-0.4832515051063506,-0.0537256618534645,0.01804058528981972,0.03108424407138971,3.55981241063742,4
34.07333968012186,30.131197655508778,-0.4945534199993009,-0.10796254435702579,0.010160935425894049,0.036625515188987726,3.4516756226177767,4
34.09001777100787,28.70590482660856,-0.54670056948674,-0.12715566040720638,0.007544564310624553,0.03594929251100507,3.324187243538811,4
34.10669586189388,27.9715399543465,-0.8035816037244752,-0.3086931533460362,0.04818892100295508,0.007708368790307587,3.1388746152380276,4
34.12337395277989,27.254844589548163,-0.7337002495293667,-0.1663553972604852,0.0020253762546607063,0.001543453316631148,2.9333255102645404,4
34.140052043665904,26.991028246136285,-0.608478086315186,-0.1523403276779085,0.00022513353108226475,-0.011670373924991255,2.624132075269953,4
34.15673013455192,26.816068397608987,-0.38986987974646325,-0.0053788655348423475,-0.012327648804587931,-0.008753463743308274,2.331319780929145,4
34.17340822543793,26.967614442370305,-0.5542010627779606,-0.18346895470323688,-0.0018599981388892819,-0.016660690376821826,1.9379140343831234,4
34.19008631632394,26.986091383573424,-0.2357346090165393,0.1389207387424083,-8.31787838566356e-05,-0.021929246269901018,1.5034646085562413,4
34.20676440720995,27.333644135625505,-0.3318956501640731,0.21345290836562292,-0.04026809066475057,-0.055198986080853614,0.9852340584979135,4
34.22344249809596,27.553170212488002,-0.09751012686248028,0.40545599543836985,-0.047612073857855486,-0.04347007996759239,0.4464150197781837,4
34.24012058898197,28.00229327857021,-0.0555309852253032,0.5104702850699443,-0.047112484392832395,-0.05219483915809286,-0.15300981011018672,4
34.25679867986799,28.371162621628145,-0.023391118007181078,0.5525313379839183,-0.07469544267578702,-0.025667776635605984,-0.7637000012977085,4
34.273476770754,28.42586191196571,0.15345138473890252,0.7197101669604411,-0.09567301886939365,-0.06615361908822553,-1.4587773427650779,4
34.29015486164001,28.437271518873356,0.3012950332241138,0.8687311864119014,-0.10383528697120675,-0.06019445467150233,-2.0880828979858808,4
34.30683295252602,28.493242691878876,0.2664729753048585,0.7628692061923701,-0.11469191216805116,-0.07118836113121448,-2.80410702313096,4
34.32351104341203,28.141043676745657,0.661606954792286,1.1755501470156755,-0.17018898686062522,-0.04933824444825546,-3.460900162011729,4
34.34018913429804,27.85500139238598,1.0478793798624038,1.4263364687080182,-0.17076342511086876,-0.08869544798013726,-4.256433792711866,4
34.35686722518406,28.207497068620533,0.8101496085958928,1.0226812069579525,-0.17595430348864774,-0.049587922361927085,-5.02420089752142,4
34.37354531607007,28.293940556549355,0.8432485332878068,1.1803528445709057,-0.22033425412323918,-0.059569338136697604,-5.807537590743099,4
34.39022340695608,28.08787822091277,1.0938816903768327,1.4790634769496638,-0.2114391865283038,-0.12563146457277732,-6.561518948780007,4
34.40690149784209,28.26793004850376,0.38331666604916403,0.9382819674383214,-0.17574130392625098,-0.12699231503945232,-7.201885373266188,4
34.4235795887281,32.55806176865335,-8.273309878634498,-8.897786907518595,0.7457479436581427,-1.6527276139047047,-8.76727184701607,3
34.44025767961412,31.78714891738251,-7.583249473506621,-8.370915310741026,0.7322844075657761,-1.7003655181683475,-9.3304353655741,3
34.45693577050013,31.12766700036825,-7.429673207875254,-8.177686145201248,0.7086397719553443,-1.68215116438366,-9.808756677410642,3
34.47361386138614,30.315242974222098,-7.083485614064915,-8.020607037723131,0.7119122335651764,-1.7728170168399005,-10.239311105574037,3
34.49029195227215,29.83240526441761,-7.167184922667616,-8.067264804950003,0.7297854633303265,-1.7388725691974254,-10.64020639885788,3
34.50697004315816,28.93303543440772,-6.8706083965982625,-7.764790218020881,0.6808932749362915,-1.6995261667555803,-11.004865555258053,3
34.52364813404417,28.06661470032197,-6.760401997353281,-7.665660635977129,0.6812312394398055,-1.728336283725033,-11.349082817499344,3
34.54032622493019,27.37871119803691,-6.445665008307386,-7.432463280638241,0.6346221555031307,-1.6492276688524747,-11.57956741472082,3
34.5570043158162,26.620566592519502,-6.167164218278921,-7.170456706670987,0.6084055128142303,-1.6872283669399917,-11.871785291354966,3
34.57368240670221,25.95593337921346,-6.195299279687436,-7.278423261374386,0.5966374463774932,-1.6617296075565477,-12.140966619420412,3
34.59036049758822,25.181139189112834,-5.871601562358685,-7.05653099357728,0.5875912711926804,-1.715820122131679,-12.445224279520144,3
34.60703858847423,24.44331763885401,-5.907421277272882,-6.955530059746173,0.6038165848664726,-1.7238771451597057,-12.689605132360763,3
34.62371667936024,23.83101475942866,-5.706391463254416,-6.8498431940944196,0.5411772856091656,-1.6931990352289463,-12.845958789319539,3
34.64039477024626,23.218326790226865,-5.757951984088993,-6.77801735463267,0.5695042831877503,-1.7344672225683908,-13.084739112120694,3
34.65707286113227,22.72425364458622,-5.557618738805869,-6.608916115810288,0.5424789759676767,-1.74414155382339,-13.26886757508227,3
34.67375095201828,22.36462988872227,-5.7320785891154085,-6.872035913029112,0.5808941038697064,-1.7847503027667413,-13.476864194614603,3
34.69042904290429,21.959245499576497,-5.738134747583259,-6.839140746218299,0.5554758750248068,-1.7101613630638923,-13.598876102371596,3
34.7071071337903,21.489506641150978,-5.4236372769736505,-6.456838885076242,0.5362894003440158,-1.6968558571867436,-13.71146098276652,3
34.72378522467631,21.39233208064983,-5.4435978202762945,-6.661406931779965,0.5598184818009452,-1.735690368848822,-13.880904752135374,3
34.74046331556233,21.08382832286705,-4.993381582763833,-6.338138672536649,0.47864789562339377,-1.7296164278215902,-13.987246002763968,3
34.75714140644834,21.070560040395094,-4.859084641845792,-6.05758188568788,0.4721791795353846,-1.6916729733115385,-14.166133396102163,3
34.77381949733435,21.362701044594125,-5.052528640046129,-6.31096120708863,0.507158996937936,-1.722233603183284,-14.346680037750803,3
34.79049758822036,21.344691539177823,-4.883323621856739,-6.075281084087177,0.4944945406523749,-1.7128607510411507,-14.475344220376046,3
34.80717567910637,21.452678906745067,-4.863191680311273,-6.082698075970551,0.4697922226822417,-1.7164480080388527,-14.559371216844125,3
34.82385376999238,21.47322488399051,-4.9796533725398096,-6.166732959298728,0.48065806118656496,-1.7215366580381215,-14.571402953277465,3
34.8405318608784,21.43896874966596,-5.154489626942624,-6.394618873358855,0.521334954947923,-1.77629830797454,-14.570065480756647,3
34.85720995176441,20.756280808291645,-4.936691251111251,-6.162574322243988,0.48995543125741603,-1.724373480348153,-14.40232756053715,3
34.87388804265042,19.98173684458741,-5.139494075060448,-6.3389128733729665,0.49880684159013694,-1.7691087560065766,-14.179013305928992,3
34.89056613353643,19.131799490057844,-5.424766634375972,-6.5987975529757605,0.5164652242037061,-1.7597266016356585,-13.869348798867282,3
34.90724422442244,17.99560392150841,-5.620390294938533,-6.83019098101108,0.5716354873238098,-1.7728201344876566,-13.563197150987499,3
34.92392231530845,16.623460392748576,-5.9799093802521615,-7.293002585370855,0.5870973513834898,-1.7964595945201596,-13.074164088248878,3
34.94060040619447,15.142589403974968,-6.126221034543077,-7.36728906331782,0.6106043998088604,-1.8061797783274993,-12.59848880748743,3
34.95727849708048,13.365540275341868,-6.261979001594369,-7.626557988422841,0.6307372400023459,-1.8022766381571813,-12.046449192108673,3
34.97395658796649,12.16424540916217,-7.411612318806744,-8.961876618571827,0.7274199137770705,-1.8069579265759024,-11.39586125742936,3
34.9906346788525,9.866992547907422,-7.350510766875821,-8.745288017510772,0.7455171384688236,-1.8608825713167116,-10.754325166631498,3
35.00731276973851,7.975561351901301,-8.364238663681798,-9.866573216887964,0.828267814937317,-1.8535714803637422,-9.881596444577045,3
35.02399086062452,5.031210707671177,-8.57697366811014,-9.996926401786594,0.8511432081922755,-1.7972290910182869,-9.01019505801249,3
35.04066895151054,3.00573857492658,-10.885489496465947,-12.513550977593184,1.0348189150762213,-1.8627112844971303,-7.951924907074984,3
35.05734704239655,,,,,,,2
35.07402513328256,-17.361462373779997,11.920590507704986,12.794721641178654,-1.3325897234866493,-1.0115033399486977,-5.005410778713726,3
35.09070322416857,-22.626765581878406,13.654691877459676,14.380116503507198,-1.4994600741706259,-1.0912503713081951,-3.695712731415107,3
35.10738131505458,-20.510283662162852,-0.6665423520016693,-0.8980265633893776,0.026281681651310677,0.06656228230093988,-1.488985865604389,4
35.1240594059406,-25.44288093830434,-0.07113850005515587,-0.662420666657642,0.018481643354245136,0.027819057187586944,-0.5085634050895715,4
35.14073749682661,-29.797122059226485,-0.8125523763519418,-1.356839329985167,0.10981570517420067,0.10161934927792549,0.42989228105456373,4
35.15741558771262,-34.214182198628826,-0.7938101156661723,-1.5019888893242914,0.06925265652091657,0.0398088066579015,1.2274724898584632,4
35.17409367859863,-38.386049947438714,-1.2801727855499294,-1.9297688682602256,0.131771359094154,0.11349296047742567,1.9406661192992452,4
35.19077176948464,-42.51823199607429,-0.9740674506940472,-1.8336843803858685,0.12276179236718689,0.06733047795217731,2.41918307824123,4
35.20744986037065,-46.294806882985895,-0.9744727109327815,-1.8949421998655698,0.16881485852083497,0.06651933629144616,2.8433786989828205,4
35.22412795125667,-49.647231766071286,-1.255542814070381,-2.31849759150559,0.17608325153795681,0.10356255535343968,3.2248919975344883,4
35.24080604214268,-53.20298322802624,-1.0649795172065364,-2.1307441685115744,0.14712223582369327,0.12201410722525989,3.510957877655632,4
35.25748413302869,-56.05803161305771,-1.1782806368881378,-2.427975202803916,0.18164939793820992,0.046687094065997053,3.6961592310328717,4
35.2741622239147,-58.68568433733716,-1.3475017819912871,-2.6637368830747583,0.2109296437037648,0.09416806815397273,3.881120812426971,4
35.29084031480071,-61.298077587285064,-1.3771076251717638,-2.6951699329563326,0.24134478765626832,0.09581503153664721,4.030898619549371,4
35.30751840568672,-63.59933330592173,-1.2275790120629253,-2.618748390674341,0.21797715666121825,0.0869041031272693,4.124498506528644,4
35.32419649657274,-65.29047232760695,-1.2019286816884325,-2.69952155247584,0.21007885969861653,0.09425908936344117,4.224079683987493,4
35.34087458745875,-66.7533712383412,-1.3329352505245105,-2.943016862019494,0.1879346058119239,0.10622153306346405,4.269361866584959,4
35.35755267834476,-68.10527672044259,-1.1543030324968164,-2.778698236588518,0.18457098520552095,0.047149410108567325,4.267785706262631,4
35.37423076923077,-69.03976651965804,-1.218638523392503,-2.7885750874383177,0.19532751030140005,0.07226820859144556,4.2674072852842375,4
35.39090886011678,-69.7977108055127,-1.201442479508458,-2.7984199903516362,0.2128217185887768,0.07930732427571655,4.248455725870949,4
35.40758695100279,-70.39394976046412,-1.2271269170088495,-2.9587097115199654,0.22258777898700044,0.07612847666465361,4.201402264448084,4
35.42426504188881,-71.10914184055441,-1.0173612500008709,-2.776525252437292,0.19368049523713313,0.06949900299416571,4.187560921071382,4
35.44094313277482,-71.66065238946459,-1.048255842965716,-2.7912980408704797,0.20801710320426894,0.0625304257436798,4.183180880484496,4
35.45762122366083,-71.8865603135493,-1.3538164599369793,-3.1257971030547687,0.22986288282780634,0.0860320103699242,4.201836517084451,4
35.47429931454684,-72.36131889132764,-1.457482857836542,-3.158889549213466,0.2410671412514923,0.07233268447955908,4.186846799016501,4
35.49097740543285,-73.02906866942335,-1.3245798452264985,-3.0781463054534974,0.18803996309193058,0.08414475137877443,4.224169682702973,4
35.50765549631886,-73.79381010089686,-1.2155106507016384,-2.922965975720203,0.23817670875422897,0.08176432418636477,4.211704560001413,4
35.52433358720488,-74.39936085581743,-1.4251652201622242,-3.195596900902295,0.25332491962240905,0.05355210623262263,4.205667164233608,4
35.54101167809089,-75.29014331019009,-1.485625369541129,-3.278641226752619,0.24374690869102,0.06255180397295217,4.189345843283154,4
35.5576897689769,-76.20910525605306,-1.3368271763727542,-3.1839330006450375,0.2255847483318091,0.04991628043110019,4.189557339496628,4
35.57436785986291,-76.85371837196477,-1.4831127721149642,-3.316887181652824,0.22793871995161055,0.07427351505137972,4.183854601768651,4
35.59104595074892,-77.58890073039802,-1.2011086642157416,-2.91790963557791,0.22118803404278398,0.10238847350072916,4.177058350457814,4
35.60772404163493,-77.58394406737145,-1.209293105099647,-2.977091053209808,0.2073730772786625,0.089108242609272,4.1763346337877465,4
35.62440213252095,-77.51160990659122,-1.1989268708577576,-2.9612138224614384,0.2401808880518661,0.07736633070362703,4.161972627730864,4
35.64108022340696,-76.69906544503189,-1.2034383313588144,-3.0317651185346435,0.20789129050840782,0.052714541908999664,4.096881754034491,4
35.65775831429297,-75.08781466731324,-1.428356466851124,-3.0949833736709955,0.21070454228428623,0.044186052519434915,4.002970909268747,4
35.67443640517898,-72.95113434252328,-1.2956486245080185,-2.983790459643501,0.22483256234639037,0.028089770677674417,3.788836706340214,4
35.69111449606499,-70.42888601932128,-1.4573371461323248,-3.068506799994381,0.22186117288768337,0.016737159161473815,3.577399001988362,4
35.707792586951,-68.05799837510511,-1.4710858449715865,-3.0192598820317045,0.18738832274165293,-0.0032176217963030807,3.3189714799783943,4
35.72447067783702,-65.78913317614217,-1.3958671940552563,-2.8175526251570098,0.19084595955014677,-0.0009142078236416711,3.09008068066659,4
35.74114876872303,-63.68857514373934,-1.2388918797707973,-2.6106588106693955,0.19373179969545398,-0.029708961843256863,2.740416493331897,4
35.75782685960904,-61.640570267023094,-1.2740068502632127,-2.671776826609282,0.1578082500713675,0.002603832476570356,2.4257596430936172,4
35.77450495049505,-60.42599977046917,-0.7335597303023889,-2.292317684741846,0.1500809304217775,-0.0051947526405574885,2.0731964956787032,4
35.79118304138106,-59.683975179899356,-0.4201387344464216,-1.8844694989767135,0.11072820011974747,0.027752348488204934,1.8431165486984682,4
35.80786113226708,-58.66511817133332,-0.8870529964802536,-2.2830147082782126,0.11895898526447041,0.013849586425329517,1.6182064461461598,4
35.82453922315309,-58.31795716445221,-0.7873757035974052,-2.1282711785492268,0.11525109862176941,0.02258782852726986,1.400025126962644,4
35.8412173140391,-58.24394934676103,-0.3040156289317082,-1.5672831374662088,0.10232349045758353,0.004923693974591162,1.2152874811283059,4
35.85789540492511,-58.109662630911,-0.3821321455907416,-1.6472325845587044,0.10103550622571886,-0.00910280663375295,1.010636422325921,4
35.87457349581112,-57.99564710469494,-0.3539529474707521,-1.7679589820978272,0.11374796483431082,-0.012426099777480853,0.8576100348732433,4
35.89125158669713,-58.004047741604865,-0.4466171389315434,-1.894121766021918,0.12926345143116222,0.012270744535975223,0.708745132986571,4
35.90792967758315,-58.44850098499939,-0.16502224450002956,-1.5602957881972657,0.09514329709353414,0.004510341191507915,0.5871683381719981,4
35.92460776846916,-58.889747878863,-0.4201344515810561,-1.861590550457727,0.08938212115909983,0.04607457363229312,0.5369386073282759,4
35.94128585935517,-59.62956059246642,-0.47421146972156336,-1.8337937715787298,0.12214084105222672,0.02436318236181826,0.48690608812423936,4
35.95796395024118,-60.768430044038105,-0.37232769955164713,-1.7793181029371432,0.08014070338582376,0.009746539606901644,0.4925219633028547,4
35.97464204112719,-62.12679330711515,-0.2845794361618559,-1.7217378669345855,0.07812240158698888,0.009836462278959027,0.550215665426592,4
35.9913201320132,-63.465045926922556,-0.38316573215910665,-1.9103154102144018,0.1334556025832706,0.027882088792382163,0.6292943178568453,4
36.00799822289922,-64.8646729465221,-0.649752643587874,-2.1265140389134736,0.142799918664672,0.056166644629303854,0.6939719449351187,4
36.02467631378523,-66.42207673344156,-0.5668420324084629,-2.1508866527730497,0.1477058672801297,0.036664281944264555,0.7888194611806104,4
36.04135440467124,-68.06532054039558,-0.7378939597011858,-2.2596804637360215,0.16623756667980039,0.03844001112319093,0.8784454673122378,4
36.05803249555725,-69.73254126488192,-0.5818492405682818,-2.2187483900776535,0.13972641558029372,0.04616669759657241,0.9946798587511448,4
36.07471058644326,-71.29597741933793,-0.5707278718756896,-2.2495683112953735,0.1717418139636984,0.04706229752394385,1.0728404573327752,4
36.09138867732927,-72.86965282813483,-0.7152560673715982,-2.455099800414171,0.1678995202107166,0.048075783337217556,1.1510604392805606,4
36.10806676821529,-74.57675894779825,-0.9198284930078273,-2.6653137667309146,0.18089602515547,0.04593951221356763,1.2541442580936693,4
36.1247448591013,-76.76175888991173,-0.6943296701044659,-2.5360627577429327,0.1672417297307009,0.052290391101535556,1.398376437806006,4
36.14142294998731,-78.8388137216027,-0.9376578255370163,-2.8138563511389094,0.19770530955536764,0.09420532571102296,1.566169101163066,4
36.15810104087332,-81.16408222858814,-1.240942246390265,-3.1341591999462786,0.21273550526587373,0.11334019109082194,1.764230802649905,4
36.17477913175933,-84.00692834920648,-1.2198532052513649,-3.150121185567734,0.23615353327890887,0.11644165103078895,1.9718894731568868,4
36.19145722264534,-86.69448689150232,-1.241510082406343,-3.287657661600271,0.22957235125233832,0.08588144786243358,2.1882302638412616,4
36.20813531353136,-89.7623345229553,-1.2758927755269163,-3.3200545333530407,0.23528634198056253,0.10763615124843284,2.4122097541878382,4
36.22481340441737,-92.7347632013637,-1.1902383976408863,-3.346444331260958,0.26944540395686556,0.09313240855872433,2.5906879231428377,4
36.24149149530338,-95.62660682907585,-1.350155540096523,-3.509473064797181,0.26296717343395426,0.112369729902032,2.7856522572340996,4
36.25816958618939,-98.12913076763047,-1.301550850535886,-3.5187343069605745,0.24275186906196114,0.10399558259594485,2.8899385110110547,4
36.2748476770754,-100.16595869867416,-1.5931268465333623,-3.8063287854574064,0.26785638074423324,0.11161483304068866,2.9773766240176784,4
36.29152576796141,-102.37188343261565,-1.3706064090746857,-3.669126811909141,0.29106203669292907,0.11533276181588997,3.0354276577680985,4
36.30820385884743,-103.90669685829994,-1.5005224914969908,-3.861458016919631,0.25242378108014796,0.09715487747707957,3.036579070417037,4
36.32488194973344,-105.41547941918073,-1.5461142554514353,-3.882301755016499,0.2717747586304818,0.08996138442071178,3.0505893761244667,4
36.34156004061945,-106.65508562127621,-1.5971973000405235,-3.9230559734530353,0.28123340033443095,0.08768647295331539,3.018595759034353,4
36.35823813150546,-107.77372077218027,-1.4809629653583087,-3.8760194138637125,0.2732936786886389,0.09787482690665014,2.9948626897961876,4
36.37491622239147,-108.70511630730294,-1.6848462837877562,-4.081422693527802,0.296318123503428,0.09115753081207727,2.929322956238036,4
36.39159431327748,-109.50585377636861,-1.6139123062582499,-4.057405312410054,0.3283719183807854,0.0784086855594133,2.85974410415747,4
36.4082724041635,-110.068586742836,-1.7338664108370878,-4.193911406096838,0.2944005473939587,0.060378074820174446,2.7550942911411713,4
36.42495049504951,-110.59867857923645,-1.6616059556491187,-4.114566878675568,0.32071911941718634,0.04004208421767077,2.644183878648691,4
36.44162858593552,-111.09323894544713,-1.3063369131929896,-3.750292297742334,0.2461267608582518,0.06977359908502202,2.535163326360839,4
36.45830667682153,-111.0676928830679,-1.3912629866582833,-3.896847674295863,0.24953378270334442,0.07580632457317933,2.3865208492675962,4
36.47498476770754,-111.19632015748782,-1.24727668516201,-3.7499256330726283,0.2381940889599875,0.04493253072286421,2.1855079350194977,4
36.49166285859356,-111.40812414566797,-0.37262695657272005,-3.464276781063937,0.039644584855112915,0.18317716959385325,1.9877587857635064,3
36.50834094947957,-110.93237929026216,-1.1501481651759526,-3.6031926123504476,0.2539531278615662,0.021058378891331577,1.7457935343460436,4
36.52501904036558,-110.46957565441876,-1.0660248753620358,-3.6383814056205708,0.20498862416581304,0.02957439139922715,1.5195482626209416,4
36.54169713125159,-110.27158108909775,-0.3744171714338975,-3.3997762469075212,0.05391166723256063,0.10955218603466221,1.2039764799064123,3
36.5583752221376,-109.75482522631278,-0.9608550348768148,-3.8606329154247625,0.10774425618609149,0.04202767033883954,0.8275497886809456,3
36.57505331302361,-109.28475518402286,-1.4044589229090931,-4.232639110484243,0.16354986981165964,0.003694696694927095,0.48124176246539474,3
36.59173140390963,-108.87106313901836,-1.9446715640041319,-4.7400750253687285,0.19925294770994134,-0.06658347770515022,0.11844336698597184,3
36.60840949479564,,,,,,,2
36.62508758568165,,,,,,,2
36.64176567656766,,,,,,,2
36.65844376745367,,,,,,,2
36.67512185833968,,,,,,,2
36.6917999492257,,,,,,,2
36.70847804011171,,,,,,,2
36.72515613099772,,,,,,,2
36.74183422188373,,,,,,,2
36.75851231276974,-103.18838418708191,-16.641681095472517,-21.42612878380822,1.761644031466999,-2.15422241014377,-3.3726854238034463,3
36.77519040365575,,,,,,,2
36.79186849454177,-100.40234645339915,-14.824119404548341,-19.47587320286478,1.5847825568654639,-2.1219519491648366,-4.807406963520434,3
36.80854658542778,-98.87143074422168,-13.824693907599627,-18.375615607607482,1.5195368914221785,-2.0981281239149046,-5.610884076184618,3
36.82522467631379,-97.20972325387422,-13.043411902057748,-17.425510527790212,1.4427624316723788,-2.1129250251889067,-6.443427202860826,3
36.8419027671998,-95.77368028206666,-12.510170730052263,-16.954829510830454,1.377816663552742,-2.166926663693798,-7.200644116548571,3
36.85858085808581,-94.60660936035589,-12.094621568473201,-16.480239118202405,1.3361333334293277,-2.095109971146901,-7.74845824727778,3
36.87525894897182,-93.61868092435611,-11.711738096109858,-16.060485112647253,1.3139632204238976,-2.081739459304683,-8.208210229028873,3
36.89193703985784,-92.92289361413037,-11.398396390184313,-15.864378584859264,1.2785713372675616,-2.1175043761719685,-8.677029081361713,3
36.90861513074385,-92.19266008577907,-11.21567363604887,-15.607665085927785,1.277900757576691,-2.118263902011963,-9.048767806186087,3
36.92529322162986,-91.63267550321167,-10.92175713141857,-15.282551747050551,1.2432440757619483,-2.113796416867678,-9.386729349646163,3
36.94197131251587,-91.0666993594555,-10.40997049806792,-14.713692188571137,1.1760910668997766,-2.092396948416214,-9.692428057914553,3
36.95864940340188,-90.16553604238544,-10.403055351217752,-14.857165740165485,1.1881303099789673,-2.0916082600796195,-10.01278629902913,3
36.97532749428789,-89.39838750336123,-10.035142572834399,-14.451030732557143,1.1702904113776589,-2.1489107052190493,-10.378180161774637,3
36.99200558517391,-87.80827365764492,-9.825316931416268,-14.200996457983848,1.1082862064080747,-2.11732072041532,-10.8416732655594,3
37.00868367605992,-86.03793185036785,-9.20840396168133,-13.335637368829815,1.0481641661136738,-2.109794102601115,-11.381690766405224,3
37.02536176694593,-83.8386979273754,-8.661601172285142,-12.850030364915156,1.0256813012245267,-2.0978584030556484,-11.967977817828459,3
37.04203985783194,-81.39873172687452,-8.215799294920526,-12.357370204348587,0.9590520472146947,-2.085789627801049,-12.570490002795726,3
37.05871794871795,-78.71982999616435,-7.597472346223373,-11.636170766477072,0.8998690050230337,-2.1132061246809735,-13.253651947967834,3
37.07539603960396,-76.05745565492407,-6.8981632373058925,-10.822007825428962,0.82590392886525,-2.0799930399069297,-13.908316466171799,3
37.092074130489976,-72.98911032390696,-6.611665159232029,-10.396989707599607,0.7993225662946728,-2.070410239570868,-14.546188995555065,3
37.10875222137599,-70.1154189448357,-5.8462284675990315,-9.699847990171106,0.742997823335122,-2.0780130665135923,-15.196375006272723,3
37.125430312262,-67.05382624544343,-5.511795344737795,-9.219000417753591,0.6964987518896645,-2.0602232772801448,-15.800862788680897,3
37.14210840314801,-63.84384899931716,-5.186461028528543,-8.835354404518442,0.6315221086416046,-2.0568406386338376,-16.34082147355854,3
37.15878649403402,-60.83684688193199,-4.798145937168316,-8.3736301407887,0.5883461113907866,-2.0783893223181344,-16.888263977972432,3
37.175464584920036,-57.963020334162735,-4.6791753085599055,-8.009293330247193,0.5767556124202373,-2.0232795950008042,-17.373758121744356,3
37.192142675806046,-55.20131794500582,-4.0870081099984255,-7.312105120144006,0.5453374892167472,-2.009942314930355,-17.740966127192063,3
37.20882076669206,-52.35362593464673,-3.9096150651823844,-7.305874574376739,0.5306001554987152,-2.0226393572599237,-18.114751701006057,3
37.22549885757807,-49.79638838547007,-3.6913613651566735,-6.84280762094018,0.4847599498106133,-1.9860898262163496,-18.360997297619072,3
37.24217694846408,-47.24974997563289,-3.607174308314102,-6.790300918132548,0.466126940751641,-1.9965887691758675,-18.534386275260776,3
37.25885503935009,-45.28040609491575,-3.2033701609671166,-6.2856837596008575,0.435033010172389,-1.9510086445287342,-18.653163301900033,3
37.275533130236106,-43.090909746196736,-3.333369717816508,-6.254839269138403,0.42711593943217624,-1.9371315280743853,-18.64688846147721,3
37.292211221122116,-41.221718461294486,-3.2871399551884988,-6.268682128330202,0.45728074077987013,-1.9509390439465166,-18.637359869203213,3
37.30888931200813,-39.625558856674814,-3.305571685949092,-6.3137794100191105,0.44506917113398126,-1.9600898656943746,-18.522423535597984,3
37.32556740289414,-38.023405562535885,-3.5789990249195602,-6.402676903950204,0.4655959849814366,-1.9299498196949554,-18.304919147277843,3
37.34224549378015,-36.64011431123521,-3.509894948816985,-6.351595189056662,0.4700027323687967,-1.9445450476806738,-18.09015445668101,3
37.35892358466616,-34.95501609030984,-3.7908294449220286,-6.583148015609562,0.4926340422900765,-1.9141027552479466,-17.82301352332637,3
37.375601675552176,-33.46054940098137,-3.7929089559648492,-6.581500049840427,0.4734928023735089,-1.9147570708313486,-17.51746538109364,3
37.392279766438186,-31.767846465869297,-4.004343940540559,-6.62498475304616,0.4621546428915509,-1.8744072061443098,-17.255105778049217,3
37.4089578573242,-29.88916383540368,-4.215111938600896,-6.8715936017838475,0.5116588241368789,-1.930023169787022,-16.987262947407416,3
37.42563594821021,-27.998892979147158,-4.302633837183664,-6.863161002103755,0.5262722778056541,-1.8901769643390975,-16.69217082686265,3
37.44231403909622,-25.799818205863378,-4.218935087948266,-6.823225774826193,0.5382689045982528,-1.9626751896779417,-16.49927365576906,3
37.45899212998223,-23.407495257535697,-4.390933443142745,-6.9481288194546895,0.5194435986819098,-1.9504534483926157,-16.3096581792075,3
37.475670220868246,-20.887858777333793,-4.511432728905288,-6.985841855689756,0.5547044880837808,-1.9284926653109855,-16.074483479735186,3
37.492348311754256,-18.587043418507733,-5.0593324241550395,-7.3268640451710585,0.5787990402640538,-1.942107384826732,-15.773105137673257,3
37.509026402640266,-16.773264050778312,-5.061124986002691,-7.252052181897462,0.5769715227947197,-1.8844714967582523,-15.298931962320294,3
37.52570449352628,-14.85077615189639,-5.546273003684787,-7.8322673700384104,0.6064356704699967,-1.9160774946660175,-14.838625807369946,3
37.54238258441229,-13.544103908891625,-5.483271950101881,-7.594219405137579,0.5710175357175092,-1.8588987901277976,-14.241268076152508,3
37.5590606752983,-11.914364106263129,-6.035697276954863,-7.9829672242011585,0.6587838131709962,-1.8684861879029775,-13.66122190629434,3
37.575738766184315,-10.631761558113173,-6.0742845774849865,-8.14861504857054,0.6586556897442611,-1.8477385535795987,-12.94286794752594,3
37.592416857070326,-9.3927107971775,-6.50100129578745,-8.434086953770748,0.7051583897801647,-1.8243484002324044,-12.234145681709789,3
37.609094947956336,-7.8907239006878545,-7.128611590623229,-9.046404901749085,0.7691868988176385,-1.8628848742982462,-11.539280949429626,3
37.62577303884235,-6.482456452483499,-7.485517922566261,-9.460910956106373,0.773177704603683,-1.858044492493062,-10.76482658424739,3
37.64245112972836,-4.884708232229983,-8.349087340728907,-10.061125577944638,0.8325553346082601,-1.8655682085466039,-10.050348369286445,3
37.65912922061437,-2.943517066192829,-9.073628732125309,-10.81802099036728,0.869211933917394,-1.8643566756465948,-9.296644272294794,3
37.675807311500385,-1.0621123374492107,-8.993686040762402,-10.736776160073866,0.8990505309804583,-1.8473546387286293,-8.641676921189783,3
37.692485402386396,1.3514890842418472,-9.571711418672955,-11.188183338556247,0.9267610357550782,-1.8565900230996542,-8.04311369602085,3
37.709163493272406,3.7924273626053835,-10.010920464287718,-11.517070123479325,0.9618661873094484,-1.8037816308387014,-7.434427877330713,3
37.72584158415842,6.350132770275529,-10.368291661476809,-11.875258420871731,1.0137969495805264,-1.848752155100252,-6.894728494642465,3
37.74251967504443,3.2589193798557714,0.1497199757761679,0.17301309263017994,-0.0911216149466407,-0.1746808514327156,-5.2958109719845305,4
37.75919776593044,5.444436788065386,0.5302013275922,0.5844303739082879,-0.12192938191172054,-0.08871047614665588,-4.626227543299,4
37.775875856816455,7.771157328764524,0.6854935575153605,0.702368272316144,-0.1438136917439407,-0.07480591296718868,-4.04209787553138,4
37.792553947702466,9.76793414927673,0.5750393784581043,0.6511445289157507,-0.11326119733645736,-0.07446184816324118,-3.3350470208579437,4
37.809232038588476,11.717047424406264,0.2278403588995248,0.3655372012611937,-0.08087730963151993,-0.04055089561974089,-2.5795721003335554,4
37.82591012947449,13.127696438081102,0.23098838892879492,0.3275637221264227,-0.09183367648152944,-0.027623167389600824,-1.8592289403389264,4
37.8425882203605,14.374526095212653,-0.025572026981026674,0.20358583303670663,-0.06330394491385104,-0.012231530925946085,-1.178863124363473,4
37.859266311246515,15.070838302866319,0.15608446441926205,0.3162413043315464,-0.030154967817754976,-0.04070477527393747,-0.42812699888649647,4
37.875944402132525,15.811989810322006,-0.37178969788771177,-0.04558780861846756,-0.01585194719031992,-0.02261007466495287,0.3202726481935398,4
37.892622493018536,15.981607958485966,-0.34436531928863356,-0.01945915473235882,-0.03287947715924704,0.006690945958624845,1.0198824620758453,4
37.909300583904546,16.326073325868496,-0.700685353255329,-0.2882823609285614,-0.007444147151320646,0.01146535677755341,1.6620355650857057,4
37.92597867479056,16.28564707925966,-0.7019410561007469,-0.2864246294445971,0.014225759523111631,-0.0005815089155068073,2.249489698455158,4
37.94265676567657,16.09480508041407,-0.7213307702285325,-0.3146973641286195,0.026003347289770606,0.028565838024930627,2.7483985963626454,4
37.959334856562585,16.04004589628687,-0.8030300243667776,-0.4803265222195776,0.03166232072719756,0.029613639512432628,3.169206820608732,4
37.976012947448595,15.814785991027755,-1.0669747538712873,-0.6353607798098402,0.07989096648116187,0.0538509085471087,3.5204582059702956,4
37.992691038334605,15.023859803383976,-0.744744135963062,-0.5351585686538698,0.08787188356297736,0.051315182882605635,3.800233610234125,4
38.009369129220616,14.17519846054397,-0.9913063476392385,-0.7715478920211307,0.08579363427037798,0.03884520109650894,4.061852661281119,4
38.026047220106626,12.93117635332277,-0.9905792484529106,-0.8163047086008404,0.09298053918451797,0.04608085099115733,4.3027563497658035,4
38.04272531099264,11.35561913509978,-1.0140069776825609,-0.8195510671775721,0.1191255733548688,0.04906020851360243,4.478171874439181,4
38.059403401878654,9.650933825387522,-1.2635235810709133,-0.9892487299048205,0.12186500145253057,0.04419792065032954,4.5968475538833165,4
38.076081492764665,7.619088173228453,-1.236297009879989,-0.9676445973697505,0.0995202115153783,0.047190515747719715,4.564149532192789,4
38.092759583650675,5.5151726756869355,-1.0264061385586833,-0.9400901920818394,0.08883002500592686,0.05004642583686632,4.519625886327279,4
38.109437674536686,3.5738289176355926,-1.1297212302039856,-0.9879591201791881,0.10868864792640068,0.0269785738660477,4.406683483227052,4
38.126115765422696,1.6497099848077557,-1.164348718420535,-1.077503720386841,0.09156904791529487,0.0677641965600269,4.331084151754489,4
38.14279385630871,-0.41756451985318344,-0.7812171878731593,-0.9279809841547433,0.11830214518366411,0.026602770754299104,4.264268159488029,4
38.159471947194724,-1.697774152351068,-0.8866893133122312,-1.0857547459028383,0.09960557784618938,0.06611668332882474,4.242563014849127,4
38.176150038080735,-2.8175338588579355,-0.7552716469834592,-0.8658017218630031,0.10203059250686453,0.026793966896001546,4.230454292086307,4
38.192828128966745,-3.164456956950298,-1.0040398487096254,-1.17012691252501,0.11891669404793907,0.04982406313202702,4.2269728630969405,4
38.209506219852756,-3.3237939349923065,-0.9230618818272349,-1.0112344430883775,0.11423675505507776,0.024637081259665575,4.217926644520869,4
38.226184310738766,-3.1644829512719403,-1.0636358228265068,-1.2095696715752133,0.0850984158429119,0.04304604845970153,4.230406089601888,4
38.24286240162478,-2.991232072241497,-0.9279562877119039,-1.1703046680581741,0.10778727844520596,0.0099084246336431,4.201014309421696,4
38.259540492510794,-2.3854351227153257,-0.7633633386168159,-1.0092812808168432,0.08031232772502575,0.010930944378980224,4.197820217503347,4
38.276218583396805,-1.5280346111817993,-0.8074595931918899,-0.984756435616852,0.07106878028215895,0.027723684083660296,4.230710824815438,4
38.292896674282815,-0.6870598925776896,-0.60905287405702,-0.7832282826688244,0.06889946580462972,0.006744599390094904,4.21196479730461,4
38.309574765168826,0.40919882046864864,-0.7843799854606178,-0.8908068069758089,0.08153531736932472,0.025369292253673122,4.224096509238157,4
38.326252856054836,1.534007955414492,-0.9754331929152582,-0.97441469128584,0.10197407815015003,0.010029690185798091,4.226451851239578,4
38.34293094694085,2.4584380813756974,-0.8585723396415238,-0.7656232391350306,0.08442244507496198,0.03199608924500908,4.23915856646394,4
38.359609037826864,2.8878189628765627,-0.5594880346911802,-0.5971755939731671,0.0651126351267564,-0.001094873117757527,4.235913809402876,4
38.376287128712875,3.6025684482372164,-0.8366453712744426,-0.8055550300121096,0.07890298296330048,0.005340602724669917,4.209703505810593,4
38.392965219598885,3.951387730309601,-0.8970434016115603,-0.8328998330467281,0.08497314496533824,0.02592476108315887,4.213403902566625,4
38.409643310484896,4.421740121856852,-1.0597667104998942,-1.0833880378771217,0.11979501063726455,0.02666988467020505,4.213686865254841,4
38.426321401370906,4.520398988828408,-0.8807103998096077,-0.8103958600136045,0.0767531408820685,0.014271109828217825,4.232755764569135,4
38.44299949225692,4.581832255865664,-0.7476683848049055,-0.7630565062188979,0.07453420298550228,0.012091804669784174,4.231195018629299,4
38.459677583142934,4.752898510468997,-0.7689318126856075,-0.8671847141353275,0.0858195748968213,0.006683630360989586,4.220742708183392,4
38.476355674028945,4.896200711749144,-0.9097533373514453,-0.9547423721987582,0.10763576271623432,0.02720501304497623,4.192882665150665,4
38.493033764914955,4.850214475412194,-0.799679577020191,-0.7679663759278021,0.07875328303681525,0.02405344848374113,4.19050517615816,4
38.509711855800965,5.02365565937818,-0.9739457415939667,-0.8437708728609714,0.07120463233844937,0.019416827913681746,4.211504668431215,4
38.526389946686976,5.112828283458442,-0.901290239388993,-0.8441434561543741,0.10419131673381883,0.03755041121992171,4.219240489745471,4
38.54306803757299,5.151816336841662,-0.8187737624306384,-0.7685038871731156,0.09827203541640127,0.007757335456561923,4.194040677497073,4
38.559746128459004,5.284642123501458,-0.8035159647849255,-0.832726394105151,0.08389640022499308,0.003932855518308342,4.208384351897124,4
38.576424219345014,5.477452552890533,-0.8496727977310132,-0.8849695772689812,0.12397289004605608,0.02641955219501728,4.2104842978756025,4
38.593102310231025,5.755955231407077,-0.9701198949411001,-1.014611357747442,0.07963691872975406,0.011338756858502443,4.19902791353044,4
38.609780401117035,5.873707751763197,-0.9468840089273078,-0.8386751381027804,0.11364705031615428,-0.0022095843781374143,4.194690065158788,4
38.626458492003046,6.325208591423467,-0.9630069340725338,-0.874027850430646,0.08025829109903437,0.027109642375675553,4.228584122585817,4
38.64313658288906,6.814579320793706,-1.0115064806820393,-0.8981206641117145,0.06487542181953247,0.03797079259365134,4.232621756709105,4
38.659814673775074,7.3001078506954995,-1.0643950108317526,-0.9407312761251738,0.09446133103102296,0.026472283969944898,4.251061107007341,4
38.676492764661084,7.618646862248048,-0.9473311900886747,-0.8719411668780039,0.07668524765880792,0.04221771013081793,4.25720127466833,4
38.693170855547095,8.211037057360016,-1.1534297860619596,-1.01678198531792,0.10600149255271678,0.023776641234138845,4.234090427723775,4
38.709848946433105,8.460296441102436,-0.9161713780385012,-0.7654882925602866,0.06419214558127354,0.019314154734074943,4.222364273412205,4
38.726527037319116,8.811358632599145,-0.9085784538134605,-0.8992840524803851,0.08805374136798036,0.009961201874911167,4.222880975480716,4
38.74320512820513,9.003454376399056,-0.8321136155856297,-0.7097340866268134,0.07054552978540696,0.06241927796064371,4.220427631174307,4
38.759883219091144,9.285417412600385,-0.8154268019815407,-0.8252966768911096,0.08964821703190885,0.018175160634007325,4.201749756148347,4
38.776561309977154,9.671534660608208,-0.8519314228692418,-0.9092171296254401,0.0737988292608722,0.0069253359419672545,4.214917996292419,4
38.793239400863165,9.871846490771043,-0.851446560267819,-0.7426790994841324,0.1022468531834683,0.029804854231157935,4.207699480706547,4
38.809917491749175,10.359626964125956,-0.9067264078235406,-0.8912390553298635,0.10014525418778085,0.0018569862761078902,4.19450217291275,4
38.826595582635186,10.725809602543027,-0.6656491649008509,-0.4994062943048352,0.08537828134827656,0.0199919038771112,4.231422591763502,4
38.8432736735212,11.638895129784837,-0.8837228435231794,-0.6024183787173958,0.09180662139943059,-0.0086904074803359,4.210693426203585,4
38.859951764407214,12.970371228932926,-1.1006005074787564,-0.8532879406961946,0.10122373454009205,-0.001483333175363075,4.2217937117400535,4
38.876629855293224,14.227283045151609,-0.97389031592812,-0.7138099118161776,0.08347127346461405,0.003785023973014309,4.230991234754118,4
38.893307946179235,15.909438449713061,-1.214038035079965,-0.701328573870895,0.055652303562553976,0.0016507971012699792,4.103503570242749,4
38.909986037065245,17.63447441425937,-0.9055161627866699,-0.47660622932429497,0.06402718120807653,-0.015320126179988883,3.820648291411592,4
38.926664127951256,19.589765563683386,-0.990933362551079,-0.48770775386056187,0.03848425138312593,-0.0011936018068355975,3.500915557403258,4
38.94334221883727,21.45478663325401,-0.9641490038053284,-0.37856148251532495,0.04371186339694333,0.011017842453047865,3.1247903269418846,4
38.960020309723284,23.618779246157626,-0.7680943965003388,-0.2562149869303987,0.04142058255595405,-0.010987454048032653,2.593617016315082,4
38.976698400609294,25.961857640251836,-0.9246247904166376,-0.46232788653229484,0.00781883861930754,-0.019985959685745385,2.007247462847723,4
38.993376491495304,27.751407264378308,-0.5323911735959923,0.07724790069097232,-0.009162824849277896,-0.04844878839544471,1.3038648015413572,4
39.010054582381315,29.922567254714835,-0.5599401671790236,0.06691439876711058,-0.04603359186728522,-0.025389950683201157,0.5480197699714078,4
39.026732673267325,31.747796427649885,-0.24306789628166925,0.39540150919664363,-0.06931423147519702,-0.016144780655698993,-0.29349183013208063,4
39.04341076415334,33.57142208822962,-0.0739919567835301,0.5177287943171844,-0.06347795937897069,-0.0628863149916075,-1.253018036934666,4
39.06008885503935,35.099448415059534,0.2722639083242573,0.9155464755919418,-0.13869417958838065,-0.050475743120474544,-2.304010009098613,4
39.076766945925364,36.84403646171381,0.5509853470571784,1.1403718046122542,-0.1550180872791031,-0.08292759800703967,-3.43742782381653,4
39.093445036811374,38.5253351872419,0.8229036072179223,1.4180294056186824,-0.2172977938693607,-0.0745168571307845,-4.724252196159666,4
39.110123127697385,40.475058438238264,1.0594365746098227,1.70883851038875,-0.2657811665574855,-0.06739197178135899,-5.970539067022871,4
39.126801218583395,43.079395229372004,0.37281622048769414,1.1831309914945933,-0.18121770542436175,-0.07455020258615651,-7.273736394991032,4
39.14347930946941,49.37004138476668,-7.8013440174364845,-8.032154446784448,0.676387023214015,-1.697994171751877,-9.505393213442217,3
39.16015740035542,50.76199410068506,-6.589279792158141,-6.900733233638528,0.5411298078421276,-1.6971369763102968,-10.644515877348688,3
39.176835491241434,53.1995613427445,-6.413331019346572,-6.86804669371076,0.534969069655722,-1.7244028297980465,-11.813388051430799,3
39.193513582127444,55.145634056081164,-5.369449715025798,-5.768829741789631,0.4440370033147774,-1.7012326404820335,-12.970969880000304,3
39.210191673013455,57.532940500502015,-5.150014379526228,-5.455440224372161,0.4571516502557505,-1.6917722145483653,-14.156798187122499,3
39.22686976389947,59.77770457047856,-4.594106113102146,-4.864077027494705,0.37194008787182636,-1.6697653878411465,-15.23303080161949,3
39.24354785478548,62.09090074080052,-4.041086197294899,-4.237339001359253,0.3403473498887257,-1.6375617503255382,-16.314847527940323,3
39.26022594567149,63.92696128465139,-3.3519454634474677,-3.498847634386422,0.24218111175137397,-1.6414861480139038,-17.157145540254113,3
39.276904036557504,65.34915371259356,-2.659245377799106,-2.7064163808392223,0.1896975561528309,-1.6327454400726522,-17.95794994823978,3
39.293582127443514,67.11537199292935,-2.5515081467709955,-2.628797082836595,0.2007906291223457,-1.612806277587891,-18.708208133297262,3
39.310260218329525,68.32295666926727,-2.2184789811560606,-2.3507561556163026,0.1539897261952156,-1.670908987302008,-19.355751636426785,3
39.32693830921554,69.34742609151576,-1.9542149459483262,-1.9705261817686583,0.09143361180169934,-1.6526397075136012,-19.82673765819883,3
39.34361640010155,70.43253060531899,-1.7325812961938283,-1.6282768534922027,0.08949916820636056,-1.611782543597873,-20.26695823942961,3
39.36029449098756,71.60081510513788,-1.5212376428905792,-1.376675715396214,0.04432006965561369,-1.5623459675866413,-20.68481375510163,3
39.376972581873574,72.97478005865815,-1.5891127470741466,-1.6475856548953516,0.09013031019582349,-1.5927446149742863,-21.145188597467484,3
39.393650672759584,74.20017800220248,-1.3104691865282305,-1.292314890177483,0.04409983726590582,-1.5690421164861466,-21.496867951315256,3
39.410328763645595,75.73801567937491,-1.3633408251176853,-1.3867128286307029,0.04485681699955471,-1.5376898939135057,-21.85127438507663,3
39.42700685453161,77.38783096841435,-1.0952919316324277,-1.0537910525227652,0.0325321351965746,-1.5884248127345209,-22.24096597226139,3
39.44368494541762,79.47101796272511,-0.7955040913572589,-0.689403485901849,0.008012819974659722,-1.5826236123681987,-22.715481536294263,3
39.46036303630363,82.0117824402068,-0.7035028807795491,-0.6093878983222396,-0.007773744712437204,-1.5880657588369362,-23.198238197593795,3
39.47704112718964,84.87333405012886,-0.7847999130291861,-0.6447571022860998,-0.06587355542633734,-1.5826445751566163,-23.650936472742735,3
39.493719218075654,87.43781036010876,-0.42549321980433774,-0.09553301155186844,-0.06829368397803365,-1.5645285638897946,-24.118436559035683,3
39.510397308961664,90.35284647357017,-0.055144604671585995,0.20874104261911697,-0.12296431266377458,-1.56459281693976,-24.58757252968245,3
39.52707539984768,93.88133524030998,-0.4388922740526162,-0.1232625829919165,-0.0887377433800506,-1.5690276619861692,-25.055753188045074,3
39.54375349073369,96.80637364652492,0.1619865881891478,0.5079942737666023,-0.11187621046167154,-1.5581248155502325,-25.473709800580075,3
39.5604315816197,99.86614895005582,0.09967527858064784,0.6260513562438668,-0.16608810392856077,-1.517902034117821,-25.758862811528477,3
39.57710967250571,102.39822495519022,0.20143665549497314,0.8407651078829481,-0.16254519451053948,-1.5184812546226734,-25.95611706393771,3
39.593787763391724,105.21155507556985,-0.18952806388720234,0.362003528494256,-0.1483095872514019,-1.5104572298927537,-26.045318008914002,3
39.610465854277734,106.89869808942913,0.1957792477824185,0.8872878372115451,-0.14990305534277448,-1.5391433553631253,-26.07360685120273,3
39.62714394516375,108.73398454600058,-0.04517442768095492,0.6263086496550301,-0.13994926854843026,-1.504475683159546,-25.924454575627532,3
39.64382203604976,110.16926224495104,-0.07111330396441673,0.6135921021499513,-0.13156288379704867,-1.5392192567101337,-25.712322031043794,3
39.66050012693577,111.63527714576306,-0.4017254283747036,0.3339656416139718,-0.08764553533364855,-1.5272041644881065,-25.39157226271414,3
39.67717821782178,112.46795990282456,-0.3735041743594536,0.37848313956691015,-0.10460819005521667,-1.5502831099149892,-25.002091229460785,3
39.693856308707794,113.3038751561761,-0.5536695729703709,0.3050371155421985,-0.07409384800604667,-1.5501133414572665,-24.536422784395718,3
39.710534399593804,114.53754419207858,-1.0068795113676217,-0.1659726829227708,-0.0825134297879832,-1.500596028858085,-23.92887694357056,3
39.72721249047982,114.82526262868745,-0.8855915495070832,0.041031639617180815,-0.042354209536885276,-1.526922639120826,-23.362747406723837,3
39.74389058136583,115.43078847438744,-1.1230010924625446,-0.32109683407792033,-0.031447858122368416,-1.5905541503963274,-22.707415020759314,3
39.76056867225184,116.41749388138732,-1.6152492591244467,-0.7162704236021824,0.008495345901177507,-1.5272587017487254,-21.997309365228816,3
39.77724676313785,116.91052359322578,-1.6753227456710675,-0.7952261768988009,0.017506136408160282,-1.5723057066467665,-21.284742453581554,3
39.793924854023864,117.59386274650589,-1.9955257587393405,-1.0315974654597113,0.06273976791481783,-1.6129772813344656,-20.54376276317836,3
39.810602944909874,118.32188513463869,-2.377741373553782,-1.3799501465575617,0.0982108207799403,-1.6112085409101609,-19.72120591344218,3
39.82728103579589,118.9447751247105,-2.4955398666654744,-1.3989874880987259,0.10943642206028875,-1.5184306163737844,-18.84612360133126,3
39.8439591266819,119.59261562705602,-2.916022100224396,-1.8229885149564424,0.16247400345141016,-1.5748388444867607,-17.94560122404348,3
39.86063721756791,120.3936858981287,-3.386281911970947,-2.2719909057268097,0.20526920850915814,-1.6181224253692754,-17.06243294855053,3
39.87731530845392,121.21892011741627,-4.097943250233314,-2.72645326347061,0.23768898962465276,-1.5679559988313403,-16.038712742884613,3
39.893993399339934,121.9364550589621,-4.544654583066091,-3.2226982764984484,0.3049241462063648,-1.5901622750957838,-15.050744427713346,3
39.91067149022595,122.44011797935994,-4.805096112843863,-3.456929611649919,0.2746504936786644,-1.5848907069937728,-13.871585326139995,3
39.92734958111196,119.7791468811376,1.1484713978920809,3.342027883794728,-0.4058413632963311,-0.09865222911812,-11.782250097697766,4
39.94402767199797,120.12972227401669,0.701609695208063,3.064658314043598,-0.33966298231902825,-0.1373069018418022,-10.65637489069816,4
39.96070576288398,120.87505760530698,0.13502134488396678,2.462193025071933,-0.28535631629742647,-0.08503847864427679,-9.399052726345786,4
39.97738385376999,120.87777200002381,0.1567655367097771,2.5802247792763566,-0.3042412845168974,-0.10109047274849808,-8.087160327330393,4
39.994061944656,120.89234940622175,0.23627463808381322,2.627771384478102,-0.2833430508030869,-0.11193189707409036,-6.755774096010916,4
40.01074003554202,121.42603350069695,-0.15731413421298868,2.1712290260081346,-0.24667461018507497,-0.05114050946018904,-5.376387796281926,4
40.02741812642803,121.37382697933805,-0.07931608735622575,2.250164320682657,-0.2180317628546811,-0.10199776001245209,-3.9716615432018245,4
40.04409621731404,121.8492994685142,-0.6373418804388535,1.753359434326235,-0.18558711363081176,-0.0523148040726413,-2.5894385689005333,4
40.06077430820005,121.92539608782153,-1.041980570890047,1.3589212623055786,-0.14681738966225588,-0.03923024006029053,-1.3376219789589492,4
40.07745239908606,122.2059341549861,-1.1935714496801566,1.2261251778678215,-0.11440384292545137,-0.019272983162895132,-0.330951028252349,4
40.09413048997207,122.32687701740853,-1.4045844172635071,1.0344822732555272,-0.10270804377688852,-0.016727429671461767,0.575091550354225,4
40.11080858085809,122.17702405903391,-1.3282047509670818,1.3492488589544607,-0.137041268617141,-0.02236518054546688,1.384742052155162,4
40.1274866717441,122.23985012846788,-1.321864638757333,1.2506431297923086,-0.14197985007740302,-0.01500618967777991,2.058007642790272,4
40.14416476263011,122.58441266479359,-1.777082238179652,0.867968207118814,-0.10455888070021044,0.00633616493944472,2.6471261937282407,4
40.16084285351612,122.53954849168016,-1.88366539530562,0.8162600645371327,-0.05970320289603798,0.012129341369822211,3.1663947743511383,4
40.17752094440213,122.26359833452399,-2.0040173915231136,0.6884692814221296,-0.033290870226091625,-0.02919942684328838,3.5488829538493065,4
40.19419903528814,121.33128041754362,-1.6289665757880343,0.9495354200028601,-0.05495309879398873,-0.0011083580282330806,3.9325849786321103,4
40.21087712617416,120.44504655909083,-1.5652949769629458,0.992854906950214,-0.053855303712286896,0.01411456752028822,4.181652495241341,4
40.22755521706017,119.53475033006914,-1.6172052608196452,0.9119606788069845,-0.07329278624296544,0.04257377681107191,4.439283491816389,4
40.24423330794618,118.42944021011374,-1.8275303867113735,0.6192942054875203,-0.02702091255333141,0.017024049082593088,4.5664885257918115,4
40.26091139883219,116.88304883860437,-1.7409285880512613,0.6743104970192633,-0.03033332856601372,-0.0021830739515474235,4.616452979440852,4
40.2775894897182,115.26281562168195,-1.6434054561389004,0.6491529167846508,-0.03806436919597377,0.019900718980687356,4.56057431764903,4
40.29426758060421,113.36289167898094,-1.5571492373750786,0.7839503144656206,-0.005957453117941261,-0.00980286632459722,4.477626621050951,4
40.31094567149023,111.31162776903352,-1.434265929863539,0.8580968159713152,-0.054550303342256946,0.02289721424040293,4.400395792939178,4
40.32762376237624,109.33860077053485,-1.459517824800514,0.8012387690072913,0.0014878538788496696,0.024085269774755665,4.281386430403606,4
40.34430185326225,107.30214600234822,-1.306235611771772,0.6137311880184271,-0.038687795379102725,0.004338765448873626,4.260015857103388,4
40.36097994414826,104.99959682227443,-1.3242996046115891,0.6240896506906353,-0.028882983216889296,0.04345472972976851,4.240876043253091,4
40.37765803503427,102.88735245345802,-1.3679620447298824,0.5241647720744176,-0.028961268632699363,0.024610560869061177,4.234423680864488,4
40.39433612592028,100.60353042529654,-1.2062127326970824,0.6290988043143315,-0.02226285143071383,-0.002767040245743614,4.254226926991162,4
40.4110142168063,98.59104169386299,-1.277293213437627,0.5910646200951,-0.050857646366272456,0.0073051227041749656,4.271382745867829,4
40.42769230769231,96.732519691587,-1.4423381939310076,0.5559820734466712,-0.039403238210722155,0.03576680546738639,4.284935297563864,4
40.44437039857832,94.63123256026256,-1.3152085159130174,0.5784244261598026,-0.03365929734485426,0.015178632755232012,4.305471323263945,4
40.46104848946433,92.76660011647746,-1.401447965597015,0.3929678608438394,-0.02346493838146478,0.02523758896178554,4.298383526393885,4
40.47772658035034,90.42253570478664,-1.1922439343275002,0.6124297083265624,-0.029758155318261086,0.006678492506199443,4.2616494754032574,4
40.49440467123635,88.09782075973133,-1.0830346086458107,0.5699454824969301,-0.044818360974892,0.01361747057217508,4.259321288854439,4
40.51108276212237,85.65726406664942,-1.112315745538858,0.5415122411801434,-0.006945299137746408,-0.009647483327092705,4.235604439879525,4
40.52776085300838,83.04863490308236,-0.9858934297639905,0.6575927040281968,-0.023576002957931184,-0.008043518726733579,4.248766371273135,4
40.54443894389439,80.57872625626014,-1.1354291856977028,0.3529835222312805,-0.03602229043710509,0.028296370704674015,4.273506792498165,4
40.5611170347804,77.69689430140609,-1.086427247332491,0.37445052240340715,-0.004415656860830229,-0.0012735331346025306,4.253118848019249,4
40.57779512566641,74.84938011032543,-0.9922691833411363,0.45635747144584826,0.001318994819901039,0.0003506328887268445,4.237321589561729,4
40.59447321655243,72.49265439508231,-1.3813259308444117,-0.07689633528259066,0.040965913217085544,-0.01092962260787263,4.217643720552752,4
40.61115130743844,69.57757582184638,-1.1251280464101825,0.08846388444284514,0.03483302662851472,-0.007052224688618871,4.214978568301987,4
40.62782939832445,66.74923344536127,-1.0390798995497015,0.1659961229317517,0.015690600116870852,0.009408741290874717,4.23681214852109,4
40.64450748921046,64.52878163576112,-1.1734787086246712,0.010005638411911377,0.034129016101538616,0.0029107000122834915,4.2239195772409746,4
40.66118558009647,62.37677082271327,-1.107008503884881,0.10688479170555354,0.007859914599551645,0.0016488507105154768,4.240797046444216,4
40.67786367098248,60.45217069787411,-1.1305524319227054,-0.03168543821697156,0.02169297404027896,0.01968197287619226,4.23090115877416,4
40.6945417618685,58.36524335492504,-1.1375776300476907,-0.026852630066741767,0.03933359375160239,-0.0021834108566367457,4.22815493398827,4
40.71121985275451,56.33638945588158,-1.0246304737171439,0.13896806147651475,0.002696986858450638,0.015016212407205517,4.255507157587356,4
40.72789794364052,54.51774991302463,-1.0339621138814525,0.030571995191220225,-0.002162633477224609,0.01296051883037786,4.236227685872363,4
40.74457603452653,52.63873110135992,-0.8061724443727787,0.11784285477217438,-0.0034758450977584216,0.01235815466880809,4.242457454979136,4
40.76125412541254,50.918787078671535,-0.9094772850025947,-0.036699159783415425,0.04483999316686985,0.021646820292649506,4.236659374729234,4
40.77793221629855,48.916604621051775,-0.8564593599848145,0.03817003577377065,0.016197476354897367,0.011295873603277898,4.229634381747626,4
40.79461030718457,46.89398617140188,-0.8859426416536049,-0.06444912103391331,0.026097237346908393,0.02304832470711699,4.227306505027813,4
40.81128839807058,44.5038393199231,-0.7757664006744527,0.006867514085369564,0.02803023865393962,0.029970168737561694,4.220670550825179,4
40.82796648895659,42.446403589897706,-0.8737229505452255,-0.21511335138968413,0.018465766109943965,0.02991096358145774,4.225266035281789,4
40.8446445798426,40.0949250146943,-0.7905180872807378,-0.09996947452058791,0.02354744838413959,0.034101314408997635,4.22515418540997,4
40.86132267072861,37.956347818765536,-0.9007726103419156,-0.35499411528808267,0.03624987918222839,0.03159907758862941,4.211928921802465,4
40.87800076161462,35.80986192751347,-0.8653654093144727,-0.2466402517583628,0.03111563013398172,0.047498587080958096,4.229078410761429,4
40.89467885250064,33.77899170937816,-0.9603842388447337,-0.4179598183395221,0.058191413891712285,0.03531203243758843,4.210914758233949,4
40.91135694338665,31.395954503119057,-0.6768940824454308,-0.10901259171161293,0.059171968445354495,0.031997849783053436,4.2250309923579845,4
40.92803503427266,29.25672417612241,-0.7195257192043574,-0.19533181698523805,0.01761419061928803,0.03632941909457862,4.242322230399783,4
40.94471312515867,27.61990425958888,-0.7905199770507902,-0.2574175775968346,0.0492729985808233,0.03597157981758144,4.242365852509646,4
40.96139121604468,25.963742149046578,-0.865225756631097,-0.38891568387401954,0.033942963591026595,0.026694314451599182,4.239537902290724,4
40.97806930693069,24.214412499446933,-0.7787322695475352,-0.3988123427909942,0.029061603226766212,0.029838383088520003,4.249234961918627,4
40.99474739781671,22.546559503263595,-0.643875955370298,-0.2945791076923783,0.043629194374863144,0.05110999185685022,4.249471208683044,4
41.01142548870272,20.871561744986106,-0.6228357488956329,-0.30703945169397784,0.03455737661869943,0.018482142280835282,4.243745898225919,4
41.02810357958873,19.571626286589694,-1.0024023256608707,-0.6753959392511524,0.06909978685405127,0.03266844599990518,4.245863355851463,4
41.04478167047474,17.845456932415644,-0.8267524714876044,-0.611828634677483,0.0653028921598105,0.06382269567669928,4.241361323765809,4
41.06145976136075,16.02278988442408,-0.9455676578532684,-0.8180455394183861,0.07977800304906361,0.03606577614746656,4.237128675097362,4
41.07813785224676,13.91459524368031,-0.5795440463818955,-0.585659213578893,0.04132621112303563,0.03140756820479612,4.219454518912424,4
41.09481594313278,12.003693605965832,-0.7401828629215288,-0.7372895122631911,0.08688100541470085,0.0238607297302245,4.194632178291051,4
41.11149403401879,10.169016276098711,-1.0036310650724638,-0.9665460403714912,0.10960142493482408,0.0663161236222424,4.232019997518217,4
41.1281721249048,8.118915292715325,-0.8746624187592484,-0.8942287891510405,0.12765769319187717,0.04325215206220433,4.219255573521409,4
41.14485021579081,5.949996304192782,-0.6527348039715664,-0.7296268643679049,0.07461244267542518,0.047479548475322673,4.233922436981052,4
41.16152830667682,4.0754683168156305,-0.7474822070416438,-0.8317921540108058,0.11523010990166678,0.030150802188343404,4.221428178807919,4
41.17820639756283,2.712293051844532,-1.043218892659883,-1.1338515998302259,0.11841489979586804,0.04242172897559398,4.211691264845855,4
41.19488448844885,1.2635396752490535,-0.9061136094064689,-1.0299987884979147,0.1338398304055041,0.04537707025603132,4.216886409676393,4
41.21156257933486,-0.032649928352111446,-0.8909894837076775,-1.0338213425842047,0.10051966148669991,0.046126354415063284,4.226715412376817,4
41.22824067022087,-0.9970555320776875,-1.1355976585509064,-1.2961091292135394,0.14786223896123885,0.04388101769588767,4.2046708301037,4
41.24491876110688,-2.2118195847863364,-1.00373836175781,-1.1975227265971784,0.12664130929622341,0.03777684738919359,4.2086103263542824,4
41.26159685199289,-3.3011066642178055,-1.1666730563650691,-1.1267348825375572,0.10435226497461965,0.04362086547750883,3.9675766168227713,4
41.27827494287891,-4.82263932544944,-0.694309181249063,-0.851825855720886,0.0747369713830339,0.016173833524495723,3.5039883145516075,4
41.29495303376492,-6.429487251206044,-0.7444396738395016,-0.9190492105120756,0.06346913761971304,0.015972633836505788,2.9707107047786403,4
41.31163112465093,-8.303057546213017,-0.5982571744668992,-0.6737707046766008,0.04126949151477975,0.027974995969211883,2.345296421636874,4
41.32830921553694,-10.426498112111243,-0.4959716122880322,-0.7062066149530786,0.046374726763616994,0.022220914688672395,1.5867867026196754,4
41.34498730642295,-12.475560307570667,-0.35081480256772535,-0.7575028295531525,0.01899717826241028,-0.02324736769794852,0.6880970607655441,4
41.36166539730896,-14.76102239441908,-0.053058250194290224,-0.5992260404096248,0.00108162996292119,-1.3819616397818781e-05,-0.2996803781123459,4
41.37834348819498,-17.24350727034907,0.35723513641796156,-0.16960006315014553,-0.04191437355458754,-0.02741212787577319,-1.4333338915460863,4
41.39502157908099,-19.447235218106165,0.35209371771868714,-0.31156268537502196,-0.038125673137438,0.01693516548420476,-2.643166089318514,4
41.411699669967,-21.320366541556687,-0.24372651614666285,-1.1371955785871224,-0.0006719051682256433,-0.1513064661353283,-4.191060659953469,4
41.42837776085301,-18.869767013404058,-9.651433104691707,-11.818677048386066,1.0100270629765276,-1.6973894603444384,-6.6577322594225485,3
41.44505585173902,-21.679089565409463,-8.47486403515198,-10.892678981110016,0.8665956811988621,-1.7264798597680762,-8.107201271892624,3
41.46173394262503,-24.382555695131146,-8.156154014621269,-10.386080032459686,0.8512631350749142,-1.738540074922722,-9.535383054761226,3
41.47841203351105,-27.186841401636258,-7.614014371295481,-9.764398645670425,0.8088869714383878,-1.7589910099653345,-10.814606630947448,3
41.49509012439706,-30.12426340082032,-6.62691912405156,-8.986554209664531,0.7395596230837783,-1.675769654865959,-12.003144445831582,3
41.51176821528307,-32.87049657551889,-5.967549767591621,-8.670470397513359,0.6574170460596497,-1.74826580612058,-13.174956184296308,3
41.52844630616908,-35.52801464752769,-5.69634399373709,-8.550545009397442,0.6591442784173369,-1.808040195311043,-14.34504002680367,3
41.54512439705509,-38.46860226802873,-4.910446652688865,-7.826001485520795,0.5845803642467703,-1.8065036731644781,-15.379097021175188,3
41.5618024879411,-41.20410747733954,-4.317008391176862,-7.237199400705963,0.5344969723961512,-1.802100047032003,-16.439795261488577,3
41.57848057882712,-43.72218573691595,-4.2129603646679,-7.158284874228082,0.49215394684431696,-1.8826617992288557,-17.514747771082256,3
41.59515866971313,-46.153610590198795,-3.309969876245418,-6.366795594270339,0.4179040676311252,-1.79440691587396,-18.410667717600735,3
41.61183676059914,-48.63562718940588,-2.956595142052544,-6.102827446810522,0.40406933792499794,-1.8419619398257538,-19.419010157798954,3
41.62851485148515,-50.974152974226406,-2.3217264383756184,-5.564362192124083,0.3245736372887592,-1.7595169724840716,-20.310544923653538,3
41.64519294237116,-52.992493066295104,-1.9831855126280757,-5.3705027501051,0.33342269579319894,-1.8677931468343514,-21.2338862523382,3
41.66187103325717,-54.71286597728504,-1.8825788015268419,-5.283862801278174,0.24418702615657611,-1.7874982069793774,-22.02279233818125,3
41.67854912414319,-56.586835953745364,-1.148791112876511,-4.639846624438441,0.20512785443644713,-1.7958636967640595,-22.909006848606687,3
41.6952272150292,-58.22208185979822,-0.7210177358576875,-4.209715401351275,0.1282602636601365,-1.7769489456084604,-23.830290339036917,3
41.71190530591521,-59.59706013478354,-0.341953567496299,-3.8568996270110496,0.08376677453210211,-1.798145909464525,-24.71452955403888,3
41.72858339680122,-60.76686774984193,0.3534571375943507,-3.3142612088967915,0.06232385044572278,-1.800141342055661,-25.551976362992725,3
41.74526148768723,-61.41641577262979,0.43220881654123033,-3.136742071415526,0.04759878159539161,-1.7775848286026248,-26.46170828015598,3
41.76193957857324,-62.06342091290145,0.8915327133015367,-2.56205280910401,-0.04341611002364468,-1.7679408896100024,-27.320904868681012,3
41.77861766945926,-62.384388088041845,1.2890577832477135,-2.3044030700219444,-0.03923939281778358,-1.8021088201852928,-28.22426265008093,3
41.79529576034527,-62.31487362017472,1.355067579706411,-2.3028033468594202,-0.056762393817491055,-1.8158303200409027,-29.069688155909027,3
41.81197385123128,-62.33299802548212,1.569337454325698,-2.070907366049454,-0.06641531446991546,-1.8295454149704,-29.87975309161875,3
41.82865194211729,-62.171975540640176,1.9141381013526804,-1.6996723003126455,-0.148672415595392,-1.8617236930303651,-30.63504148807721,3
41.8453300330033,-61.49635835532433,2.173976368497467,-1.422010270966421,-0.19238956975003388,-1.8013222389992278,-31.46329815601302,3
41.86200812388931,-60.900926275647,2.8006590397988163,-0.7814080806717101,-0.2738145340591562,-1.8341929030399098,-32.239839035273754,3
41.87868621477533,-59.95349665730277,3.1082461108436608,-0.49465892948876444,-0.30141740431256187,-1.7860673103686018,-32.950234136495695,3
41.89536430566134,-58.99487500871327,3.286267037344814,-0.28685603759791434,-0.3169883860318922,-1.8422496933403776,-33.76963013547711,3
41.91204239654735,-58.278354600285226,3.51528956591458,-0.0019184014071385036,-0.321477326649666,-1.8422306440348872,-34.363256140784245,3
41.92872048743336,-57.386948217463456,3.4480858058653645,-0.025041515683724924,-0.34192768265777074,-1.7906316680132792,-34.87204717028052,3
41.94539857831937,-56.762234642654434,3.575860137817015,-0.06871175575252408,-0.3547667854352224,-1.781095099371968,-35.28531668092903,3
41.96207666920539,-56.10265931938205,3.187162129966268,-0.6990645213885571,-0.25146817782418834,-1.8251795158361073,-35.64889691673486,3
41.9787547600914,,,,,,,2
41.99543285097741,,,,,,,2
42.01211094186342,,,,,,,2
42.02878903274943,,,,,,,2
42.04546712363544,,,,,,,2
42.06214521452146,,,,,,,2
42.07882330540747,,,,,,,2
42.09550139629348,-56.69936064934572,3.5881111948142035,-0.18428541567733348,-0.34745174538302015,-1.818089573363967,-35.54621712786881,3
42.11217948717949,-57.616640757699265,3.9640165410670303,0.4697907633901508,-0.4084968975543197,-1.8099889997823595,-35.135651952959776,3
42.1288575780655,-58.10668502290365,3.503841687556376,-0.03836138470754591,-0.41692465366351034,-1.7947674739745876,-34.681191126064995,3
42.14553566895151,-59.238395898173266,3.7694055537852584,0.31411538242845083,-0.36873438064228053,-1.8068331772686257,-34.22171543972875,3
42.16221375983753,-59.72836538103526,3.302178935415885,-0.19553742985811695,-0.3095514541908452,-1.8328972233692777,-33.67334281543304,3
42.17889185072354,-60.493858844153955,3.1166570285302235,-0.5053844090722457,-0.3028283402701812,-1.8601178367686741,-32.970162471407605,3
42.19556994160955,-61.2416059733893,2.666896137649516,-0.9013874986458141,-0.23063518031057767,-1.9221942091834023,-32.34260273978089,3
42.21224803249556,-62.25977168404878,2.5375453957752256,-1.097890970226036,-0.2072425216072067,-1.8722849191517963,-31.511745698531023,3
42.22892612338157,-63.5880561236541,2.164427360090883,-1.3509989969871263,-0.19099261514917343,-1.9367650672130639,-30.668342585119937,3
42.24560421426758,-64.9330974787038,2.101534846801446,-1.5055380691946603,-0.17095745475847526,-1.924726299579104,-29.669956811758865,3
42.2622823051536,-66.65320624933058,1.7724473199480748,-1.815879660083791,-0.10857876666453052,-1.9843140513474435,-28.60272445424605,3
42.27896039603961,-67.91800955668977,0.5237757602709969,-3.3537659259262647,0.029492989448030082,-2.009225277464388,-27.480491894029633,3
42.29563848692562,-70.08510093064747,0.5675673121178804,-3.2441002359427884,0.042645065520552236,-2.0366655013917385,-26.213186322183144,3
42.31231657781163,-71.45916906960834,-0.294935885214894,-4.094399706193055,0.1080376822284446,-1.9739913951898298,-24.9308876540176,3
42.32899466869764,-73.09391703205239,-1.2879548022204084,-5.205509377495314,0.23572375944770096,-2.143541465047899,-23.6011189708054,3
42.34567275958365,-74.72734373373667,-1.797277337392405,-5.826022485232372,0.329024555523976,-2.234725628902645,-22.28292802823779,3
42.36235085046967,-76.01605148894373,-2.6827580487010785,-6.502317272611048,0.35831567192050595,-2.1709292838336602,-20.870741955534665,3
42.37902894135568,-76.57274034638124,-3.6432868633631053,-7.6504137317909695,0.48281575146678296,-2.122956245966344,-19.482271571169314,3
42.39570703224169,-76.89336772026121,-4.654528156838971,-8.918995932241835,0.6124518901862075,-2.1843919523691575,-18.22778377286103,3
42.4123851231277,-76.94985144899327,-5.525472449200947,-9.629590024518716,0.6906537001865575,-2.1480538017651973,-16.91342290817839,3
42.42906321401371,-76.83951989814088,-6.999717411106522,-10.924952166668255,0.8026758466987589,-2.138560191173602,-15.597408023917087,3
42.44574130489972,-76.48973566728033,-7.8760112999514025,-11.773656164091243,0.9019786765565097,-2.165923634334202,-14.263599735528791,3
42.46241939578574,-76.29401672311953,-8.418769100893904,-12.310703848940028,0.9179893265381451,-2.182401542799487,-12.872583281351368,3
42.47909748667175,-75.89343545153221,-9.659135568948152,-13.53409310191402,1.0773524191800419,-2.253210586524001,-11.498636746978159,3
42.49577557755776,-75.48505286270827,-10.973391125170501,-14.909636459787013,1.2068700997401862,-2.190186369430539,-9.942566125852375,3
42.51245366844377,-74.93486642716653,-13.050639744759497,-16.935312191530656,1.384977249472395,-2.2384419375431586,-8.364195135358383,3
42.52913175932978,-74.63525308579328,-14.451239876062079,-18.31285903596084,1.4798986743463756,-2.2003603127162874,-6.653361988946375,3
42.54580985021579,-74.43363022028026,-15.600863379804794,-19.494290062329885,1.6122919938411069,-2.2348861274141547,-5.015679085696173,3
42.56248794110181,,,,,,,2
42.57916603198782,,,,,,,2
42.59584412287383,-82.3234543868455,-0.6157824266331247,-2.8362625095909983,0.02510906188253231,0.1649395638700163,0.30178018527516937,3
42.61252221375984,-82.60230531736633,-0.4755076322958196,-2.677115218491881,0.021296527252223467,0.2139931245266397,1.298709497109946,3
42.62920030464585,-82.73491091142125,-1.4402208074074494,-2.9505248831388684,0.18961309941225193,0.09438083071651006,2.0795120266377127,4
42.64587839553187,-83.03360038596526,-1.348817427972694,-3.0312779161094063,0.1811241947873835,0.05341748046843878,2.7558246395154087,4
42.66255648641788,-83.26616961235167,-1.6510384411074632,-3.2548663655743226,0.23998284717907753,0.0500706854851864,3.2696185623393195,4
42.67923457730389,-83.6426959475959,-1.586318633975388,-3.2091393273469357,0.21992958704236779,0.06105699176629529,3.702891951596385,4
42.6959126681899,-83.86333187404816,-1.8167331386184884,-3.367531403865012,0.27900675067693703,0.06916221046291719,4.017912252681039,4
42.71259075907591,-84.31638582204246,-1.7903402786000235,-3.3059695173350967,0.258253565380257,0.052052648443767176,4.30002289903204,4
42.72926884996192,-84.70236192564694,-1.7713804801865365,-3.3597013246749015,0.24140403742228228,0.05426680622712366,4.480036797482225,4
42.745946940847936,-85.13169310828432,-1.59596492813073,-3.177165557385379,0.28641599289053676,0.08407264769206049,4.577746967175503,4
42.76262503173395,-85.33392753971029,-1.6973163122142765,-3.3507925665000506,0.2559759954197285,0.06091091675351798,4.572178748624677,4
42.77930312261996,-85.84468796887815,-1.4624628827588495,-3.0910951126869115,0.23361587396313763,0.062325493219861944,4.5322387417953784,4
42.79598121350597,-86.09455155565391,-1.5884291648986952,-3.3205261012581566,0.23667171106892146,0.08679217841469448,4.46257797935272,4
42.81265930439198,-86.34861684043602,-1.7871418673970005,-3.543013478289886,0.2722503676264746,0.047649389001092154,4.350343030687831,4
42.82933739527799,-87.03125739867494,-1.4847927708689035,-3.2807486576505696,0.2688500968811892,0.07819049393462796,4.269010154394793,4
42.846015486164006,-87.41632909191793,-1.4224363931220196,-3.521636701115554,0.2835708286164046,0.07424307128479966,4.246063776972672,4
42.86269357705002,-88.2254422676891,-1.269319928226679,-3.3802061223012814,0.29338135835278106,0.06351088356254327,4.228178644508206,4
42.87937166793603,-89.00038246128439,-1.0763185342977835,-3.3115247895421085,0.21930182442973106,0.07955859369077997,4.222940083156973,4
42.89604975882204,-89.53750778741693,-1.224903816370908,-3.328985194882403,0.26061525249750256,0.12015321264839361,4.236325143134679,4
42.91272784970805,-90.0380555942265,-1.4268306549711056,-3.5610623492280347,0.2519378755311646,0.057836306268989265,4.202373129435136,4
42.92940594059406,-90.44748684377632,-1.678128117996632,-3.650132901571755,0.30709191642532535,0.08587784994501653,4.210924438986965,4
42.946084031480076,-90.9045617663541,-1.409851121717825,-3.37322107243072,0.2823953114338012,0.07481347862230851,4.211687056419846,4
42.96276212236609,-90.84123981465197,-1.5549520063056477,-3.5078570284185773,0.2884312165951017,0.055343061165522726,4.215913950563559,4
42.9794402132521,-90.6837694774825,-1.7240718801560426,-3.6653526175194138,0.2829216219910607,0.06698106761575895,4.239282168410781,4
42.99611830413811,-90.51332309442463,-1.627775110983137,-3.55313013390068,0.30617389309412657,0.055768550424471534,4.232894745706093,4
43.01279639502412,-90.14248809509024,-1.4851014430171716,-3.441594895218568,0.2573487632002056,0.05191623626209955,4.214073649406641,4
43.02947448591013,-89.57227600054443,-1.4822030690846582,-3.4863405708553437,0.24581586990458484,0.0356771371068564,4.2081932009568135,4
43.046152576796146,-88.72235585720338,-1.55135100808927,-3.4711530464423177,0.2722397906865887,0.05678620356355012,4.193232382564264,4
43.06283066768216,-87.73026264769707,-1.6479965162077583,-3.5578073167741486,0.30566240712776416,0.04034596945510017,4.190007537472328,4
43.07950875856817,-86.89302666910297,-1.4267495759662019,-3.4007875809461687,0.23878521394500943,0.04441060517256736,4.214262056269948,4
43.09618684945418,-85.95331118757377,-1.383569229926021,-3.195328778247333,0.25155840020696757,0.053257020548829866,4.217255198393257,4
43.11286494034019,-84.64889626836023,-1.7282408530596172,-3.4590233965982655,0.2690284209592375,0.048295257873870706,4.214358315464247,4
43.1295430312262,-83.68078563770301,-1.5435034863164745,-3.278250745278168,0.2283722412656383,0.05143436617399732,4.211284599991822,4
43.146221122112216,-82.61057809447503,-1.47042104634275,-3.2493613927945475,0.22154161738499753,0.04986131286100965,4.2320901404892135,4
43.16289921299823,-81.42210979409458,-1.5553299016742628,-3.2425164344857187,0.2885875065646769,0.01808676031886108,4.189380764598097,4
43.17957730388424,-80.36197936860479,-1.4926435296853775,-3.269862844926532,0.20947986539002256,0.04246870746096384,4.226407208682478,4
43.19625539477025,-79.33647237536029,-1.4983948331460937,-3.2319228666848545,0.2745947949022814,0.05113214521735677,4.2064228524169405,4
43.21293348565626,-78.6223868952206,-1.4029876300367654,-3.154865883756788,0.23718138257934937,0.04498158504550967,4.185870788393184,4
43.22961157654227,-78.02761098567977,-1.3013638388358864,-3.047059932442739,0.22386479648103103,0.04533157611118132,4.1924231794483555,4
43.246289667428286,-77.3908117375605,-1.4292950906235617,-3.161773311756317,0.2149084783932898,0.06914131555833233,4.213935055382871,4
43.262967758314296,-76.77954371339304,-1.491077211056357,-3.2166086782900756,0.24454864479166968,0.046547267344839514,4.186232046919106,4
43.27964584920031,-76.4989219980943,-1.2480137034604084,-2.931384892537306,0.21495790235765408,0.06401443629073812,4.211040312092546,4
43.29632394008632,-75.9355941483837,-1.3211743762488695,-3.0148535675116968,0.22101122113912944,0.05278812194017883,4.210091823301284,4
43.31300203097233,-75.54826611824099,-1.1541825959180123,-2.7893192488364207,0.2022663308644438,0.07222577278112703,4.207062285180068,4
43.329680121858345,-74.6354618122109,-1.3896508713393096,-3.1836984194363183,0.22666524707202335,0.04828482905313669,4.2162027721156665,4
43.346358212744356,-73.62610132935663,-1.3670734012217487,-3.050991863511179,0.21230042522283954,0.04402183865300736,4.217508922805982,4
43.363036303630366,-72.58473630808155,-1.358629711288998,-2.9395186242546636,0.24283410273128253,0.06863297596815152,4.210216876415286,4
43.37971439451638,-71.40594427420515,-1.224103007045894,-2.8589126299999066,0.1940146148791401,0.044063723782286145,4.213944792749202,4
43.39639248540239,-70.10827963740394,-1.371480942354843,-3.023905880692947,0.21873644132708103,0.0453066206983755,4.208989773915812,4
43.4130705762884,-69.03268684734978,-1.2686946987637668,-2.8038729680271643,0.1849371801422434,0.02751417155374673,4.2053339756414685,4
43.429748667174415,-68.04211866965812,-1.4896694516382887,-2.977641791784322,0.22787824107831534,0.0886734598244377,4.208654535331678,4
43.446426758060426,-67.70761244156935,-1.1769284199085135,-2.7522020219034076,0.2084537586709941,0.05354861075113536,4.232406850059441,4
43.463104848946436,-67.37195324822413,-1.3569230533405943,-2.869859851854205,0.19736757136454097,0.06794723008999129,4.225002973632714,4
43.47978293983245,-67.1349437169621,-1.2184326957679943,-2.7212253646233187,0.20417372944463444,0.04924835419360686,4.223866811259984,4
43.49646103071846,-66.91535068078966,-1.0841354624483834,-2.689686291800701,0.18018375286210095,0.05374139509842798,4.240908268990411,4
43.51313912160447,-66.50794950557719,-1.303129478019681,-2.797480771969127,0.2072241559136694,0.04195711524397362,4.215280060964589,4
43.529817212490485,-66.33529211521137,-1.1030699513284468,-2.622575802069065,0.17950329468134674,0.046822433954075995,4.220841115733725,4
43.546495303376496,-65.63579336268259,-1.3417855147193904,-2.8607904907447796,0.20620913417821868,0.03607296871269726,4.2009776968885735,4
43.563173394262506,-64.6027875919489,-1.1627589084218002,-2.6363719532787897,0.1815676524002502,0.04185928056336586,4.216798865358651,4
43.57985148514852,-62.993780733791354,-1.326889951775449,-2.7678228574023294,0.17658022618996766,0.02652709094032222,4.197593563891141,4
43.59652957603453,-61.13954835749801,-1.2708165826645335,-2.7008785864093596,0.16025633224472458,0.04092604355062572,4.240461966730304,4
43.61320766692054,-58.76640898840572,-1.440040938293361,-2.7803154490344895,0.18002037071369778,0.035529419783497024,4.20742420797819,4
43.629885757806555,-56.404777244469116,-1.2385641298050007,-2.3934409573106468,0.13688726475479224,0.023488893627079156,4.160674663077429,4
43.646563848692566,-53.42534497899598,-1.4546725043824935,-2.3783680639293117,0.16398164625537953,-0.008735357421887455,3.840303393059224,4
43.663241939578576,-50.7506146375634,-1.3475215531777334,-2.321838347743748,0.15016994764639743,-0.021064823389968488,3.4181187561513897,4
43.67992003046459,-48.46683008778523,-1.1910652344440003,-2.0554356957112194,0.14329219506647037,-0.006671563457811355,2.9608331023788694,4
43.6965981213506,-46.108806084838776,-0.7885349160750366,-1.6553215390729097,0.1012866714075696,-0.08564539221070265,2.3666780736720536,4
43.71327621223661,-43.77136073530128,-0.7527065982588077,-1.4912265691329676,0.07653509965755023,-0.06702277871493989,1.641676387244084,4
43.729954303122625,-41.661085639031384,-0.6139725471332955,-1.3511675220652588,0.05955240326031035,-0.04229659192145588,0.8762639584023733,4
43.746632394008635,-39.97089730139233,-0.3346949293307677,-1.0601742141404031,0.03901981540152462,-0.08723109005920711,-0.010931595744183596,4
43.763310484894646,-38.331278584751686,-0.10578792897330302,-0.8386500493395612,0.0373509776753942,-0.05572971398339363,-0.9047845616259521,4
43.779988575780656,-36.762261769018686,0.10730383080015926,-0.7389712664446968,0.0057903084931149535,-0.1027615498286235,-1.9512918508228303,4
43.79666666666667,-34.64553433355765,-0.9897850644623247,-1.9873780035215312,0.09373871379818405,-0.17542819670024146,-3.1042450646783717,4
43.81334475755268,-28.178994384481793,-11.846843483169215,-14.146378898329864,1.189258420663632,-1.8425390678234534,-5.259092682757889,3
43.830022848438695,-27.479370954337423,-10.635507667261301,-12.957615376766164,1.0756971922938623,-1.8571747771981366,-6.4749785151712995,3
43.846700939324705,-26.68953729623415,-9.722701256350998,-12.026276369659573,1.0005827933867486,-1.8771207951835882,-7.664004191418028,3
43.863379030210716,-26.057136403158513,-9.053051597471258,-11.361244290908395,0.9191813051264341,-1.8716640705139687,-8.734335572425456,3
43.880057121096726,-25.35628396473752,-8.530577041940893,-10.758245786415177,0.8962821755132309,-1.8736941666826326,-9.746108452663965,3
43.89673521198274,-24.445483466939734,-8.014325446794432,-10.405396678545163,0.8346056763552511,-1.8873653739209506,-10.72279709133739,3
43.91341330286875,-23.994158854028917,-7.083366988721994,-9.158200720063483,0.7442467151434256,-1.8843867008529944,-11.722104087039144,3
43.930091393754765,-23.258586965535017,-6.232887904233712,-8.486877116939489,0.7002630401584691,-1.9222434532632104,-12.67319323125398,3
43.946769484640775,-22.063676801756518,-5.845554413617409,-8.101122028197434,0.6185414085414362,-1.8423692740195976,-13.54529577089613,3
43.963447575526786,-21.279673530485066,-5.099884433520958,-7.30603535169206,0.5622291447270837,-1.8677562249131616,-14.442430229542316,3
43.980125666412796,-19.956283901367545,-5.015448282404498,-7.143822724540547,0.5572843822934787,-1.8562639542628125,-15.30111107392498,3
43.99680375729881,-19.008733769842227,-4.67166965376232,-6.736874878656302,0.5295566126708482,-1.8673870765514713,-16.094493096874547,3
44.013481848184824,-18.016053558512688,-4.224411366883388,-6.39092629527968,0.49003217357464374,-1.8802100175428726,-16.840553540293243,3
44.030159939070835,-17.58480549092848,-3.4958721393847534,-5.584171131854627,0.4401891627159031,-1.8860657664707965,-17.431050646154773,3
44.046838029956845,-16.911201348393107,-3.4985821089477778,-5.537294878551584,0.43214519234785426,-1.8408164110887586,-18.001299969170717,3
44.063516120842856,-16.48670200740311,-3.198522751332076,-5.283924952467361,0.3937958501515211,-1.8021966615136034,-18.408440359124835,3
44.080194211728866,-16.455742648158314,-2.9401324263874957,-5.034297466446985,0.37832367227541175,-1.8508761057173684,-18.834147096710442,3
44.09687230261488,-16.272343503096764,-2.775854936965594,-4.873837949286376,0.37650073434976317,-1.8586941143861406,-19.148593155222322,3
44.113550393500894,-16.430045994856574,-2.338355838170388,-4.502018294318615,0.33553946015823,-1.8558315428535046,-19.375717377127533,3
44.130228484386905,-16.383321610988258,-2.272191939651167,-4.409683275164095,0.3119828745188955,-1.8334369193183442,-19.588301874083655,3
44.146906575272915,-16.522533373481814,-2.23242871498071,-4.330262098178388,0.32058107527226926,-1.8332007391154208,-19.776126667780876,3
44.163584666158926,-16.457582445517374,-2.490498214323481,-4.596819341919369,0.3164323419896864,-1.8349854267828272,-19.91672308291929,3
44.180262757044936,-16.370857646304337,-2.433446462512547,-4.656889774184932,0.3051630022556133,-1.8222848092306456,-19.982393000107017,3
44.19694084793095,-16.649704625059293,-2.2951860988221386,-4.4295949144199875,0.2975825452101342,-1.8619316192351905,-20.096473083776978,3
44.213618938816964,-16.471992930249407,-2.4698601887283322,-4.594733121873055,0.30776390269799264,-1.8521599236001633,-20.11020248140224,3
44.230297029702974,-16.529114948477424,-2.359600030775745,-4.447684072949523,0.29384817868951035,-1.845786525767052,-20.1132364075232,3
44.246975120588985,-16.433323140001093,-2.1742572570743977,-4.1989598435285265,0.29985275965813657,-1.8381059259857118,-20.129942637337734,3
44.263653211474995,-16.21278391578049,-2.1112314197461366,-4.143962319363878,0.26709566395468465,-1.8014049642624597,-20.06635616728636,3
44.280331302361006,-15.490196513563292,-2.2275331592579057,-4.3715373966184785,0.2887728390782002,-1.846979741156592,-20.081707269503163,3
44.297009393247016,-14.710313033329001,-2.0801303568381004,-4.241504571917113,0.275062941433895,-1.8909119283694213,-20.144472635108006,3
44.313687484133034,-13.809979365161231,-1.9538125408811688,-4.04383251516625,0.26211646108748116,-1.8392295420847748,-20.183419771247785,3
44.330365575019044,-12.540251154510864,-2.096188202939879,-4.135521168334982,0.28626895455506945,-1.8106403512813385,-20.22380152097381,3
44.347043665905055,-11.165864602872341,-2.3780564193457323,-4.348908000791288,0.28120653397605333,-1.8541367249619736,-20.269497080618947,3
44.363721756791065,-9.915563437885755,-2.295205774725221,-4.22365805283466,0.2682656547208316,-1.8313680133163635,-20.251899986189084,3
44.380399847677076,-8.571630162948535,-2.1357038226454566,-4.0057857014291685,0.26314733390468753,-1.7890744740516757,-20.240258829774923,3
44.397077938563086,-7.1578149298066,-2.3352048447435036,-4.188518450787754,0.25678781578669646,-1.8368384897778653,-20.227440243524647,3
44.413756029449104,-6.078674151369567,-2.0750932312121866,-3.9337049156616923,0.24772887892589507,-1.830900403739605,-20.082699359443676,3
44.430434120335114,-5.012403412523074,-2.387911473546975,-4.199624386638716,0.292741726048174,-1.8638768824471654,-19.918713679070084,3
44.447112211221125,-4.130217190260215,-2.5126019601310876,-4.279739050357005,0.3127723604612113,-1.8222586149101043,-19.604858912518843,3
44.463790302107135,-3.4854761520725925,-2.740996249019591,-4.395565173504398,0.303601781598282,-1.8084023285805377,-19.29296455863649,3
44.480468392993146,-2.621540221508854,-2.995936882847363,-4.763835471519158,0.3341807317978157,-1.83171228352781,-18.86552706038813,3
44.497146483879156,-2.2566541152546615,-3.0877214962569726,-4.779144099848381,0.34391301224223697,-1.8082322251404013,-18.430187575134422,3
44.513824574765174,-2.156791036714226,-3.2847255988617214,-4.938025098743664,0.3656477288884729,-1.838995092761403,-17.891868910502232,3
44.530502665651184,-1.671405924812793,-3.8419199458646247,-5.545596094008685,0.4174695494657461,-1.84369058925715,-17.302891757311624,3
44.547180756537195,-1.7863744058587971,-3.9616720272390804,-5.611345439477888,0.44271914100066156,-1.8671709698011565,-16.729801208847462,3
44.563858847423205,-1.306394250588295,-4.555252519621163,-6.174094333917136,0.4853559769737246,-1.8355522174528915,-16.01116947515111,3
44.580536938309216,-1.3659610166409255,-5.026779562323149,-6.603878652369488,0.5384439566786069,-1.837863891816601,-15.274241683147885,3
44.597215029195226,-1.2458059858559336,-5.405236939678717,-7.022071321169503,0.5715939492531101,-1.8337370130580073,-14.52042331385517,3
44.613893120081244,-1.1291679028528576,-5.939365799222472,-7.559038805459384,0.6203804919171239,-1.8490819542822772,-13.73117538924642,3
44.630571210967254,-1.0200687181918795,-6.263828351689295,-7.841739139949853,0.6436126438114389,-1.8287464821680346,-12.901622616400086,3
44.647249301853265,-0.8578918378414571,-6.769633207960238,-8.357624645891908,0.7091051609741887,-1.8929116282253848,-12.074974291208173,3
44.663927392739275,-0.5778707883785836,-7.169244505200053,-8.776456258446236,0.7174746924207998,-1.8388666174157917,-11.21774768296844,3
44.680605483625286,0.17332718852781515,-8.214001035808371,-9.8239272918032,0.8249698316591734,-1.9003879116662745,-10.440222019461729,3
44.6972835745113,0.7643598840811938,-8.81043712786748,-10.441780419846683,0.8883157750418604,-1.8787060013115209,-9.576159365110826,3
44.71396166539731,1.5096603144653153,-9.314284444175458,-10.921880647466086,0.9103594112984955,-1.8053753684528946,-8.676653794381135,3
44.730639756283324,2.545657370092851,-9.641445982271602,-11.221977428005708,0.9520627185734083,-1.8707769530342173,-8.021379160016199,3
44.747317847169334,4.139749433869968,-9.810533946160623,-11.259750822890586,0.9744380425074737,-1.8098979783855051,-7.389991276361412,3
44.763995938055345,6.052227925600597,-10.04152619546411,-11.53413113272056,0.9821319794842271,-1.8035061790493474,-6.800210204508082,3
44.780674028941355,2.9371162644414,0.024161645962655465,-0.02122137430158544,-0.06139576442017962,-0.15539231284998586,-5.332686098153924,4
44.79735211982737,4.786726133206606,0.3596540955987184,0.31556896578161653,-0.11444776405151318,-0.10544440790126253,-4.8173521780130555,4
44.81403021071338,6.874777973314115,0.678474489188144,0.7140039280183352,-0.1261298194729958,-0.07806694114774844,-4.331282643929414,4
44.830708301599394,9.040635595602506,0.7927962234508352,0.948268099738022,-0.14136465363852158,-0.0605636318546404,-3.8683275431140918,4
44.847386392485404,11.560925751091867,0.49026643109714696,0.7223055168565895,-0.10509952104521256,-0.05595705976440487,-3.407252516171253,4
44.864064483371415,13.629277645163473,0.4393902122863538,0.6682708913919218,-0.09887613545278702,-0.04140867876393493,-2.9744025043495754,4
44.880742574257425,15.235953607726128,0.35721548477767584,0.6018253125623927,-0.09098095563022443,-0.05108894387659898,-2.3675404735065393,4
44.89742066514344,16.380370726340853,0.05608443970606647,0.28120245025109103,-0.08326148270537422,-0.022624531640240097,-1.6703885438679875,4
44.91409875602945,17.046633727051457,-0.23367272693230579,0.07871060856269185,-0.06724908051219791,-0.010645940058771059,-0.9754356458841364,4
44.930776846915464,17.182091332673888,-0.12154065686143323,0.17713081554028776,-0.04988880228824742,-0.011929026905910444,-0.27372694403842,4
44.947454937801474,17.28926921367527,-0.47110727774323546,-0.13237781369458457,-0.027428754601331973,-0.0016493307401424045,0.4429374631041835,4
44.964133028687485,17.27940530441301,-0.5996956365867714,-0.21645318519645507,0.017927946383394153,0.03091787852282939,1.118262864274114,4
44.980811119573495,16.54105541473829,-0.3894827629615598,-0.016548081366484446,0.003527407016012561,0.01413735811588649,1.7211380496208764,4
44.99748921045951,15.938543106417612,-0.6482592183517237,-0.43239202856135606,0.057897031390639696,0.010749691863344906,2.270815024378698,4
45.01416730134552,15.079787120253332,-0.7921830642094321,-0.5489714294964578,0.07317368471782065,0.0010982011962139388,2.819025837724018,4
45.030845392231534,14.184084128867333,-0.9491208941471991,-0.5867389408865682,0.014577756070323326,0.020691276716006377,3.2637289157338554,4
45.047523483117544,13.477393495128076,-0.8791367477287331,-0.4805513684461875,0.06788662384436872,0.01328214823980259,3.58182012701182,4
45.064201574003555,12.996179514843995,-0.74762884575616,-0.5149978654652134,0.041677271234029874,0.028063581628406557,3.828481305225491,4
45.080879664889565,12.997823022361079,-1.0564514962616385,-0.7971143453002192,0.07965394020390294,0.004301606818948354,4.012989132232112,4
45.09755775577558,12.824629901474658,-0.9177929542392613,-0.69291768863906,0.06992314333003409,0.022116690785944224,4.209155782680236,4
45.11423584666159,12.863574458442937,-0.9023835168929679,-0.7305047204921649,0.06757821711267721,0.011692281662926747,4.359700104369337,4
45.130913937547604,13.063721806158856,-1.1066044648293416,-0.7111786590726163,0.08306514431561635,0.03514700737421404,4.449195320536802,4
45.147592028433614,12.961719198561674,-0.7364664409513968,-0.3898530897225365,0.03444858137644969,0.03498558802246912,4.511640495773182,4
45.164270119319625,13.73791816583684,-1.1181838945869176,-0.8302131332140767,0.09754092395596162,0.03272606431651664,4.496696495326634,4
45.180948210205635,14.255374783331874,-0.8667321694340906,-0.619636807095346,0.044071310462358945,0.00544223180608747,4.46377656964357,4
45.19762630109165,15.261129379127254,-0.9423526785815257,-0.6806753384969477,0.08031100360501402,0.0217617866311042,4.408940976308571,4
45.21430439197766,16.857422749380643,-0.9895681463339656,-0.7754252683808236,0.06369007611183211,0.012008312828941053,4.292066186269023,4
45.23098248286367,18.695894482413248,-0.9711841781148758,-0.7089308885232901,0.07147913505491632,-0.029443656463469102,4.191830383042297,4
45.247660573749684,20.967166263626446,-0.8444712432039676,-0.5611803871726124,0.04975111390918223,0.02504565195081642,4.206005695629918,4
45.264338664635694,23.666392466890574,-0.9385004776992609,-0.596491912180487,0.036159406975687286,0.025941003079963377,4.250748291551053,4
45.281016755521705,26.81942956673078,-0.9489357509853029,-0.5503998523045794,0.00504474888710254,-0.004076416016787628,4.264979096825827,4
45.29769484640772,30.333864737475732,-0.9430856021174332,-0.4965675656092561,0.04964306937068388,-0.01493794599418208,4.264747314429718,4
45.31437293729373,34.01334156598146,-0.890677423982364,-0.35742240684522564,0.01909114500606617,-0.017708924674590037,4.275692827790195,4
45.33105102817974,37.809106011722456,-0.9217202973201601,-0.2157713241210164,0.03222848522732436,-0.00410269242096279,4.262306873007525,4
45.347729119065754,41.68040880443583,-1.1065006724564181,-0.34784178678280675,0.02930330395806998,-0.0035248310996405913,4.237537730558376,4
45.364407209951764,45.311639774079616,-0.8347491318987625,-0.07590932322437638,0.040031872325239345,-0.008774724882498518,4.24527703471639,4
45.38108530083778,49.016558799677505,-1.0038415906363731,-0.07208736302168361,0.029360326056819597,-0.02133254205943182,4.2212448148286095,4
45.39776339172379,52.06891255026513,-0.8669538711289064,0.15318459367950155,-0.01056888778688318,-0.010914556062018481,4.252065990281544,4
45.4144414826098,55.20523474646683,-1.017531219685507,-0.03914677663750865,0.02435367402239032,-0.003298557479412058,4.26623310730326,4
45.43111957349581,57.93940540610416,-0.912615446705626,0.11648704056950976,-0.013867566831668695,-0.019127111692219968,4.274550491650813,4
45.447797664381824,60.75329625716859,-1.2897616209670488,-0.05533624118745095,0.02164984581932087,-0.03400636631833477,4.2547807669959194,4
45.464475755267834,63.122634866243075,-1.1259317092037051,0.06073627085692124,-0.003768811734781799,-0.015615914944480514,4.252516082294044,4
45.48115384615385,65.29979716735019,-1.3125886879413713,0.030649246395078933,0.015132663443550751,-0.004775389783979778,4.2061892949354664,4
45.49783193703986,67.04388423965652,-0.8986713099845645,0.3660409315065003,-0.007142518889914761,-0.005831383215683651,4.2088869622034055,4
45.51451002792587,68.9300717257777,-1.0334566822433366,0.1657553188198264,-0.034414328671367685,0.02542598064616868,4.22171119295398,4
45.53118811881188,70.11995675768742,-1.0893363853705047,0.22456730091532506,-0.006077930362391999,-0.0007277572676306674,4.201193264500055,4
45.547866209697894,70.94791234837572,-0.9484492776256062,0.3989997382876709,-0.03820056210947407,-0.00021177392285339714,4.240731097950413,4
45.564544300583904,71.59134543118589,-1.097236306055919,0.26354496200182354,-0.012752807297813388,0.04277015111454835,4.24123859327305,4
45.58122239146992,71.98258416199387,-1.0604850696958756,0.28994097453571044,0.03159202861026042,0.00046308129018194673,4.232803760492308,4
45.59790048235593,72.29423685394733,-1.151354454166249,0.20374576639861175,0.02654197193088712,-0.015098622517476387,4.218765554551472,4
45.61457857324194,72.11730366215711,-0.870858053447364,0.5228278099284474,-0.009107233209797979,-0.0049147739593933095,4.245030509344216,4
45.63125666412795,72.18167553162486,-0.9951857771092492,0.37085970709141947,-0.007236807058107947,0.009929404773251285,4.262274767082032,4
45.647934755013964,71.93505703517614,-0.8570402713280316,0.5735121248603825,-0.022095641562114157,0.010039824645214447,4.269485098561706,4
45.664612845899974,71.9437604576124,-1.0159547773867459,0.25481564585684424,-0.01772141227904275,0.045861978712328964,4.286871517850068,4
45.68129093678599,71.34897417007518,-0.756619553978485,0.6058342757810387,-0.0127275807763576,0.022141951280926334,4.270553870611978,4
45.697969027672,71.14704013325982,-1.0213941229425458,0.4111882088914385,-0.010403639195965372,0.02852658535036865,4.271890106357482,4
45.71464711855801,70.29720288973883,-0.8314138154728994,0.45501909415254005,-0.013025201209095739,0.02073638699229153,4.26372469320398,4
45.73132520944402,69.59166254782596,-0.8828329267053938,0.41211338571191547,-0.012419272274936983,0.02163412910538193,4.261185228588326,4
45.74800330033003,68.65154138081762,-0.8841980826484068,0.41713340629272366,-0.023083361898775683,0.01607306590367025,4.2592419092729665,4
45.764681391216044,67.52689290148038,-0.8787746606928586,0.40039338479612496,-0.017816335291908868,0.005887657318962153,4.264960134341679,4
45.78135948210206,66.16436553179761,-0.83238211846583,0.47857072765093633,-0.021071796524664982,0.010760276109009589,4.258642506816231,4
45.79803757298807,65.01193099422267,-0.9351739787128501,0.265950765611354,-0.004048871549615087,0.009072609584493888,4.265271552447159,4
45.81471566387408,63.62841502701854,-0.9361435641077449,0.2828920642604693,0.009409210232888392,-0.001006332710576448,4.253251370814415,4
45.83139375476009,62.30564916051465,-1.0378610504267698,0.0560399638153406,-0.0032443279043484516,0.01165217006018455,4.250252889497593,4
45.8480718456461,60.64635070127673,-0.8004808601302962,0.37377899336222953,-0.0113166247975872,-0.01445526335798644,4.2482014992884505,4
45.864749936532114,59.59855392034871,-1.0306874016387404,0.11610335618784973,0.015913264483261153,-0.012479082463418448,4.231174232605593,4
45.88142802741813,58.19173779142741,-0.8479596371162721,0.20262294575627493,0.024817304333828696,0.014253503147702578,4.254953944391133,4
45.89810611830414,57.16502567470864,-0.7409437832617556,0.3226069325522438,0.0235324837017586,-0.003254789473468586,4.251020931095398,4
45.91478420919015,56.56731370488599,-0.9415282892825729,0.14240325652727037,0.0027681044609665717,0.04378539096150622,4.294605410808416,4
45.93146230007616,55.841034656809846,-0.8869718887879703,0.2727458501270732,-0.00810005014209158,-0.011177922096544987,4.248572632483601,4
45.94814039096217,55.605206549664246,-1.0316882415968855,0.0411978924676184,0.008237958201170178,0.007573752181215928,4.256164447177495,4
45.964818481848184,55.04983527662816,-0.8318898351593447,0.2186098934025118,-0.0057151762501393,-0.008191751419491076,4.248311708869388,4
45.9814965727342,54.64769285668856,-0.6610263684552748,0.3004890101448048,-0.007399842595759479,-0.0005963505279576243,4.257047948896931,4
45.99817466362021,54.91724041841138,-1.0352199096953232,-0.12615176595801003,0.012525504970167127,0.018900874608802,4.256707050671215,4
46.01485275450622,54.73459277492958,-1.0585140891498899,0.003060699051783189,0.002709248971461903,-0.010570785076782815,4.234747804005824,4
46.03153084539223,54.66575212858187,-1.0779505328638113,-0.020428479998646054,0.010782374991006228,0.017683777697781428,4.255155378327715,4
46.04820893627824,54.71331909171157,-1.1543586525366365,-0.11333522945563956,0.01157094968270789,0.01257521816218406,4.263719002854847,4
46.06488702716426,54.65440006013284,-1.0745805263512125,0.012647653258817115,0.0061725428087826655,0.03981554321507313,4.269596250853796,4
46.08156511805027,54.64841964599594,-1.0790767279801106,0.03951442209228162,0.027043981584951422,0.0007430305070606567,4.246628887496187,4
46.09824320893628,54.7188747944778,-1.0455216352973835,0.047378766812897766,0.028582612463340446,0.014590678812765588,4.249600316617594,4
46.11492129982229,54.76832199179289,-0.9542358056849416,0.0940209128253855,-0.011721446354509411,-0.013959446172464992,4.243888791948756,4
46.1315993907083,54.73334112444607,-0.7572950405969792,0.27260617964506295,-0.02966415012627768,-0.0003930022336018984,4.2729319416013025,4
46.14827748159431,55.11358330509831,-0.9123485774576707,0.14015807402591207,-0.0051192401412497885,0.023926051629048272,4.263690062652553,4
46.16495557248033,55.73299210000718,-1.1100350743832017,0.00410754482905773,0.00635626411156515,0.003657996483112401,4.246708459154563,4
46.18163366336634,56.123881475714754,-0.9315157894838766,0.2771343324797364,0.011021015480362184,-0.01463571962146572,4.21869066594726,4
46.19831175425235,57.058482349188544,-1.2576661698488802,0.07889963082179818,0.011578811498219849,0.0074902166282052145,4.13607777732426,4
46.21498984513836,57.80906330107891,-1.2410877975089676,0.19455926076571473,-0.007794286938975178,0.003731110573250701,4.023102659669596,4
46.23166793602437,58.71712339728721,-1.2461952193280155,0.1726345291827336,0.017645353831023784,0.014032215963582747,3.8348406517815206,4
46.24834602691038,59.321853090920996,-1.0968278849043394,0.1692033308536942,0.007990917030721717,0.010776009937587277,3.6354286122908723,4
46.2650241177964,59.699859644456836,-1.0394364313365116,0.1540844368952179,0.001281333865583125,-0.013694936857300485,3.452856147590267,4
46.28170220868241,59.542103339787325,-0.6895602844433135,0.40640214598195,-0.035812920407453167,-0.0006088137731409441,3.278985841591419,4
46.29838029956842,59.37437176519974,-0.6204508412209542,0.5064839572364122,-0.034507152517836766,-0.023536224857460687,3.088395168093363,4
46.31505839045443,59.145049576096945,-0.8451921970710572,0.42141749375085524,-0.02528183757889309,0.024190689233591717,2.9425766801720545,4
46.33173648134044,57.66641558833816,-0.5800668019806317,0.6420434454548207,-0.0243351786480635,0.03451575066388552,2.810505726553126,4
46.34841457222645,56.047004663491364,-0.5968449206788726,0.5255762334004146,-0.01677815188232685,0.018063913855696546,2.7729842377387337,4
46.36509266311247,53.85670964141643,-0.6982849087573282,0.3603877271258007,-0.026922227682322372,0.040531677547406574,2.756929195567819,4
46.38177075399848,51.71044231595612,-0.8423262984777651,0.20064632944892224,0.018757337908295618,0.01433160995826999,2.7115398080607873,4
46.39844884488449,49.32902891328082,-0.9246649750316784,0.025869631851463737,0.006081456991650396,0.034120474741978,2.7697682150379594,4
46.4151269357705,46.49549866360694,-0.5984538004207671,0.3955625411998529,-0.03097487186073575,0.022832840016670714,2.7756117319522016,4
46.43180502665651,43.88006344823731,-0.6042836377596448,0.34688727932418395,-0.0125733980981965,0.02958492566591082,2.7872064587487393,4
46.44848311754252,41.35257643146479,-0.6304342523890618,0.2178732185124641,0.002048308443805958,0.009107245212956938,2.8047191324443537,4
46.46516120842854,39.10612648949066,-0.8465599493122689,-0.04460485042336515,0.016297636988111888,-0.017566542882788683,2.778906796510531,4
46.48183929931455,36.53434560528352,-0.6998328700808507,0.1078440287316269,0.03727347083468421,0.03914980344384548,2.7991937210392717,4
46.49851739020056,34.1397770804883,-0.6393136487226165,0.03732576821598599,-0.00015409692285518859,0.03343904683807814,2.808561042880041,4
46.51519548108657,31.70704381804816,-0.5653368434938244,0.17739520226170313,0.01587513231621809,-0.005615557001431154,2.7682780662397173,4
46.53187357197258,29.62421749336163,-0.7232599707599388,-0.046798303114901074,0.048065023903408506,0.0142739562070498,2.7492560785287816,4
46.54855166285859,27.31932593315463,-0.7070131331504594,-0.056379796675949834,0.0358876536552706,-0.010149359748726565,2.731739170911302,4
46.56522975374461,24.792912327267008,-0.6818348919320831,-0.06243970286080369,0.033383929777800726,0.006979046918291973,2.678140691352174,4
46.58190784463062,22.18402885872968,-0.40126560960713586,-0.11383535418187929,0.03246608696345081,-0.0023084514953539536,2.660604114376364,4
46.59858593551663,19.543734313981233,-0.5700257220085776,-0.3134818212316066,0.039903840634998605,0.005547885411818452,2.6619193550808253,4
46.61526402640264,16.852350738185436,-0.6509312492057324,-0.5274688204821825,0.04915291779135292,0.019509889384851535,2.7063362212990816,4
46.63194211728865,14.046431289921472,-0.6208791137974887,-0.5139648668057184,0.03916862180591326,0.029241188057712406,2.7169146544261387,4
46.64862020817466,11.221660135404198,-0.6044289767311191,-0.44702506792227803,0.020172660547860273,-0.001521000481024053,2.7005072066735583,4
46.66529829906068,8.531700625511135,-0.835249848543139,-0.6167719257482362,0.03415650130803623,0.015176225162470849,2.713656725257043,4
46.68197638994669,5.879137120050088,-0.8290973743181227,-0.6836998492578459,0.05996741978508571,0.021656807239844377,2.71338501873413,4
46.6986544808327,3.2170322923013934,-0.5798582834148066,-0.4015711058809207,0.05268695199301382,0.02969018281313671,2.691732830757658,4
46.71533257171871,0.9066470297668874,-0.5162104693841741,-0.49026221806485587,0.05126191763681549,0.013426953000656645,2.6194857468155774,4
46.73201066260472,-1.0285003552563394,-0.7262448286361589,-0.7483670901660848,0.06625851699365667,0.03995215730016649,2.5611594493804137,4
46.74868875349074,-2.919617178398369,-0.7308375093207067,-0.807276197826259,0.06925671188822694,0.01914795709285394,2.4760391009680642,4
46.76536684437675,-4.760376608951755,-0.5749267908557261,-0.7200696830757098,0.061030469571797814,0.03753250658460057,2.3475762632676314,4
46.78204493526276,-6.339320157880049,-0.442160145249346,-0.5907703004981686,0.053001055632245705,0.022836218018597622,2.202182592373079,4
46.79872302614877,-7.815131116391491,-0.3209757945406857,-0.5276034563893344,0.013007882756452227,0.020272584628813217,2.0445575434105887,4
46.81540111703478,-8.897744679505035,-0.15809322127329395,-0.4488915465711001,0.024604682396981277,0.02459049022888914,1.8370596882115118,4
46.83207920792079,-9.802198422608804,-0.28952276235822305,-0.5290896106541529,0.014272050723895157,0.01695193868097417,1.5702685012154374,4
46.84875729880681,-10.600990670893815,-0.27931790756519925,-0.5772277832356663,0.02680723988378127,0.0017164973765581087,1.2959277343403872,4
46.86543538969282,-11.352066754551174,-0.33214780072094285,-0.6201650124001232,0.005794492203528107,-0.004905974031578539,1.012175803676902,4
46.88211348057883,-12.214810722143296,-0.19034752847779624,-0.5025058109760021,0.01692671562439627,0.0030318839120177196,0.695888525737637,4
46.89879157146484,-13.098280119465713,0.03656856733802627,-0.30288733439972093,-0.016869365351610443,-0.007158019642285262,0.36563423887198376,4
46.91546966235085,-13.709229438730892,-0.11676264556445126,-0.49988070049668565,0.016023372977579272,-0.009377792034708982,0.02684144352052534,4
46.93214775323686,-14.62718962211895,0.12297993476322677,-0.2239140021224335,-0.024400580933308248,-0.01422433331869583,-0.31092925562866447,4
46.94882584412288,-15.439217866622148,0.061638595583524136,-0.18015249974720238,-0.009729332024594814,0.0024978867961814367,-0.6725944062410668,4
46.96550393500889,-16.19180839005507,0.044978430088542076,-0.4192964378464046,-0.015696421115593825,-0.019741530128627584,-1.0350966057378665,4
46.9821820258949,-17.080243462717714,0.13652192448448286,-0.2707732383928798,-0.03669809990857903,-0.015959220801466178,-1.4086130818178542,4
46.99886011678091,-17.99421793958948,0.40202682677134316,-0.14238080214874316,-0.025458653300538203,-0.008584850876916118,-1.8127453127313213,4
47.01553820766692,-18.71268684550674,0.40156272062931553,-0.1186511231595837,-0.041442912072272374,0.00375736137602352,-2.2084605329066074,4
47.03221629855293,-19.588982367317826,0.6129672251564209,0.049079624352468265,-0.06648666279644407,-0.03559792379468292,-2.6403517982215514,4
47.04889438943895,-20.21945892850339,0.41226441965624705,-0.12580317194577173,-0.06043681975867874,-0.08265835365621337,-3.0836678389952414,4
47.06557248032496,-20.495655190211245,-0.4566733770307332,-0.9781423617113569,0.014787395043439535,-0.12224028111098628,-3.621976168015355,4
47.08225057121097,-21.202795291883877,-0.4493127113125528,-1.0780195695271892,0.022117535480852702,-0.1620327493807674,-4.104838161978334,4
47.09892866209698,-16.5908081345693,-11.336066088339832,-13.413541141436879,1.159845293273951,-1.8480980615891902,-5.543349960844129,3
47.11560675298299,-17.278275916675888,-11.05458882450057,-13.199276086309917,1.1280402973655608,-1.871985690976405,-6.004561587019344,3
47.132284843869,-17.96386932287988,-10.690112757417129,-12.913730379838874,1.0700205367149453,-1.7975784437051687,-6.399524292969495,3
47.14896293475502,-18.700884649329474,-10.440870776804413,-12.587128825131277,1.0336396004626605,-1.8042812320985304,-6.8397791275543955,3
47.16564102564103,-19.357520001193073,-10.210523663588436,-12.468511426178184,1.0696728767632426,-1.8289587095795137,-7.280283198199934,3
47.18231911652704,-20.01388839363492,-9.76417102355009,-11.973244442631373,0.9929186087992361,-1.84764103085957,-7.735818113484976,3
47.19899720741305,-20.411196502072997,-9.428155173975439,-11.666660611203888,0.999362497633976,-1.8982863058651265,-8.24875765613037,3
47.21567529829906,-20.608504850216182,-9.345568613943804,-11.567472006055011,0.9904148624175045,-1.8656384608604428,-8.714166957708722,3
47.23235338918507,-20.97020329812787,-8.708384460673239,-10.86351719501268,0.9091209510417385,-1.8267180239074474,-9.149426201092052,3
47.24903148007109,-21.16577760952541,-8.413905991569994,-10.55224338053047,0.8753285888166692,-1.884857611797114,-9.624681731621111,3
47.2657095709571,-21.040932237959005,-8.371272921852334,-10.53278067487572,0.8726666218869501,-1.8553280421377183,-10.0631921258773,3
47.28238766184311,-20.809429175863368,-8.194949267817245,-10.441862655694807,0.8504075382716083,-1.8762659241959676,-10.481343339006713,3
47.29906575272912,-20.660748721264923,-7.765883648611147,-9.966727125108575,0.8004593599039631,-1.8824984628691281,-10.985847858268793,3
47.31574384361513,-19.97209025410551,-7.511034968832378,-9.708944891897147,0.8342170256739736,-1.8579835416304313,-11.546494898805033,3
47.33242193450114,-19.421292296762893,-6.898496308879314,-9.02736195740695,0.748128501731299,-1.835636247836898,-12.049245455265451,3
47.34910002538716,-18.29116046049388,-6.70490721130879,-8.864553361069536,0.7324821525691863,-1.8808378368341867,-12.692357524104152,3
47.36577811627317,-17.059115991787678,-6.459901047856581,-8.637880285033281,0.7131778520412491,-1.9035913401899505,-13.281521455723261,3
47.38245620715918,-16.06042506852366,-5.736207205220572,-7.859726501065231,0.6468963273924859,-1.8480381812562747,-13.818972387626234,3
47.39913429804519,-14.696175454692204,-5.419893204265585,-7.549625174934019,0.6066752402018074,-1.8546301131012835,-14.360485187766642,3
47.4158123889312,-13.215543885423209,-5.332239410504938,-7.452831438537734,0.5996902513421007,-1.8675588672034187,-14.869777497853487,3
47.43249047981722,-12.637894768833773,-4.9721619683374945,-6.912853934694832,0.5261020066081868,-1.8348385770820426,-15.231475739583537,3
47.44916857070323,-12.217681548962823,-4.66912681969649,-6.822848469716065,0.5338809201654426,-1.8482015551315587,-15.438648171543758,3
47.46584666158924,-12.1528834192375,-4.587321640902531,-6.524383756830617,0.5083404823288238,-1.8343772192074532,-15.616655876034944,3
47.48252475247525,-11.841401916776826,-4.8946666078706125,-6.917236269088752,0.5767581241954912,-1.8595179294973243,-15.702364617974103,3
47.49920284336126,-12.198317562655898,-4.416634914798754,-6.461745874765968,0.5406050454875488,-1.8404235621327607,-15.661903143173049,3
47.51588093424727,-12.476277613968419,-4.945203502669312,-7.028171028551159,0.5541909049079374,-1.8648344926407472,-15.565162774794551,3
47.53255902513329,-13.411075170891817,-5.117827955330486,-7.273366655759077,0.555699976816485,-1.8932747602384088,-15.309486356487506,3
47.5492371160193,-14.645330364036857,-5.05454319763769,-7.166375450160567,0.5402483529576504,-1.862908678640879,-14.959963697992436,3
47.56591520690531,-15.720898326185921,-5.280617419070549,-7.374325598141805,0.5724299685670464,-1.877108989391254,-14.651260735401594,3
47.58259329779132,-16.43271373460926,-5.687882256240569,-7.825249245517777,0.599625808023371,-1.885916733050486,-14.318987794132434,3
47.59927138867733,-17.376723742375898,-5.711771809316548,-7.82115287856451,0.6268441681325807,-1.8623604750735172,-13.969542321362487,3
47.61594947956334,-18.01761825891786,-5.564391653358259,-7.745461699494294,0.5916001537645789,-1.8879351113008402,-13.702606382636455,3
47.63262757044936,-17.736301579479225,-6.055139834574595,-8.179976292291563,0.6720000966189854,-1.901527599898884,-13.591896717286309,3
47.64930566133537,-17.690285479021707,-5.938275119564383,-8.050937532435665,0.6378056199923612,-1.846488297505298,-13.441820057158976,3
47.66598375222138,-17.07067023093678,-6.0830348286688904,-8.157285011290144,0.6560480576979095,-1.8407056961387689,-13.305981865504034,3
47.68266184310739,-16.25162284537499,-5.984310221172307,-7.954008392841863,0.634862350542794,-1.8184311440436405,-13.307849770217073,3
47.6993399339934,-14.651399565390921,-6.125942242206534,-8.276875771088203,0.6637962480718687,-1.86867854238093,-13.392562780449737,3
47.71601802487941,-13.206203256054557,-6.122154527841337,-8.215263368277732,0.6728195821738977,-1.8659196960860847,-13.523480474373622,3
47.73269611576543,-11.254860026772791,-6.113106011015166,-8.175649556114124,0.6706531598886815,-1.8378630120303414,-13.666200663148379,3
47.74937420665144,-9.441530980982842,-5.883346642283174,-7.964454950576442,0.6329082925217577,-1.9289630333302108,-13.831781427148833,3
47.76605229753745,-7.4128694718775705,-5.80943968793825,-7.781525218629471,0.6520231992448118,-1.9028617853962322,-13.9926960878709,3
47.78273038842346,-5.468049158291201,-5.391695393432812,-7.326525985277641,0.5897868361808456,-1.877876489326683,-14.113164970102005,3
47.79940847930947,-3.2804367366577596,-5.536105738486244,-7.393248771673063,0.5694649898566789,-1.8198590086939996,-14.177436984880236,3
47.81608657019548,-1.2531059348377007,-5.552437069081869,-7.26347411360769,0.5671906047237382,-1.8341377312476037,-14.26836761257973,3
47.8327646610815,0.4676070505980614,-5.556284862167045,-7.099879257451132,0.5690512060684048,-1.8203569437453444,-14.255414879895273,3
47.84944275196751,2.4178399891609548,-5.618944849909218,-7.226125256384277,0.6119167727924593,-1.8438021930337352,-14.225485871036865,3
47.86612084285352,3.8963466164423233,-5.3155389704512235,-6.892658588417323,0.5681775037246765,-1.8543135202682526,-14.153794662439271,3
47.88279893373953,5.680759633741577,-5.499230739020935,-7.015676473020396,0.5669317177336844,-1.8220822294798302,-14.028062664257433,3
47.89947702462554,7.550858869072414,-5.734154759989079,-7.150327560181433,0.6173926003347526,-1.8229258536343715,-13.916598584616859,3
47.91615511551155,9.249177223379352,-5.650820784944477,-6.941111949510015,0.5811994609348988,-1.8497156066530627,-13.781798172344468,3
47.93283320639757,11.113417437059226,-5.703205378919556,-7.068533606844087,0.5961227232662601,-1.8256424059271341,-13.586947935305787,3
47.94951129728358,12.989171761577536,-5.885983545154024,-7.09181988118464,0.5933818993515355,-1.805581420785016,-13.396714988302717,3
47.96618938816959,14.611387937616257,-5.894696526983818,-7.1101933140678,0.6093966694954847,-1.802326145115768,-13.202566165890662,3
47.9828674790556,16.381062751248592,-6.319427994986928,-7.4627260774697,0.6326234020662964,-1.8471619882019028,-12.917499045907206,3
47.99954556994161,17.705053761453485,-6.143955147978701,-7.3018041287605495,0.6308564758776378,-1.8292427061373862,-12.565132420307561,3
48.01622366082762,18.856919564117483,-6.343109070684244,-7.468405316512857,0.6155945492981348,-1.762647327888191,-12.122912805859018,3
48.03290175171364,19.94596510246727,-6.754402431561496,-7.920762514370422,0.6380803401613461,-1.8338940078220125,-11.623963940847592,3
48.04957984259965,20.702340199129083,-6.975474013647968,-7.995937435072704,0.6735265600352084,-1.8205532335253365,-11.04874345205407,3
48.06625793348566,21.545135597757486,-7.643585565687086,-8.670383934057062,0.7403129834895863,-1.7957574286620186,-10.439997133925182,3
48.08293602437167,22.288731925555606,-8.059001349089021,-9.246203078145296,0.7707080606863544,-1.8167877240589074,-9.756342472876694,3
48.09961411525768,23.001503558408878,-8.870191087325306,-9.712775455328037,0.82134237047284,-1.7655488332780902,-9.096633612023096,3
48.1162922061437,23.388958949960443,-9.025836936696903,-9.839587572542342,0.8478075475850965,-1.791768116820761,-8.364877769324838,3
48.13297029702971,19.182883237394837,0.0044818122780307945,0.36462254007299677,-0.09997394159282837,-0.18594204772297218,-6.650084522975309,4
48.14964838791572,19.250815490534023,0.46848359895023695,0.8115386592548868,-0.148518010492338,-0.09438995383847641,-5.815560176555807,4
48.16632647880173,19.423670247094314,0.7473065920755166,1.0397293222531125,-0.17384799528612727,-0.05270691796646141,-5.005515482551966,4
48.18300456968774,20.03759631614757,0.5386562930475591,0.9426643660678087,-0.11493855774506781,-0.06558308321618472,-4.264406915874093,4
48.19968266057375,20.651758011589347,0.37915723781200317,0.7222861949161263,-0.12954552865195576,-0.02631389199661246,-3.4524212230785323,4
48.21636075145977,21.128047563872087,0.16959517619830766,0.5955355646536908,-0.1145350991117459,-0.039891189767143426,-2.7311899521000207,4
48.23303884234578,21.596200666296184,0.10815599767882134,0.46574808910349663,-0.07641708914082564,-0.026359583662587227,-2.008295437861701,4
48.24971693323179,22.06818329308021,0.24737423168349348,0.5483781766021343,-0.07375557967054487,-0.03084591802671183,-1.4373738563883738,4
48.2663950241178,22.852029641068906,0.03007714019920904,0.4233893975157912,-0.0672123081958144,-0.029858927271670842,-0.8762921978148521,4
48.28307311500381,23.524086787102792,-0.04795297313292135,0.2974541015632788,-0.039382258019091454,-0.04112584559199864,-0.37187602414303256,4
48.29975120588982,24.247178829250377,-0.19971956231053944,0.1468460270578209,-0.034120719493638124,-0.028563206571064904,0.13284255048587845,4
48.31642929677584,24.79586823172052,-0.21673597838632652,0.21983911433969716,-0.03479242732569181,-0.0011106118924525386,0.6050060983325067,4
48.33310738766185,25.640290579635817,-0.6275725943876376,-0.06965962364318834,-0.0010195791961760499,-0.014885286787635671,1.0364631875565533,4
48.34978547854786,26.0940111288502,-0.7059103265663706,-0.10977957261179405,-0.011515154995970653,-0.00875867110164074,1.4598836020815802,4
48.36646356943387,26.61023289260951,-0.7605508969163033,-0.11343608601757538,0.01988822028468929,0.0013465644458951426,1.837935378960246,4
48.38314166031988,26.840139562611043,-0.7029433968251215,-0.07803910606177844,0.011386381482780834,-1.8309160914596184e-06,2.194427681272037,4
48.39981975120589,26.943083452550535,-0.709134767746554,-0.22868592029462498,0.034528756640857805,0.03713814059465847,2.54408094170575,4
48.41649784209191,26.99774710166722,-0.7564788977567769,-0.26039977353529764,0.04381011664823713,0.017319704785280953,2.863379541326894,4
48.43317593297792,26.656118577646513,-0.6998164791065493,-0.23869249109716684,0.0554338148221833,0.04437355202943394,3.1795921270056513,4
48.44985402386393,26.135941483791967,-0.803339149215943,-0.24938815534927627,0.029907752895455317,0.023669167994059954,3.474870572463255,4
48.46653211474994,25.42828642391784,-1.0095317852749695,-0.3622049351537253,0.06471423938671793,0.024331882433299482,3.7341042904214614,4
48.48321020563595,24.582424497323448,-1.0765724124323626,-0.446957893362109,0.05876292864894806,0.03509970959876685,3.943069461917805,4
48.49988829652196,23.718591979827718,-1.1829907985483157,-0.5456405495658236,0.053877035792793605,0.05583137792027455,4.167315188257157,4
48.51656638740798,22.863726905038003,-1.2291117604978208,-0.634877977309853,0.07644363552223733,0.06552563960006155,4.335663944538242,4
48.53324447829399,21.93528035935626,-0.7470354006994873,-0.3722885225858139,0.08013813838208332,0.02843555090770195,4.417068686447473,4
48.54992256918,21.625792496526937,-0.839161418401777,-0.46446142074536834,0.03944916893477604,0.02932062583305705,4.470639953194831,4
48.56660066006601,21.539790182835606,-1.1041869322562583,-0.6729810228238309,0.07216055547547674,0.010798576414399547,4.4284426427152646,4
48.58327875095202,21.471843309086346,-1.1123431648584523,-0.5904115979338869,0.08788823791414399,0.013325982680805017,4.415768243073083,4
48.59995684183803,21.637929586271035,-1.2427226907789892,-0.8322443181365129,0.07080345018852302,0.001976888487372513,4.346005536245359,4
48.61663493272405,21.422085036418473,-0.8973758428626457,-0.439654588959594,0.057579880337163686,0.030471295593473925,4.30921657096975,4
48.63331302361006,21.695367533196116,-1.0258839800965749,-0.687213194532017,0.06286163871739921,0.013547657295763321,4.262355295786751,4
48.64999111449607,21.863643073823145,-0.860571688025848,-0.6034216442459073,0.07025161658783971,-0.0033121959418112956,4.256739398354165,4
48.66666920538208,22.253641400351626,-0.8738031541989635,-0.5713989565053659,0.06758504667085884,0.015517936677045818,4.234016500060802,4
48.68334729626809,22.860123659181284,-0.9139417971961779,-0.6211267662531315,0.07040439881202114,-0.0022135384246561116,4.23287259728862,4
48.7000253871541,23.605772283512636,-1.0680705817365244,-0.5891658951189784,0.06371430200441333,0.022231632581753438,4.24861193930337,4
48.71670347804012,24.11896058400497,-0.7508464622899105,-0.35673092129602324,0.02864812121330312,0.008882150432469257,4.238681415791397,4
48.73338156892613,25.01135972996245,-0.9148713779243725,-0.4809561932803943,0.05705127422904969,0.016565448065576763,4.249974240308398,4
48.75005965981214,25.89827215325087,-0.9814641625678124,-0.57000727377656,0.0597679470726294,0.004810511364528242,4.2430638906594975,4
48.76673775069815,26.66660587552614,-0.8365128042134726,-0.3494066953735757,0.038402930028924046,0.006234112101868256,4.238929546913158,4
48.78341584158416,27.71442720750212,-0.852617888243068,-0.3935746231190631,0.04008243308436546,0.0071472462045925255,4.228508015476065,4
48.800093932470176,28.763644254120656,-1.0120781009202267,-0.45089373018490697,0.041071529988075506,-0.005650097625108349,4.219345422678429,4
48.81677202335619,29.564070638758565,-0.7259868694163369,-0.2849253265811935,0.03947202974087832,0.001064212362070625,4.250256324502935,4
48.8334501142422,30.46229174840083,-0.738199977443335,-0.14840111921433596,0.028989335618863687,0.03850176935149047,4.243138054135292,4
48.85012820512821,31.60581227440821,-0.9091787463925449,-0.25810638520858475,0.047470254393350106,0.02798501061470052,4.248971368395016,4
48.86680629601422,32.78555161716547,-0.9995321627248472,-0.2883751490581954,0.05648297726052477,0.010430319114915673,4.224690334107671,4
48.88348438690023,33.87081669081999,-0.9046526467584464,-0.21211079330089966,0.04959802270711675,-0.007164447147038461,4.218767396897287,4
48.900162477786246,35.27332256123681,-0.9789122942779223,-0.25308019274479854,0.027768645841206446,0.025602802168899975,4.233441353491326,4
48.91684056867226,36.34973831467903,-0.7417973149275223,-0.06305762163138517,0.033380529565579145,-0.032717536962931205,4.209111976761374,4
48.93351865955827,37.8274829346955,-0.9532516878840873,-0.22059496099890907,0.01178568444980889,0.008746562730701785,4.257795272462687,4
48.95019675044428,39.27749796677897,-1.027238217080205,-0.2306906170535612,0.03323627388528952,0.009298217901347768,4.234085697820844,4
48.96687484133029,40.652061986582666,-1.0708406747282666,-0.3799260391583825,0.05095118782097495,0.011809286273909281,4.2254989850767615,4
48.9835529322163,41.31031168992471,-0.9519916374069695,-0.08854291808227543,0.01006203023855049,0.03900521715270063,4.251390420809273,4
49.000231023102316,42.019797755114354,-0.9653960860291004,-0.045667470409282984,0.03633584957720927,0.0008017226672479774,4.223749774889241,4
49.016909113988326,42.53269709797092,-0.9280574345432768,-0.043393132336920104,0.03790859581020423,0.0059559396886630835,4.234452325628318,4
49.03358720487434,43.20646603704978,-1.0976385824633912,-0.2743246676407871,0.011642778441513789,0.016146122023179398,4.250921849719202,4
49.05026529576035,43.31096383568356,-0.7423925585761388,0.030156884182726884,0.046699091099283135,-0.0077945735744935,4.238494523324998,4
49.06694338664636,43.66525407445882,-0.8574297889994398,-0.0012929973680915197,0.023971296265335326,0.019406984534677176,4.212823711615427,4
49.08362147753237,44.05514709391787,-0.844228009833186,0.049468484685117886,0.011297049150740908,-0.013688732103411884,4.232137156501686,4
49.100299568418386,44.56792225356825,-0.955789716022462,-0.10619501599356873,0.032916562956450846,0.029182689554695426,4.224930016073067,4
49.116977659304396,44.92919378547838,-0.8706186815508126,-0.024494114734494588,0.012424490267127589,0.03259020003971655,4.245706846819632,4
49.13365575019041,45.41754315702049,-0.849168100650294,0.009163101595223822,0.03995293367692807,0.01871613087065299,4.230784616238719,4
49.15033384107642,46.23097584706358,-0.9895633666251875,-0.10331569240217675,0.02325458365976269,0.005618393256008993,4.233918499114244,4
49.16701193196243,47.03680332691916,-1.0368339160102007,-0.15297641761177694,0.022750123370502976,0.005364958097830263,4.227941597981828,4
49.18369002284844,47.8115593480233,-1.0522818782033934,-0.09453437212559557,0.021141479265733145,0.011777288580600538,4.22112688751128,4
49.200368113734456,48.17020322204663,-1.0195249216353233,-0.040121672490466054,0.016946706028012487,0.019272096706025553,4.230136614792578,4
49.217046204620466,48.32477960261545,-0.9766295172834969,-0.018579451507079625,0.03556166783677899,0.0037613096576031646,4.185082588460153,4
49.23372429550648,48.310259637324144,-0.8737547809530497,0.12339723121329094,0.04196386030801759,-0.008716967563993363,4.156294719453854,4
49.25040238639249,48.31075788286111,-0.9892099145306403,0.07998924417441344,0.04214999528879829,0.0006106002218768294,4.128819068004959,4
49.2670804772785,47.94365666950728,-0.8547298707975344,0.1487800640747654,0.014683220299707605,0.004516073863460334,4.123549766097873,4
49.28375856816451,47.50644005813852,-1.1500569771118307,-0.06571439277243485,0.03443640050199628,0.013443144163784405,4.122429642545821,4
49.300436659050526,46.66196586572083,-1.1651653033293314,-0.20058838074315588,0.06907178218572951,0.011020219392366505,4.096847162335128,4
49.317114749936536,45.49769958849963,-1.0211008579327512,-0.009326980687385245,0.058074003819292036,0.016170736086612705,4.084100650845937,4
49.33379284082255,44.56025683681831,-1.2257361759648084,-0.2574394431017808,0.06029476741860548,0.015203087539759616,4.09672279500933,4
49.35047093170856,43.04747821129009,-0.9304652233058022,-0.09025475417324991,0.045746251657631916,0.03137440500811363,4.10299653595312,4
49.36714902259457,41.55819270703225,-0.8630610229152111,-0.11357082254435547,0.05244147701733319,0.006679420475869772,4.079680042505496,4
49.38382711348058,39.67142497242014,-0.9572858441136898,-0.0993404045390971,0.034889118224333,0.03247430214897048,4.09203527226,4
49.400505204366596,37.45626320119589,-0.8639710545765862,-0.020843962924748993,0.0520331771185821,0.023590350281466464,4.106862820328671,4
49.417183295252606,35.14574949854944,-0.8176752713426882,-0.14161804662218813,0.04154033713110366,0.042705559234269996,4.115513968397704,4
49.43386138613862,32.47762303193287,-0.967300867202729,-0.2762542909649497,0.08371414108465226,0.0703907213650057,4.164427723455719,4
49.45053947702463,29.78562719151885,-1.228646384195054,-0.6413733815145015,0.10168256369964157,0.08758196391776163,4.176210291518079,4
49.46721756791064,26.289451690063586,-0.7476472265831484,-0.2656256017506493,0.07166616683313536,0.06464358130757203,4.187473343865413,4
49.483895658796655,23.209137589021392,-0.847698546490534,-0.4906628020961623,0.07641813192335449,0.09463017620490284,4.217922638171773,4
49.500573749682665,19.764661401298618,-0.46413567326790783,-0.13523776141920862,0.06413866279062837,0.09020987148341356,4.262186535590571,4
49.517251840568676,17.55234971242119,-0.6030145064607808,-0.2992190082983468,0.041867700082489065,0.04087636934331753,4.214680642454951,4
49.533929931454686,16.072950854180398,-0.8695364238827104,-0.6041536435633725,0.0525714266463108,0.05452351040649261,4.214042913105141,4
49.5506080223407,14.837283187083091,-0.6957825584175357,-0.38222109846697894,0.05787320136591622,0.028728394030490607,4.171447758974916,4
49.56728611322671,14.439838997932776,-0.7670279734188479,-0.5329387227119886,0.0627123499107934,0.033426957263978194,4.148937247361932,4
49.583964204112725,14.429572340653461,-0.8085590948299322,-0.4835027976248112,0.029166276613374967,0.003050759584981192,4.07371887689839,4
49.600642294998735,14.687915653518104,-1.052416361853067,-0.6430873240671513,0.03521883001029267,0.0206692895673297,3.9607084049765224,4
49.617320385884746,14.836900687606164,-0.981061192817188,-0.5319923873882075,0.05890624864557171,0.007590037738840936,3.786882299602396,4
49.633998476770756,15.23485641395844,-0.7114209698704164,-0.3388925147766946,0.041864212126002005,0.0020876754639465494,3.590327589035002,4
49.65067656765677,16.133304577602757,-0.9059054330679155,-0.6888217978046054,0.07418309288414753,-0.03651953532642004,3.3580363100241075,4
49.66735465854278,16.213535020193728,-0.43600973111026065,-0.1824293160469308,0.03519956748266579,-0.007198672517909508,3.139259026171967,4
49.684032749428795,16.988428552233128,-0.6487040101475747,-0.3796041367265346,0.02586398496240917,-0.013033170485388395,2.8814860176671675,4
49.700710840314805,17.142747487032082,-0.5182753859846265,-0.04182838152012991,0.005111786943936587,0.0060608320125042445,2.6121859555112996,4
49.717388931200816,17.41162852310606,-0.7059793571108015,-0.44664918340907,0.006864614100504409,-0.005848950155472494,2.372819504848103,4
49.734067022086826,17.1439134289742,-0.48693464058811475,-0.14879384909850746,0.035341889651570486,-0.008600365091723426,2.0849207051939453,4
49.75074511297284,16.345728380709414,-0.3182369573491224,-0.02156307824448156,-0.014070831283345853,0.004014819878933399,1.863582883718434,4
49.76742320385885,15.34270280775341,-0.4467073284997767,-0.1501597962894765,0.025043248489673136,0.0076962881011357785,1.6867710500279247,4
49.784101294744865,13.94899459657396,-0.4495442264964473,-0.19464979486463108,0.030342242425444796,0.0017809401175923473,1.5751840593865956,4
49.800779385630875,12.141999886140544,-0.27379096456459306,-0.0854159736185256,-0.0003659059910792289,-0.0023907750984400594,1.477265640798051,4
49.817457476516886,10.419791762737471,-0.37292321555192665,-0.17886312074774535,0.007072301174006384,0.031987538491995864,1.4024150926540848,4
49.834135567402896,8.212715878873135,0.10355622590506597,0.13448575860762135,0.003573023744911402,0.008297446805132344,1.3408525900276163,4
49.85081365828891,6.548048769075486,-0.21359874415618396,-0.16771574366820907,0.013942628848419085,0.007896672418964863,1.2638583257170102,4
49.86749174917492,4.3827380055667575,0.10060215487481239,0.10488939213585224,-0.006494308788882139,0.008026541969684524,1.2038396329881085,4
49.884169840060935,2.713560491940541,-0.18614238185015874,-0.21886847009360233,0.03370551474284458,0.042671153982458784,1.1324001664680374,4
49.900847930946945,0.8774062924356993,-0.18887996991235603,-0.21446698850380974,0.004084099644491641,0.03823976580148582,1.0715161961799657,4
49.917526021832956,-0.5052079914665251,-0.2887400155688186,-0.26068345318425723,0.042383002069033775,0.02047982011702683,0.9229129879837854,4
49.934204112718966,-1.7933249104958888,-0.4588934179686178,-0.4530614570425744,0.057778201291154074,-0.023872257750797522,0.7495948744498078,4
49.950882203604976,-3.093390229584949,-0.47305999468125026,-0.44662843098532556,0.033106372866861515,-0.005065166113117937,0.6007858235097034,4
49.96756029449099,-4.39411342198013,-0.4021350068951318,-0.48796997205781467,-0.015440620016984999,0.015059588666373292,0.40622855643057065,4
49.984238385377004,-5.843899122235962,-0.03556248814811558,-0.13547351576946132,0.010531199850328942,0.01651365788572399,0.24455077550406423,4
50.000916476263015,-6.942896187091696,-0.11469490311752994,-0.25130073643679407,0.0035670461418364045,-0.0016375012599442835,0.04239823084321022,4
50.017594567149025,-8.14597850683161,-0.1250692056731415,-0.2384333546486519,0.025717990108701867,-0.013200904867786984,-0.1655819923536646,4
50.034272658035036,-9.213207396870818,-0.19846234477910718,-0.4129707020804596,0.014441422959369158,0.009779116185622704,-0.35127926993282493,4
50.050950748921046,-10.544370584157276,-0.08643898100433622,-0.38056396801565207,0.01169227333739225,-0.004923546846208527,-0.5373866159156906,4
50.06762883980706,-11.856758977176685,0.03325241495072406,-0.3040531413177372,-0.01414088040450201,-0.02103048927305497,-0.7473417355796874,4
50.084306930693074,-13.290232201702263,0.07688437766152001,-0.2511363116906482,-0.031103217818638885,0.010719967073384965,-0.9254326760855288,4
50.100985021579085,-14.740254945766704,-0.01768387025447371,-0.4224452089841053,-0.02540227825011571,-0.004013170149715888,-1.0942208703709821,4
50.117663112465095,-16.15363361729224,0.02090085536126285,-0.4524476022976236,0.0038016782198373364,0.009436416159093741,-1.2276623194705734,4
50.134341203351106,-17.7752887449599,0.15226420202598945,-0.3898374132005147,-0.029973404687608306,0.022446900715824596,-1.363202031735624,4
50.151019294237116,-19.25523925302776,0.13913287038623334,-0.46801886171619156,-0.039614836007563714,-0.0074521235386523854,-1.5197727408320532,4
50.16769738512313,-20.743269036918825,0.17705233809095144,-0.45134417714284414,-0.012314041903798888,0.03654451768806314,-1.6189581900087493,4
50.184375476009144,-22.416312574949053,0.39926132732653574,-0.2730059931691189,-0.028332619352406847,0.019634689468311345,-1.7447075262933394,4
50.201053566895155,-23.671138404621658,0.3779442640224664,-0.3052561342120157,-0.04843865063860202,0.008923628889521314,-1.8580694679955672,4
50.217731657781165,-24.550111009745528,0.24328452172429404,-0.34332960027662107,-0.02971402718566699,-0.010145571177149692,-2.1059622093648276,4
50.234409748667176,-25.136068302725313,0.33201911169439047,-0.33224997661440625,-0.02283211492486974,-0.011094689266372486,-2.397901351530253,4
50.251087839553186,-25.397212455994886,0.15261011392894552,-0.5482179265298459,-0.0262533012551771,-0.05649383816486735,-2.7846977494065555,4
50.267765930439204,-25.36732091903661,-0.13026746957967372,-0.8705573348026734,-0.0007558622039399249,-0.11871478713900337,-3.254975267677227,4
50.284444021325214,-25.143657996145468,-0.5196579777356121,-1.2189394926020665,0.018675663455143217,-0.14838659284622602,-3.705385415183865,4
50.301122112211225,-19.457436618390062,-11.722369655023638,-13.777542704621887,1.1751376849852881,-1.811135409305289,-5.19176635390757,3
50.317800203097235,-19.450584533805106,-11.044722186649594,-13.249777766909387,1.1213377935478934,-1.8372282568438205,-5.741311805831717,3
50.334478293983246,-18.929052610370935,-10.800270885872784,-12.834999753752335,1.1019741340437106,-1.829297825140112,-6.38497873228078,3
50.351156384869256,-18.439762999734754,-10.317763470959266,-12.558406871871066,1.051554029303257,-1.858186050586725,-6.944756797812752,3
50.367834475755274,-17.817163321345316,-10.195805440694683,-12.233336687723355,1.021011518551389,-1.7966534048943068,-7.474352375982477,3
50.384512566641284,-17.286501095945326,-9.69401307459689,-11.748826425525637,0.9833483165302747,-1.800820048714994,-8.07437649570831,3
50.401190657527295,-16.915884055205773,-8.860636756780861,-11.013995120655208,0.9171964940799041,-1.8488953251504698,-8.584710928486412,3
50.417868748413305,-16.369105827953366,-9.127875886766489,-11.180307571929733,0.9590274902642957,-1.8586840903305797,-9.043009277911587,3
50.434546839299315,-16.46156225363486,-8.694055113238022,-10.747498347547895,0.8732368046525042,-1.8187296528948294,-9.364958812283756,3
50.451224930185326,-16.231070315718227,-8.52536240803016,-10.642891814818569,0.8828852934923674,-1.8274882405244801,-9.676217303486542,3
50.46790302107134,-16.445364647407512,-8.308128042270738,-10.296549295105896,0.8586605467145761,-1.8437746042340581,-9.93383571117668,3
50.484581111957354,-16.567378054261034,-8.114809797042792,-10.275931462562914,0.8783825181043324,-1.8461831326110383,-10.166868171687463,3
50.501259202843364,-16.653619781672667,-8.010384044569124,-10.156556095141212,0.8440618117824775,-1.7937964524730885,-10.315689077064649,3
50.517937293729375,-17.08028042626393,-7.91343541853477,-9.938127102962799,0.832765838445703,-1.8424549509730135,-10.47753840373684,3
50.534615384615385,-17.42458600209738,-7.884464251467331,-9.91019115787887,0.8601947258694712,-1.8430788110900407,-10.53087467131722,3
50.551293475501396,-17.95624931109914,-8.042791285237186,-10.101560514987646,0.8369114124779146,-1.8365265351429445,-10.515163814298752,3
50.56797156638741,-18.567291105625046,-8.078518837314457,-10.087183738004889,0.8646921707338785,-1.832087348160494,-10.513822408216548,3
50.584649657273424,-19.139583498906532,-8.173359613326491,-10.436859898456673,0.8608423923066121,-1.8621664967988734,-10.42736755550205,3
50.601327748159434,-20.057882449848552,-8.075400923817439,-10.200895456243307,0.8800907680721759,-1.8993776919466845,-10.341375669041701,3
50.618005839045445,-21.011292643984117,-8.022773914174167,-10.18170509542419,0.8542540917731367,-1.9042887410034266,-10.229142440409627,3
50.634683929931455,-21.543468504237484,-8.375456649911955,-10.644142962596401,0.8976315991809265,-1.9085495103749628,-10.053339290688063,3
50.651362020817466,-22.47379675475936,-8.365783744934513,-10.552808212452739,0.8993647923175663,-1.8381906557103773,-9.853913245165042,3
50.66804011170348,-23.583156920279105,-8.377035036872762,-10.750700251932166,0.8895577172640935,-1.90187938139455,-9.60427063419547,3
50.684718202589494,-24.46681378327068,-9.061272396956149,-11.34096460287438,0.9532119469197537,-1.9037964065326212,-9.349275140278035,3
50.701396293475504,-25.678427341963722,-9.339583342840358,-11.68979058638188,0.9924031962070465,-1.910580477426285,-9.025111466536085,3
50.718074384361515,-26.77385590842138,-9.669941269131892,-12.183010987444563,0.9779195246847487,-1.9201403029560762,-8.656557214893603,3
50.734752475247525,-28.310153866008527,-9.697699257632502,-12.26099476990146,0.9811004556415444,-1.9216771317975028,-8.25113000448095,3
50.751430566133536,-29.36995621899849,-10.22515416558217,-12.821189740062573,1.0504873547427191,-1.9314737963903381,-7.8544268499680765,3
50.76810865701955,-30.651127747270692,-10.44763000611468,-13.104426921554676,1.092644921379886,-1.9303703236356062,-7.45612269557847,3
50.784786747905564,-31.801850529048576,-10.734278442880246,-13.335374793138207,1.1087384960351703,-1.9418092788278365,-7.101300571483229,3
50.801464838791574,-32.883603724142,-11.171731662792357,-13.780645813460179,1.1756799853395243,-1.9203830915427478,-6.713441884482858,3
50.818142929677585,-33.66116993085158,-11.296242180774527,-13.85364285446867,1.154896814620026,-1.8569540928821868,-6.3283832061908925,3
50.834821020563595,-33.87526385044124,-11.708213708307044,-14.43378705541651,1.216456528741751,-1.9410246285931274,-6.1502488759847616,3
50.851499111449606,-34.28146754933686,-11.856275609682404,-14.545395966791894,1.207583116075456,-1.9318514810816365,-5.9630920612536205,3
50.86817720233562,-34.39734045674517,-12.262342287607396,-14.842053209941097,1.2707182634148868,-1.895855319292814,-5.799423047112897,3
50.884855293221634,-34.748630140990535,-12.025141665740612,-14.639289504379477,1.2466468622007467,-1.964700563017969,-5.611198755932457,3
50.901533384107644,-34.85464339674865,-12.23349290632937,-14.768239275018775,1.2583616081486104,-1.9112362373168414,-5.435237744786165,3
50.918211474993655,-34.99278886459868,-12.278005784701818,-14.705333538083755,1.2181081723407605,-1.8710623871427663,-5.197745283031277,3
50.934889565879665,-35.179738059820465,-12.648877543142145,-15.251273096794185,1.2565854592107273,-1.9049489359594824,-4.96419543300518,3
50.95156765676568,-35.77015199822799,-13.113284191366242,-15.715509595430204,1.3479278523639608,-1.9042080113372228,-4.6182023811575235,3
50.96824574765169,-36.90945811343945,-13.275007009934162,-15.862003754663869,1.3045579639419582,-1.9026731371458152,-4.142224101052337,3
50.9849238385377,-43.75823463904179,-1.5920518236667451,-2.599400309743313,0.15091928401275106,-0.11967271854737922,-2.73853161427839,4
51.001601929423714,-45.454544606545376,-1.189422418636541,-2.2862077124784523,0.10957933825164713,-0.0775487834933682,-2.242172302320662,4
51.018280020309724,-47.37912775238849,-0.6385347018632466,-1.7660295173289704,0.12562087763677407,-0.06633882210922731,-1.7406176501451753,4
51.034958111195735,-49.38293886366976,-0.022976446704809916,-1.039073729067523,0.028260769349495746,0.007084305667145759,-1.1850335155166987,4
51.05163620208175,-50.83425817200699,-0.3979591981556947,-1.3738435668076434,0.1076887197269244,-0.006324620377063769,-0.796527628081265,4
51.06831429296776,-52.56360410567988,-0.2925427718104938,-1.274435940717808,0.0813995105495883,0.007648550914167514,-0.35742823814010855,4
51.08499238385377,-53.54900887484597,-0.4253537074758924,-1.6255744426161804,0.08991976481601387,0.03991512629912222,-0.05458419215342867,4
51.101670474739784,-54.73225528675681,-0.16746097238681124,-1.4181976131081662,0.08744562494474609,0.012219708508983568,0.21745847224995493,4
51.118348565625794,-55.524578672072174,-0.39677869777865027,-1.5246478481032,0.09098980474082509,0.022639190858621688,0.4579955323755551,4
51.135026656511805,-56.05723350546075,-0.6175558812984328,-1.8458766573393142,0.14872609536303485,-0.007825469991577861,0.6297271704499758,4
51.15170474739782,-56.630422623892414,-0.5548968151990383,-1.6986446978251841,0.12124718623800682,0.008771117028576822,0.815603122925234,4
51.16838283828383,-56.9962572353044,-0.5463990654134836,-1.802652693247495,0.10393468560081888,0.000891775313875448,0.9390224467051942,4
51.18506092916984,-57.16553699735316,-0.5111708579376728,-1.7263223076025191,0.13649013146370154,0.02818728335256973,1.0350506072463541,4
51.201739020055854,-57.310890401426235,-0.4186750334412359,-1.6586490320080216,0.1159036125204337,0.029544803966955156,1.0798881681751777,4
51.218417110941864,-57.27531043215519,-0.38444914731667623,-1.6611802603023094,0.10797010765020952,-0.020015557274985076,1.1333868972255443,4
51.235095201827875,-57.023361968352525,-0.5081526517228347,-1.80920970047098,0.1340615753832187,-0.0018574434753809877,1.1687310102904944,4
51.25177329271389,-56.629964469784646,-0.5657104964399498,-1.851114436884064,0.11696747841300834,0.01057105059790789,1.2128009915490046,4
51.2684513835999,-56.12058581867214,-0.4238241189698506,-1.7843140133356954,0.12178239108005044,-0.006382870243151367,1.1692004925484119,4
51.28512947448591,-55.47799806828246,-0.5161250900642607,-1.796256863277037,0.1105575228538837,-0.015740863787805186,1.1354666618355742,4
51.301807565371924,-54.822424250788025,-0.4155542178139324,-1.717136110295284,0.1102787937433385,-0.0179874545018136,1.1024113884279383,4
51.318485656257934,-54.042760907776426,-0.6741827512303882,-1.9619558298645323,0.0959134014644946,0.0031467090863188966,1.0774969971595634,4
51.335163747143945,-53.56490061485838,-0.5135093853003507,-1.7905661916668532,0.10725495362383826,-0.017210212410162865,1.0147938666067846,4
51.35184183802996,-53.43413364467367,-0.38631077134304626,-1.708351720380465,0.10633017751676054,0.008715767633584668,1.0445116497418747,4
51.36851992891597,-53.490917528499956,-0.2533711464901014,-1.6662271666183681,0.08235881857384847,0.059524489662224345,1.1239210249257972,4
51.38519801980198,-53.3763858495712,-0.38922512234622,-1.7925368865077704,0.0989967131176286,0.03747148972253444,1.1704029104607614,4
51.401876110687994,-53.42076131674512,-0.41480630370318394,-1.7133919292293793,0.07488654173647905,0.022817837698932315,1.2322613474501485,4
51.418554201574004,-53.530302159159504,-0.7431512316473938,-1.954222296174768,0.11178624808291497,0.059162321561785906,1.3249848316485737,4
51.435232292460014,-54.00282441226518,-0.6435021466345088,-1.9110851610069055,0.11531244537422082,0.03439598584194321,1.4364933096618282,4
51.45191038334603,-54.592049095534634,-0.635221726950121,-1.8916129768006957,0.10309820210449731,0.002130607872172786,1.5275110728976549,4
51.46858847423204,-55.1806528880513,-0.5267238564920316,-1.8210101173064164,0.12716833136510527,0.034246544331462105,1.6687070712181777,4
51.48526656511805,-55.78222016182764,-0.656723533521502,-1.976757129757079,0.12791750473172733,0.0007230742392235562,1.7693623931632065,4
51.50194465600406,-56.525972458718634,-0.7658243322654492,-2.107988314868024,0.15115871423510893,0.0014015007894494827,1.8862478322412064,4
51.518622746890074,-57.494167802579646,-0.6330949210890093,-2.0518797421344424,0.13477495539956133,0.04339913464186914,2.0621464609343865,4
51.535300837776084,-58.45123952169848,-0.8518455218315477,-2.2794187536472954,0.15528013860683892,0.011570971305991546,2.20132470559743,4
51.5519789286621,-59.744124353660695,-0.8946505086632541,-2.315499198187716,0.1725556732352464,0.035904946382845616,2.4014230937725345,4
51.56865701954811,-61.32047824519494,-0.9040359768012571,-2.346690718729217,0.1469041092974112,0.03566862812675872,2.5586109450840295,4
51.58533511043412,-62.965283602894615,-0.831377087553065,-2.3275883926113075,0.16467675654896505,0.021399145125476925,2.7302099818745886,4
51.60201320132013,-64.6333868356656,-0.9459408625978689,-2.535383946733475,0.17281471377840538,0.06046059599051841,2.925543325361016,4
51.618691292206144,-66.35579774601028,-1.0626720479400191,-2.53840886989164,0.21621188939888084,0.050535910206627996,3.0773029156583998,4
51.63536938309216,-68.2318983282192,-0.7584616970853766,-2.356379637797165,0.16844736017246525,0.0603434584242723,3.257589148456263,4
51.65204747397817,-69.89950609190916,-1.1182945130230628,-2.718777371607498,0.19420512685572994,0.06033121465911907,3.3865422415817785,4
51.66872556486418,-71.61194388302067,-1.1932754890269486,-2.800142531319228,0.1863119735615036,0.04496696380665741,3.5119310692041696,4
51.68540365575019,-72.94761092564045,-1.1142554976591192,-2.6744828473796822,0.2130896354067419,0.06254444521235447,3.56432883225122,4
51.7020817466362,-73.90736988224845,-1.1757329288949343,-2.841579417041512,0.17910250855631304,0.053425227315622804,3.627760145259948,4
51.718759837522214,-74.74314299197894,-1.0913824116185147,-2.75820398064851,0.21131837444720658,0.08726005271475515,3.6819161022077243,4
51.73543792840823,-75.30249987650738,-1.162433166367876,-2.848490951883896,0.19096124587495603,0.0362414548820334,3.6740392551931014,4
51.75211601929424,-75.76038685078575,-1.1758270608087287,-2.7814833056398705,0.19685889681763638,0.07392370394929465,3.711408848274287,4
51.76879411018025,-75.81483600345113,-1.2484590027967712,-2.968669909841651,0.21520735099646007,0.08376061799133873,3.716874695366398,4
51.78547220106626,-75.91894465948681,-1.1886371984008122,-2.872448130748534,0.19250670281928348,0.06217961398032747,3.6918011246017506,4
51.80215029195227,-76.00266249838165,-1.0403730994491411,-2.7265604213555825,0.18419383504510134,0.06032899521343368,3.650102052693769,4
51.818828382838284,-75.58263581679337,-1.3484229171990911,-2.9739219526213994,0.2265618825565821,0.05419642264688456,3.6039572118312693,4
51.8355064737243,-75.16165001105753,-1.1874897734478829,-2.8228986592320915,0.208117785045221,0.03566492599704333,3.5222559680733454,4
51.85218456461031,-74.52202179427198,-1.0427917283326025,-2.7875671123299313,0.17886617068476898,0.058106634052322026,3.4601167272964877,4
51.86886265549632,-73.51361134313039,-1.3561286082818178,-2.9689713802094353,0.20768616770847917,0.04954435501066563,3.3656609543355147,4
51.88554074638233,-72.74765102378186,-1.077027959057034,-2.6994226276851343,0.181255255569438,0.05416186621344758,3.253370228894059,4
51.90221883726834,-71.70107960130666,-1.1276821599483569,-2.6822522944106453,0.1914314779340285,0.04513104366629284,3.1432889054285162,4
51.91889692815435,-70.79108869630268,-1.0894164313319017,-2.60328103339571,0.1896317684894018,0.030881130947360322,3.0115304116726,4
51.93557501904037,-69.74453821563725,-1.1978240595816452,-2.6473508326672324,0.18547845572979896,0.003293170656186706,2.8637023355864617,4
51.95225310992638,-68.90162527189003,-0.9699284617488786,-2.428770161344076,0.15829135898117075,0.04202249686351928,2.7497161759036843,4
51.96893120081239,-67.89112950279751,-1.0754829635217824,-2.4491975504750165,0.14937928131188052,0.04770917129076829,2.6206267431539896,4
51.9856092916984,-67.0166513458142,-0.9728516116335122,-2.2802373944986165,0.15075022807288269,0.01998348036353794,2.4311443225388354,4
52.00228738258441,-65.98604781773653,-0.8782085391585852,-2.37792012238479,0.13540604345050977,0.04178133540887611,2.225277576234635,4
52.01896547347042,-64.60448937817213,-0.7785087317642159,-2.3548157335766575,0.16008052909305787,0.02134165725329693,1.988103911756833,4
52.03564356435644,-62.82077635325925,-0.9649748550153703,-2.4537666228414565,0.15048847155574854,0.028917503264986745,1.7118191229622894,4
52.05232165524245,-61.09408910064866,-0.748321212718249,-2.1425375065993215,0.13379407918028072,0.01225717191227408,1.3627033760504563,4
52.06899974612846,-58.95115282909272,-0.6245213383162636,-1.953963036696937,0.11277952838821498,0.019042812876776945,0.9685998960172645,4
52.08567783701447,-56.56476049376971,-0.5718085291717987,-1.8000586859702103,0.12016916346983023,-0.0166125892561644,0.4763431898670985,4
52.10235592790048,-54.00465444061866,-0.39471466041699976,-1.6638083935498553,0.10038246289141403,-0.025761409078507175,-0.03768103258619641,4
52.11903401878649,-51.2360284295893,-0.2858136663369901,-1.4196045162080981,0.08537655590772615,-0.029802640886632557,-0.6401324924462405,4
52.13571210967251,-48.47828583366528,-0.5678054420487513,-1.5625266925778512,0.05935737938159607,-0.01783779288368165,-1.2969206699196187,4
52.15239020055852,-45.77704651428569,-0.7412567993148613,-1.7699041386595376,0.06962805254367053,-0.08540659788431632,-1.9341708929101922,4
52.16906829144453,-43.04351735939683,-1.1595462508582735,-2.143777733552904,0.11959369785107797,-0.18517103921897407,-2.656137483022418,4
52.18574638233054,-35.173308552621876,-13.149593900049267,-15.713906930849948,1.3137899028153095,-1.8910384447197193,-4.26207066961055,3
52.20242447321655,-33.968003397807784,-12.743326985561824,-15.298536541195292,1.2912575851245098,-1.9623400255134216,-4.759198794823078,3
52.21910256410256,-33.36083404252439,-12.328335454407453,-14.832853873938621,1.2663787654079368,-1.9134748459771802,-5.064273069245761,3
52.23578065498858,-33.03644310122728,-12.101643250380725,-14.57728568279326,1.2288348963255815,-1.9092024633108962,-5.243996951563391,3
52.25245874587459,-32.75770554159708,-12.21955103309253,-14.648613265979893,1.2256455461021059,-1.8860553221805547,-5.3950916738302395,3
52.2691368367606,-32.703143617126166,-12.292514340075822,-14.729244317444858,1.2718496897301708,-1.9023719731611841,-5.511691584788569,3
52.28581492764661,-32.89630947134787,-11.899382496483444,-14.41105287747826,1.213722697215391,-1.9197290479485933,-5.517284664469215,3
52.30249301853262,-32.791373273659524,-12.006918105173733,-14.464038858063232,1.2130154185011464,-1.9287820093332921,-5.555589500612846,3
52.31917110941864,-32.869559112007146,-12.03550483396329,-14.494070909512944,1.2253165394169063,-1.9279325248396848,-5.563843194677695,3
52.33584920030465,-32.83558330043403,-11.964554353353256,-14.470302655131118,1.1954042363817563,-1.8993595821552973,-5.555058319195038,3
52.35252729119066,-32.89424123933827,-11.847889055886565,-14.372120480182488,1.1922159148683162,-1.8888930488354423,-5.5614482713728846,3
52.36920538207667,-32.845706843518194,-11.790206873529932,-14.308012044813994,1.2126027498670862,-1.9080608654931883,-5.578998538234102,3
52.38588347296268,-32.60957728413538,-11.87743676144628,-14.500351313207394,1.2326917280539278,-1.962773635226669,-5.595740355146305,3
52.40256156384869,-31.974647134349567,-12.13967968486948,-14.602509791824069,1.2226127039831147,-1.9303302157246394,-5.702848884672302,3
52.41923965473471,-31.318254935460295,-11.670955954226576,-14.142925358928656,1.19513072623671,-1.920592552101035,-5.838069367486327,3
52.43591774562072,-30.294209653222605,-11.891767882648676,-14.476803947666612,1.199688402488267,-1.9513479110557297,-6.022243150882524,3
52.45259583650673,-29.645697383834186,-11.350279308870169,-13.86048259916026,1.1621414382991884,-1.9034666381262975,-6.139256244937168,3
52.46927392739274,-28.636851592105383,-11.2383177268607,-13.6501694266764,1.1792723967314398,-1.8900387080930086,-6.306678795934671,3
52.48595201827875,-27.559228581189537,-10.946355179526535,-13.373799499160299,1.1107403021289257,-1.9025939963398126,-6.472822458830155,3
52.50263010916476,-26.130820895507412,-11.053311004491208,-13.381703694123809,1.1087964600587952,-1.865920007712865,-6.706266136826999,3
52.51930820005078,-24.87189274906101,-10.951948637793748,-13.163411260525628,1.0972564875732402,-1.918205421995907,-6.95573495112044,3
52.53598629093679,-23.45467264572727,-10.501997846722617,-12.665321401142425,1.0756391194669592,-1.8545834480503376,-7.136707999920954,3
52.5526643818228,-21.90383962798461,-10.424904150374587,-12.502930424592035,1.050896779388902,-1.8950061270121996,-7.413182562932286,3
52.56934247270881,-20.22445015675599,-9.99272258269376,-12.06395837594081,1.0425853471106532,-1.8910684596282796,-7.673735712104328,3
52.58602056359482,-18.33754817460655,-9.601435813111705,-11.665156486026104,0.9787438669070542,-1.8678205968210662,-7.918800064758141,3
52.60269865448083,-16.24488785897297,-9.680999313672634,-11.706396156664212,1.027753214320063,-1.8489907569268296,-8.236781269944895,3
52.61937674536685,-14.112882580975583,-9.534256841762742,-11.552707279159586,0.9933194863322994,-1.8545279896550668,-8.52385069680549,3
52.63605483625286,-11.840980056083447,-9.546928955228644,-11.597406756067283,0.9784370711544508,-1.8787803514246009,-8.825591496581566,3
52.65273292713887,-9.615237605940912,-8.907454027889475,-10.822187722739008,0.895425290839601,-1.8735226839204258,-9.13177458811821,3
52.66941101802488,-7.049815130778543,-8.685470259574492,-10.556124677493468,0.8897667419246791,-1.8588764958626893,-9.446664212852573,3
52.68608910891089,-4.5743204024692465,-8.339379515370418,-10.00905517960814,0.8682073755257029,-1.8244678493283657,-9.795479014557587,3
52.7027671997969,-1.8820747363119787,-8.017124567931619,-9.611740025437353,0.8092220147885671,-1.806227541350097,-10.121664870559233,3
52.71944529068292,1.046688449493515,-7.799645348426775,-9.53806615134843,0.7807280865579082,-1.8264625896346216,-10.486075556593995,3
52.73612338156893,3.777816124887648,-7.52701949264265,-9.04234152446345,0.7568314835232283,-1.794072921067107,-10.802727229700425,3
52.75280147245494,6.684059465276766,-7.384413363128797,-8.759698561744434,0.7214845789918378,-1.750292424581819,-11.099748063693033,3
52.76947956334095,9.092344284119962,-6.832572901205368,-8.091914523408919,0.7081387912471369,-1.7930727714613408,-11.42374446833655,3
52.78615765422696,11.602846053594181,-6.6453987402885915,-7.912655908364496,0.6826177773584875,-1.7712434455695645,-11.555148010196133,3
52.80283574511297,13.646329804940287,-6.500160658831407,-7.748444662879541,0.654828605733532,-1.8121837874717572,-11.570013517264243,3
52.81951383599899,15.879460324834692,-6.802066743864068,-7.873788725988688,0.6502888296870734,-1.7664037851253733,-11.55221683315049,3
52.836191926885,17.676271420186893,-7.077893555979164,-8.276474064146944,0.7029787122395748,-1.8156611853415232,-11.436136227484658,3
52.85287001777101,18.92980028785881,-7.059589821819769,-8.212927885467778,0.7002372092284643,-1.779039574731296,-11.201018059750908,3
52.86954810865702,20.29127951532028,-7.366312222603476,-8.408715221285362,0.7066284511192363,-1.7666152636197876,-10.868531521270947,3
52.88622619954303,21.109095487379122,-7.233785442999814,-8.280091895205647,0.665588528565611,-1.7682839912349342,-10.527761393632469,3
52.90290429042904,22.189382327063072,-7.4270311397631765,-8.432952942700243,0.6974359948091496,-1.7632758378139275,-10.169886253704162,3
52.91958238131506,23.526898409054837,-8.065695622118174,-8.945813323075107,0.7428998553824506,-1.7584887824846058,-9.809806168653628,3
52.93626047220107,24.476270142648524,-7.988541591366038,-8.890802652592967,0.7691122157619926,-1.7461752887419846,-9.431241886587095,3
52.95293856308708,25.612039368913106,-8.06472874511112,-8.996561911838274,0.7660572382047829,-1.77134875580746,-9.047881991394869,3
52.96961665397309,27.25001001372693,-8.778857556358068,-9.633716864438302,0.8493721244524766,-1.8181579827541634,-8.724122747760028,3
52.9862947448591,28.6380311610561,-8.762891097485257,-9.625123501751538,0.8153735382987615,-1.7143890656660374,-8.278005805389979,3
53.00297283574512,25.026601536428018,0.3853355548441604,0.8833958550746619,-0.1444468106691309,-0.1758544068201738,-6.957661227811713,4
53.01965092663113,26.119201043263224,0.5995890107889883,1.1524988877988074,-0.1624182959283312,-0.09646678413295426,-6.511797611330548,4
53.03632901751714,27.37255749293274,0.723986685082803,1.3046209179578163,-0.205159058662259,-0.038257019114733726,-6.084461931193109,4
53.05300710840315,28.45437180604095,0.6745368528257538,1.3249082797648226,-0.17776479703982642,-0.033613907719138254,-5.621547901943678,4
53.06968519928916,29.42456304558155,0.43770772886529485,1.0237551999243966,-0.15386760724942464,-0.03750698809518865,-5.060689506014091,4
53.08636329017517,29.882923145145433,0.5975336509404041,1.1753530574953093,-0.1489236519466222,-0.06499402964899799,-4.465786165433751,4
53.10304138106119,30.371912148222098,0.5119851077234046,1.1408887649300894,-0.16629545246133784,-0.0561122249795121,-3.7753572303306733,4
53.1197194719472,30.6161610913583,0.5125628044422719,1.1678332816122907,-0.13748133786495267,-0.06964968530287402,-3.094995509590459,4
53.13639756283321,30.89342704173199,0.40353389133904827,1.0339473671330701,-0.14001531153961277,-0.05386331957349743,-2.4087665301156593,4
53.15307565371922,31.094499732278432,0.06503651485432194,0.687967798573311,-0.10869603930684137,-0.020707494202809863,-1.7496295228102368,4
53.16975374460523,31.234550005832947,-0.1409292580092405,0.5254900059608616,-0.0676666928817839,-0.00941648818614287,-1.1518996227434195,4
53.18643183549124,31.356442635552813,-0.3716906761330101,0.32981564876574687,-0.04441587270506428,-0.03650526287147377,-0.5796344343091574,4
53.20310992637726,31.26377494480388,-0.16637110576324865,0.5487702467964173,-0.07578233044819196,-0.01813646361210902,-0.0667105898842217,4
53.21978801726327,31.520999991349473,-0.5296758136804378,0.2527630010608952,-0.058578189804309296,-0.013767107394380938,0.42411286482790433,4
53.23646610814928,31.490325590047675,-0.44856284554142256,0.3431865405625718,-0.06042659067048035,0.016193781958353706,0.8954107750380393,4
53.25314419903529,31.60157626188662,-0.5738032492595515,0.22106143497093989,0.0009446525763671983,-0.010507432429666225,1.2897646574328,4
53.2698222899213,31.66100574755709,-0.7581929558411673,-0.018808153902512004,-0.002005015198308838,0.00449577421144936,1.693359709210883,4
53.28650038080731,31.661971796576573,-0.7229306832705404,0.05566239323400346,0.015713994374260576,-0.008423826747029394,2.0662606460317736,4
53.30317847169333,31.500927398797046,-0.5737726104938581,0.20344206117378327,0.004611429916973313,-0.007795446637052663,2.395771752535387,4
53.31985656257934,31.808828917649826,-0.6956015855829119,-0.004083652909667279,0.011796657267400992,-0.03905872876770155,2.6446409278653213,4
53.33653465346535,32.24175486022449,-0.747844206900016,0.01242998264598505,0.031874941566352365,-0.021945728857214533,2.8313772184162573,4
53.35321274435136,32.96131845328619,-0.6638642160203929,0.02909912313407048,0.0305429052087976,-0.0004469316601169135,3.018159752259557,4
53.36989083523737,33.8018243461073,-0.561030785963684,0.13748727044452913,-0.011037099948102517,-0.014925052215133953,3.206108072688317,4
53.38656892612338,35.1426831635366,-0.7132721888940097,0.011059850427155737,-0.017775199112024243,0.029852293677670925,3.328781282882419,4
53.4032470170094,36.38154712631412,-0.61554848662335,0.13484080001151888,-0.025634763480140273,0.023587695025671915,3.4205312286102028,4
53.41992510789541,37.97148321055001,-0.8890039675160963,-0.11427890250647543,0.015553046434012697,0.00990894067130239,3.481989548521763,4
53.43660319878142,39.52998693488762,-1.0399647143481818,-0.14867802806237052,0.048550186074359285,-0.012625994001556267,3.556549872984437,4
53.45328128966743,40.71837698630473,-0.9217592790990263,-0.08743882093532918,0.01235458222513458,-0.0048507695801920814,3.638320547068183,4
53.46995938055344,41.81060192871776,-0.7555432160123399,0.030871377659829946,-0.005504081150062288,0.015677505605854673,3.703211288054863,4
53.48663747143945,42.58329131936986,-0.6303691111626843,0.14693256583616332,0.01333138863300392,0.02122238849292515,3.7601962112884193,4
53.50331556232547,43.58191841188778,-0.8767156992070113,-0.1679640843713841,0.030124026141433308,0.0076331807828204055,3.82849178168877,4
53.51999365321148,44.216049252585464,-0.8247684738658432,-0.09650626906269721,0.02689373252441386,0.00567808240051445,3.901804292116862,4
53.53667174409749,45.10538590611028,-1.046898827870848,-0.19415063649752717,0.04212177898388323,-0.0011084623316820529,3.9600666789579533,4
53.5533498349835,45.53274748901737,-0.7589397879670443,0.11719344796765796,-0.017397697985786973,0.019111970488501332,4.054687077733064,4
53.57002792586951,46.313316466614204,-0.8379278917435204,0.08828839395160237,-0.0010933799493926515,0.03307285907825129,4.110162164503215,4
53.58670601675552,47.37021872341421,-1.034581530206239,-0.07890718226293458,0.008121464662609015,0.019915296954194917,4.173732820959612,4
53.60338410764154,48.45754725411075,-0.9252861670304746,-0.008164825679465082,0.030464947372605654,0.013684549110395489,4.182490104194677,4
53.62006219852755,49.723319375857585,-1.0317084856374326,-0.11045650056379941,0.019127914434616998,-0.017295647910842486,4.184998689416291,4
53.63674028941356,50.86695341651988,-0.9305404264332768,0.09687982992111799,0.0067630878789583185,-0.022641989893271774,4.167601786761042,4
53.65341838029957,52.358283037702165,-1.2209101648220795,-0.12357596317173147,0.02202019688436932,0.04091012454791862,4.17604549605272,4
53.67009647118558,53.383770725008375,-1.0155038617038645,-0.04302980009703106,-0.009907851190536509,0.025900519376430904,4.188693397029114,4
53.6867745620716,53.97825856299469,-0.7714937877861523,0.21300368576809348,0.005496687804265177,0.021012501117639273,4.192791551596162,4
53.70345265295761,54.66847273720476,-0.8212739179363275,0.12361233471608912,0.008226447275385018,-0.0010902497462396464,4.1868631261413265,4
53.72013074384362,54.89245039769446,-0.5992394774074778,0.3859626025090179,0.016741679660892683,-0.021759620295956336,4.212100140239628,4
53.73680883472963,55.472193370860175,-0.9944422993666286,0.010764309838869224,0.047087062671355547,0.0006152190270606459,4.2186189261551945,4
53.75348692561564,55.66649024296572,-1.0091267127430257,0.02200295844668787,0.02014317611480562,0.006599930306674393,4.2235274149658055,4
53.77016501650165,55.672898670492046,-0.9627321529916344,0.04509951686499747,0.014720908747641245,0.014092548300894122,4.235090584904692,4
53.78684310738767,55.753642531570975,-1.0253147074102031,-0.008051334498375695,0.004676503535135025,0.026245815341154423,4.248722934027525,4
53.80352119827368,55.535108786004685,-0.905269046625266,0.1723900866913084,-0.004219045818115621,0.013977391570830186,4.238796063399995,4
53.82019928915969,55.48381276856127,-0.8555574186003447,0.10640595482543702,0.005952729706119387,0.03514089946818032,4.252716451880456,4
53.8368773800457,55.534415387115786,-0.9980959995574068,-0.02450304698439254,0.018614731242726088,0.05904900472265027,4.279247673447433,4
53.85355547093171,55.362420319854266,-1.0457228776981555,-0.014927837402765931,0.006215492030845964,0.057796117031934977,4.269116141073199,4
53.87023356181772,55.05275353111933,-0.8166760213660513,0.15078044919095746,-0.0045939431669024975,0.018073253903226803,4.239833625323178,4
53.88691165270374,55.008645342587556,-0.8529978814016417,0.05694506984599812,0.010089827392351106,0.027158649446733366,4.231178854395766,4
53.90358974358975,54.80746920727122,-0.7307520858266177,0.2536976647455944,-0.002264053283133004,0.030065328439863506,4.22961461137895,4
53.92026783447576,54.66851407979273,-0.6916164382005903,0.2735395134470835,-0.006653836867103796,0.028971404373573144,4.2616793638175,4
53.93694592536177,54.64976525150666,-0.7548869492410972,0.22180263013484947,-0.006585760468313169,0.02158420968362819,4.268328947280853,4
53.95362401624778,54.30802070295716,-0.7620279723754511,0.24903906468436432,0.019138703255922696,0.0445921233747512,4.255091846289435,4
53.97030210713379,53.989289326561135,-0.815946228961618,0.23142325440012002,-0.0015241241776588756,0.02984321029627736,4.25837169697888,4
53.98698019801981,53.703639013379735,-0.9020488426585036,0.032412950577086264,0.011022244655364595,0.028031601685246717,4.260319601364685,4
54.00365828890582,53.08389455587826,-0.7640687024214401,0.15933396203464767,-0.01108775714118274,0.05824241186768812,4.283147185603129,4
54.02033637979183,52.59441082350032,-0.9881603683541798,-0.010396496796857946,0.02644468275401706,0.03966768485267757,4.242346943282489,4
54.03701447067784,51.90878443651739,-0.9677947521343739,-0.03952985837872092,0.030031737142953267,0.059365326768561995,4.266521369638317,4
54.05369256156385,51.074158560237485,-0.7984011484288907,0.04320049810079851,0.020345362638331442,0.03359231000073171,4.25166054445531,4
54.07037065244986,50.45800458502334,-0.8713931091512439,-0.10145961860695074,0.024392616737155523,0.025485280121826954,4.23642748280258,4
54.08704874333588,49.7242222054018,-0.89825053209222,-0.054972507413465266,0.03788359210146243,0.016221114700718162,4.230004407869939,4
54.10372683422189,48.917085729035165,-0.630760975764094,0.09370363972489137,0.002926725299335031,0.013170762186320437,4.249262603914106,4
54.1204049251079,48.52853834843421,-0.9284785043029284,-0.11911456646113372,0.04809445144230725,0.05289853899707445,4.236546188731509,4
54.13708301599391,48.133058653530775,-0.8720431624400646,-0.012648200043953395,-0.006820025441832669,0.025586748613269917,4.245884529543884,4
54.15376110687992,48.110967809858955,-0.9009985112748744,-0.09103908899143143,-0.0039049088672134043,0.025745085234131024,4.27778518318316,4
54.17043919776593,48.05347507813639,-0.817886371628628,0.011992407736720168,-0.009367707090597442,0.043463710762139424,4.285712808412454,4
54.18711728865195,48.176551143713866,-0.9979214346905749,-0.180991548790983,0.003976692612219056,0.0220310885024729,4.271003788723555,4
54.20379537953796,48.0014406577633,-0.6392510390041011,0.26573840293946915,-0.010748288884026102,0.010247956839091153,4.261511440559253,4
54.22047347042397,48.43825437909306,-0.8506686858438588,0.039834299340018475,0.005983871755456542,-0.0018867238958845862,4.236791808406124,4
54.23715156130998,48.80403227427409,-0.7295740535350639,0.07203053191783582,0.01965841092557025,-0.0005286605025060058,4.2276391649785525,4
54.25382965219599,49.26166877426519,-0.8006142838546371,0.08670489977609108,-0.00900879399461175,-0.004237218530846185,4.193277494137139,4
54.270507743082,50.092200765607814,-0.8698631991008181,-0.058345532468758066,0.024216036035166734,0.010290218001250807,4.1607724385963705,4
54.28718583396802,50.7858570139295,-0.9430468205799016,-0.06790278936311189,-0.013325289155636216,0.015545356964592725,4.1463640107912525,4
54.30386392485403,51.448554626706695,-0.8541903533596891,0.18434914000624048,-0.007307884513779516,-0.016656458682855698,4.077378264311033,4
54.32054201574004,52.326921036167036,-0.8909967120112938,0.2274321003756512,-0.006825523460171867,-0.01853138965356816,3.9648425565306913,4
54.33722010662605,53.26433962099525,-1.090713025913221,0.142672316802674,-0.04042153920331492,0.001208513718208018,3.8079787726269507,4
54.35389819751206,54.42353427882012,-1.248263744913535,-0.0473409716582438,-0.005955409593464936,0.004324216758268998,3.6614196976728137,4
54.37057628839808,54.93637505740237,-0.8867128098555987,0.3146329486335908,-0.015457612930521123,-0.02389664378365027,3.486290175765489,4
54.38725437928409,55.58565691472988,-0.8221620524010405,0.3102364616656743,-0.032178821955068,-0.023338834312827756,3.295798478057874,4
54.4039324701701,56.58309015283744,-1.0136285341289568,0.16063163988206952,-0.005387709779759365,-0.000486268989025698,3.085305286782858,4
54.42061056105611,57.31313241107903,-0.9696336189101409,0.2994556838209732,-0.02720665832920637,-0.03260890091173039,2.8484426234055307,4
54.43728865194212,57.92475943019336,-0.7951166256719802,0.45294661295225325,-0.05575297814113587,0.010507681814081411,2.6261304031887454,4
54.45396674282813,58.37595195224511,-0.48019659677089166,0.6718765603299168,-0.059231412360199895,-0.015000116831325808,2.34672577976537,4
54.47064483371415,58.750319416285485,-0.5082483048610626,0.44182695491196355,-0.031432273870744175,0.0021658596159249708,2.0855681224248133,4
54.48732292460016,58.989042286202114,-0.5643653393479653,0.3081569312455592,-0.04825303009190556,-0.00495459340844229,1.8641750736455645,4
54.50400101548617,58.75234398828181,-0.40196275748553134,0.5953902288354591,-0.057157147404927285,-0.01685207481838184,1.649984856398626,4
54.52067910637218,58.891527779694776,-0.6510143325840012,0.3543252865004547,-0.06168279676856064,0.02539790632959521,1.467267126409562,4
54.53735719725819,58.307006088037156,-0.5580731813393562,0.5062756678823099,-0.08818995328257118,-0.016381994555991736,1.290778291847845,4
54.5540352881442,57.297899876635135,-0.4507497024692455,0.5954948665286466,-0.0677412799773778,0.008131540187424853,1.148536288767543,4
54.57071337903022,56.31233549433485,-0.5018221893574228,0.5290956930446207,-0.06359449262200009,-0.0011611631554382937,1.0644676572671719,4
54.58739146991623,54.707800830744766,-0.2856784062448092,0.6420335095249179,-0.040776952429470346,0.005734759662411833,1.0137789380955262,4
54.60406956080224,53.15856127238157,-0.19530548218949484,0.748512376475972,-0.08285619885309355,0.011379185284478753,1.0188925596281304,4
54.62074765168825,51.49204361796071,-0.3147828932639989,0.625105570848536,-0.07119695518230504,-0.03479524994160671,0.9922488221911578,4
54.63742574257426,49.88398052245612,-0.4683233312508239,0.4354338172794545,-0.042088065099971005,0.02456928193328896,1.036498314203381,4
54.65410383346027,47.85089942646047,-0.17401415385185182,0.6194496719266489,-0.05393484001301274,0.007866914822028679,1.054633295937963,4
54.67078192434629,45.83759789051932,-0.2674985124168625,0.4957638651658467,-0.07464313129013038,-0.0023054081183273923,1.1044960780270998,4
54.6874600152323,44.24980177918877,-0.725663021673622,-0.024046103756479198,0.00209466642505668,0.014782585098262451,1.14351130217547,4
54.70413810611831,41.732850244921536,-0.309437036166619,0.4165271486578579,-0.05191554638443093,0.03566993244535462,1.237650289730061,4
54.72081619700432,39.62068438632371,-0.35187996869375837,0.262701210310313,-0.036456363432351216,0.010702163415443207,1.3127332228546318,4
54.73749428789033,37.45249259917808,-0.42420960140350594,0.21902874725213906,-0.02861866601315323,-0.002527801205084939,1.369627523122654,4
54.75417237877634,35.06484157044021,-0.28110661927745717,0.2746870605953333,-0.004435841250717976,0.002600273911830644,1.4401593731160895,4
54.770850469662356,32.8029526734395,-0.40829298165587247,0.12965135669150207,-0.025295601927589808,0.04417011211014455,1.5331814870032605,4
54.78752856054837,30.368198046876213,-0.18784483831274024,0.2843475693016373,-0.003987202219002585,0.008177685913680512,1.600317650506272,4
54.80420665143438,28.267496141017105,-0.3769513112956844,0.04928262136191819,0.017985967879403795,0.01645501097589888,1.6598902980925838,4
54.82088474232039,26.056769455105957,-0.4484710564067207,0.08951690382452249,0.004379996111536498,0.03335095274947324,1.7384744502693679,4
54.8375628332064,23.687018880265295,-0.4073981346728015,0.03798632116921574,0.0007133935135954866,0.016364286279691522,1.7837943776284237,4
54.85424092409241,21.437704876528535,-0.446721456598393,-0.020905376015364574,0.0232752862077806,0.029287599043801026,1.837709743222695,4
54.870919014978426,19.433612466584314,-0.661351491687868,-0.3410257374041894,0.012441134165926595,0.011269719224892139,1.8736298677719196,4
54.88759710586444,17.431117998231283,-0.6538783395716994,-0.3740531436628203,0.04470240525773509,0.040531284266256004,1.9084008656573426,4
54.90427519675045,15.425503064308831,-0.3463045160663816,-0.10821617803381756,0.014087153139098323,0.028132278099032515,1.8951898946173773,4
54.92095328763646,13.760001805507944,-0.47974890829726524,-0.3090607052816763,0.017997501861495287,0.026430590881437465,1.8658099549297882,4
54.93763137852247,12.043903348792233,-0.39391549736277875,-0.2479538221641846,0.019387350077034207,0.007794007619815253,1.8439223534411142,4
54.95430946940848,10.440295183838762,-0.48355459697946035,-0.3522054748368415,0.011797414679614211,0.03069019558859996,1.820165027305739,4
54.970987560294496,8.93043455421299,-0.5788048945872513,-0.48262493144408625,0.03394644746373101,0.03229321539496602,1.7917348248983378,4
54.98766565118051,7.102062308283573,-0.41946546179292543,-0.26764576283990804,0.019191238802100424,0.01510835809676503,1.7140551303524338,4
55.00434374206652,5.319854855353344,-0.22800578822745377,-0.17552667559465673,0.010399787153648971,0.025625420264341163,1.6871943003230228,4
55.02102183295253,4.045693730800249,-0.557060931289906,-0.5496476117040583,0.02463603153091018,0.014863495937428106,1.6318046285645802,4
55.03769992383854,2.326890653114972,-0.45810558394373935,-0.4917611972329773,0.04084106453597821,0.022415413766332756,1.580012858620511,4
55.054378014724556,0.7278174127126228,-0.41125431786626065,-0.5574946592384327,0.04535363182783968,0.020017956439061575,1.548901373690384,4
55.071056105610566,-0.8627446208130289,-0.44028861150507415,-0.624516155621574,0.03966232675107333,0.04832616515156693,1.511043141256438,4
55.08773419649658,-2.4865467169912803,-0.39673560940634633,-0.5971131833997319,0.05366888897045983,0.019466072057980163,1.4524569744277882,4
55.10441228738259,-3.9262217583823613,-0.35403863922814627,-0.5827119892618079,0.014739602946611063,0.0067408010875455076,1.372631335824934,4
55.1210903782686,-5.178453655168605,-0.41243376452547054,-0.7017915807599064,0.001973974768419987,0.005420877124319214,1.3016496206462924,4
55.13776846915461,-6.397369369203819,-0.3790089251789528,-0.5781221932176919,0.025803593290301925,0.013256309594030721,1.2040753681693466,4
55.154446560040626,-7.7554962009264585,-0.2642837073664617,-0.5546096480975291,0.021233293545632206,-0.004158738784978365,1.1139701713121921,4
55.171124650926636,-8.754472073089254,-0.5873841618891302,-0.8193466290836882,0.05002404914207497,0.010087752584389303,0.9825346619613823,4
55.187802741812646,-10.219507237060952,-0.2289920248803745,-0.4904713118028017,0.015807392374247293,-0.0038788504575509946,0.8714402693891382,4
55.20448083269866,-11.332489632453791,-0.34009652873793605,-0.6610003577724832,0.002247779825157291,0.024770343858258326,0.784822578532738,4
55.22115892358467,-12.555754413991982,-0.3590953978799991,-0.714629752629051,0.015878378256936453,0.029051522410536764,0.669001422526185,4
55.23783701447068,-13.827646108636161,-0.32765929760798507,-0.6338890576279916,0.03411856486324838,0.0030940550335851824,0.5789837320171471,4
55.254515105356695,-15.017535858192499,-0.47855230438584817,-0.8112012406971916,0.02297326289440798,0.00509480496301809,0.45498685589029497,4
55.271193196242706,-16.341429583317737,-0.09212105605354726,-0.41066807146842166,0.012394973886793312,-0.006179667772661967,0.3614621607268047,4
55.287871287128716,-17.509692583099007,-0.10025616825393424,-0.5808444660185828,0.026983203737467643,-0.03175204763571924,0.21997170050611645,4
55.30454937801473,-18.601467154040613,0.06267898294262597,-0.5196031491633244,0.004732666166994453,0.013965279375410028,0.10357265557689276,4
55.32122746890074,-19.65775602170592,0.13234760877016605,-0.4094073087516099,-0.005242012080489433,-0.001823260631301015,-0.05131196189521681,4
55.33790555978675,-20.66134524173098,0.1475533302319123,-0.4083291764404473,0.014109545062559632,0.022499928126444062,-0.18847200967830657,4
55.354583650672765,-21.291434981206912,-0.21203581237982405,-0.7733461262562944,0.03956436916252566,0.013491857861951713,-0.36024617395213554,4
55.371261741558776,-22.349023766911657,-0.06638891429311844,-0.5931031822542572,-0.012373637384690772,0.019063425785181033,-0.5101638992768083,4
55.387939832444786,-23.21093693389836,-0.07184804568662528,-0.5839213389426696,0.010980913920973341,-0.01045386382470007,-0.6957575602137743,4
55.4046179233308,-24.255906295312982,0.09220571418674695,-0.46837258420335015,-0.005012945514849249,-0.0021405774275077426,-0.8388394222690926,4
55.42129601421681,-24.93098215138354,-0.20008679612689306,-0.7151454268339252,0.006455567524306567,0.03583908301508665,-1.0037396816997388,4
55.43797410510282,-25.927432440116412,-0.0527188518685513,-0.6590788920135253,0.014164382863295029,0.021448939919228534,-1.1798934852035161,4
55.454652195988835,-26.95424704851394,0.08590562905508659,-0.5927782010952694,-0.003672866880411518,-0.01664633961748943,-1.3557616007706408,4
55.471330286874846,-27.839951692458595,0.03173961468062281,-0.6488177246935845,0.010912407223957522,0.0036123812806295296,-1.5059812029524453,4
55.488008377760856,-28.857894659898687,0.23885234221576468,-0.5404150361467863,0.0032977232718329553,-0.012287132146404381,-1.6485059524575476,4
55.50468646864687,-29.885012309003184,0.1253375309046163,-0.6022346206160805,0.02914420968080363,0.006380190466127913,-1.7401274401376174,4
55.52136455953288,-31.105890749518537,0.3759444227202522,-0.37916933605861125,-0.014997280944378018,-0.0012687273709780513,-1.8175955708299578,4
55.53804265041889,-32.07818601033802,0.37664938693363403,-0.4495500161882173,-0.017108485763441372,-0.014261919229045584,-1.9225117858436074,4
55.554720741304905,-32.87378022399197,-0.006484877805750244,-0.6620887160876503,0.007589712372914859,-0.021625808322782585,-2.0496327693544836,4
55.571398832190916,-33.414280543341974,-0.11520341046200855,-0.8412413116564554,0.04799399590163548,-0.02112177092847377,-2.1889712672710573,4
55.588076923076926,-33.93205040565228,-0.049965876900740724,-0.9327394189510727,-0.0030070459741892834,-0.048750433726565214,-2.3677514481587356,4
55.60475501396294,-34.14295948055069,-0.37354701323747364,-1.1942103388541998,0.019685240895217414,-0.0879415018458962,-2.6005644322178596,4
55.62143310484895,-34.448666116120826,-0.3612907305580091,-1.2117162321480741,0.06073960384315736,-0.13235596943269706,-2.8699237635113826,4
55.63811119573496,-34.44907491649823,-0.6919340538827505,-1.6403843774927065,0.08027670233185139,-0.1468951682416326,-3.1209663983636253,4
55.654789286620975,-34.53955319502055,-0.787999500027496,-1.7294175234141456,0.07811460011767812,-0.16548130648642811,-3.3801459957869815,4
55.671467377506985,-34.41338443971918,-1.0852713444984214,-2.0356572845663603,0.1047221638543361,-0.19160261883230686,-3.6578758362884973,4
55.688145468392996,-29.029207004378353,-12.278859052251565,-14.673602611597397,1.2436888504537997,-1.860193878981208,-4.896447410703557,3
55.704823559279006,-29.064135134800818,-12.183438814131863,-14.64902793367231,1.239058726040649,-1.8805877781265603,-5.174384193873744,3
55.72150165016502,-29.237674401440373,-12.047939119459995,-14.313961083447634,1.2257712874628557,-1.8447844909637794,-5.4451580531775585,3
55.738179741051034,-29.374826173723086,-11.70435381346991,-14.111273280411252,1.1883891483477764,-1.8882551156849607,-5.706412192613594,3
55.754857831937045,-29.41864013913624,-11.363632854139743,-13.738749277866276,1.1700179906407238,-1.8975853896677517,-5.942318066288979,3
55.771535922823055,-29.183932045298825,-11.20898112025327,-13.669226570364367,1.1843768116888842,-1.914330006848363,-6.214052153047453,3
55.788214013709066,-29.02498669507689,-10.999536956922812,-13.491929324976839,1.156527422986534,-1.952623048447324,-6.526334355781431,3
55.804892104595076,-28.69511408806584,-10.535321035959338,-13.046871796129908,1.0738491342915475,-1.9120099646962065,-6.792364214026267,3
55.82157019548109,-28.092252118340067,-10.410181349076353,-12.792120066999736,1.0754365091421618,-1.8847096095136098,-7.118404529216192,3
55.838248286367104,-27.413887087040422,-10.239627888156328,-12.633630818795433,1.0839478064822663,-1.9202846792106285,-7.497506983267983,3
55.854926377253115,-26.573148445096816,-9.837096029070555,-12.283205831385438,0.9879048662585698,-1.8582515709451508,-7.801501026782236,3
55.871604468139125,-25.575835858593603,-9.661683687973586,-12.102163699553776,1.0023457854473499,-1.9197412769464084,-8.203532087206728,3
55.888282559025136,-24.634646226057086,-9.055419463376913,-11.336997585615228,0.9523932429264396,-1.8770933334727797,-8.607453580303314,3
55.904960649911146,-23.272415269859962,-8.83381338604851,-11.23295344288448,0.9096950075161867,-1.9243501770043168,-9.008629138025412,3
55.92163874079716,-21.750622285770984,-8.768550111783785,-11.040376926239569,0.918011746887255,-1.8992844017075814,-9.439162136504173,3
55.938316831683174,-20.345422907725915,-8.530239102492658,-10.713867522285634,0.9012973789514952,-1.9010242958845223,-9.857296705348716,3
55.954994922569185,-18.762587823808946,-8.326852815323871,-10.418918496136188,0.8828318424425043,-1.893582764144293,-10.306077962504105,3
55.971673013455195,-17.103480222524805,-8.014067429773993,-10.173244469042382,0.8416615303512298,-1.8745668669957725,-10.668670299213069,3
55.988351104341206,-15.659733150999052,-7.586037696821017,-9.675506060643142,0.7956086372585605,-1.9015414979289809,-11.05625300069927,3
56.005029195227216,-13.837622215089935,-7.345073010820075,-9.443827991767886,0.7901794693789773,-1.8839104193011083,-11.415244884931285,3
56.02170728611323,-12.0989556567344,-7.106778716761827,-9.111011722962886,0.7435995356564205,-1.8906074066097116,-11.76424585070327,3
56.038385376999244,-10.248419217006923,-6.916247787212702,-8.786719223936728,0.733983557513038,-1.8699706219494916,-12.136881732240074,3
56.055063467885255,-8.320537517947471,-6.758493726679431,-8.478670383726648,0.7087754798802764,-1.833823588309994,-12.453685688965763,3
56.071741558771265,-6.674503469418596,-6.474916917218595,-8.147654750420465,0.6981628130171516,-1.8155413687745887,-12.71196565897167,3
56.088419649657276,-5.039365111970966,-6.073473420442134,-7.775806839839207,0.6312676618560078,-1.8205115310406998,-12.910772896330219,3
56.105097740543286,-3.1090278679882424,-6.007901443584963,-7.722260600968047,0.6267946602879804,-1.8196268356732777,-13.146285532685702,3
56.1217758314293,-1.153795984163117,-6.171917797253004,-7.911940410827457,0.6296078883412459,-1.838904412437484,-13.34436465114676,3
56.138453922315314,0.3847114806559735,-6.006920559236846,-7.61369301557616,0.656619343430352,-1.8883819097846462,-13.554996575467726,3
56.155132013201325,2.190012671708984,-5.9233311315685455,-7.517517890616158,0.6050462751503903,-1.8398785297278903,-13.671764534136875,3
56.171810104087335,3.9858502177160187,-5.801667335762439,-7.3338435930579555,0.6061195382029865,-1.8693522344945448,-13.776024757174195,3
56.188488194973345,5.507136352418788,-5.357534817955375,-6.778142771778337,0.5607904371628349,-1.7926180580306108,-13.81845489491022,3
56.205166285859356,7.091165471673875,-5.2184690706259085,-6.749320774472546,0.5394218701694516,-1.8249667398125025,-13.831094896376841,3
56.221844376745366,8.823587758205578,-5.326808356468911,-6.818271732353748,0.5695309824588758,-1.8002784921372088,-13.83609223416838,3
56.238522467631384,10.470324266229373,-5.317179287544177,-6.668333155004634,0.5144143964102711,-1.7860343856609984,-13.761235174483417,3
56.255200558517394,12.216838431406455,-5.616641531111334,-6.9410204375993345,0.5813326383687717,-1.795793255584618,-13.706786739922318,3
56.271878649403405,13.523497621267584,-5.4961669480452695,-6.7532579521938025,0.57523169804358,-1.792840623907369,-13.59062737262909,3
56.288556740289415,14.923398921231549,-5.6653607356755655,-6.905825688853214,0.5922179379025925,-1.7974908745616072,-13.42481242944965,3
56.305234831175426,16.411730837199354,-6.002789719632024,-7.206275529776256,0.6207574454391479,-1.8028717263064842,-13.214767576114845,3
56.321912922061436,17.526900033359354,-5.949476363612431,-7.084233284780269,0.5891716659342755,-1.7889109522308735,-12.962992567327321,3
56.338591012947454,18.91305804808566,-6.393278809634928,-7.484916109420151,0.6231424240466605,-1.7868071427565841,-12.691146308629504,3
56.355269103833464,19.801406726432838,-6.146380401053213,-7.316165357000053,0.6093643448120964,-1.754294141527361,-12.326009038436425,3
56.371947194719475,20.856995417354447,-6.4535868719664915,-7.570424368092498,0.6389258572345025,-1.771801399026972,-11.994875192277492,3
56.388625285605485,21.642377943372956,-6.369304667631494,-7.468089400651205,0.6185890064275322,-1.7793517692597782,-11.58035320028866,3
56.405303376491496,22.765533687334766,-7.000424555314523,-7.937166930491955,0.6832810869862247,-1.775934570202235,-11.189647177305808,3
56.42198146737751,23.756627711425736,-7.340368399405937,-8.350672844528379,0.714424741519053,-1.8389966477793656,-10.730395930153815,3
56.438659558263524,24.638490653217406,-7.538908917023147,-8.564670988731493,0.7319575115414456,-1.7732763576051092,-10.177256892940939,3
56.455337649149534,25.476450742680004,-8.077119403140035,-9.067984040698681,0.7873051484505316,-1.8306242033459657,-9.67717750986982,3
56.472015740035545,26.24249737491568,-8.54956945296254,-9.43086300301038,0.7884067874282847,-1.7863343788844985,-9.06590416205133,3
56.488693830921555,26.712918148471044,-8.745039287762078,-9.595055588636608,0.8483333911833711,-1.8186398348512243,-8.49118893105543,3
56.505371921807566,22.566237647530897,0.38784127371827104,0.6889957873692838,-0.13207064871539337,-0.17447409342248346,-6.805781267547967,4
56.52205001269358,22.850132367006964,0.3405091240185616,0.8174028070351884,-0.1150903810208711,-0.10275316966678891,-6.120894276287699,4
56.538728103579594,23.107316486393902,0.43814383314317507,0.8671065851148612,-0.1356633194487421,-0.050147483041718385,-5.412557613781855,4
56.555406194465604,23.41492145511033,0.4664254078312471,0.9489180614627024,-0.15350076867062645,-0.04719497887742294,-4.673360652741225,4
56.572084285351615,23.506363621890245,0.774100393926588,1.232172168681437,-0.15204904807388278,-0.06437216856735342,-3.9599025085182333,4
56.588762376237625,24.043615748681006,0.3201031736853901,0.8325070443649496,-0.10868995251943564,-0.04457966860700583,-3.230412978297006,4
56.605440467123636,24.256567583757082,0.32144040334685453,0.8289324441001265,-0.08123307821722972,-0.04493559364898048,-2.5413985919056423,4
56.62211855800965,24.599241341110925,-0.17600418671088303,0.4601440155056533,-0.033009965100353,-0.011694140195949975,-1.8692979736501996,4
56.638796648895664,24.542390198151374,0.03272714904888474,0.6103993261523541,-0.07211523919130801,-0.03396561473180499,-1.234155440095268,4
56.655474739781674,25.187596191261385,-0.3859691293363001,0.077519070686491,-0.0468904994882613,0.017737966024976386,-0.6786733499396759,4
56.672152830667684,25.289922477566986,-0.2941592498066834,0.20195058591901294,-0.057530415270281306,0.01310754068990667,-0.14623334799656218,4
56.688830921553695,25.60997224916946,-0.5514377262627441,-0.01498030060398925,-0.030164037228365127,-0.003687952884786514,0.338734464198879,4
56.705509012439705,25.67651483264615,-0.7514652207950139,-0.1171708850017712,-0.030898126042399103,0.02267903955960366,0.837998575692354,4
56.72218710332572,25.74376826804926,-0.6590084404321503,0.05584336406902679,0.01201760540605946,-0.0021560518547259697,1.2496418301881513,4
56.73886519421173,25.948900036094887,-0.9035497211233237,-0.2192552322231034,0.006204717428362306,0.041445356200327306,1.6751021265012953,4
56.755543285097744,26.08738252279624,-0.9190399311889976,-0.20058221785632568,0.0276498532561852,-0.0031931546455028063,2.0194652932193953,4
56.772221375983754,26.048118197648808,-0.823886875220877,-0.04802549745240192,0.01896281811314446,0.010594545647367289,2.358373944527531,4
56.788899466869765,26.26380228399992,-0.9115020440302244,-0.2070624358114994,0.06630616164383071,0.014442986440305026,2.6598299158738694,4
56.805577557755775,26.593618317712327,-1.0170722801712397,-0.34750034185787193,0.04390320798939535,-0.0019057291507903293,2.9088219210462603,4
56.82225564864179,26.77226126540333,-0.8546643127461291,-0.22322377105512103,0.029377113829814068,0.019753996944947567,3.157910394962395,4
56.8389337395278,27.209336014597053,-1.1593210396817355,-0.35788313245054226,0.059570121561272414,0.012804269494024422,3.337517090414812,4
56.855611830413814,27.343326579119566,-0.9350012901270537,-0.2778181205656338,0.0121243945452993,-0.003245833304636291,3.5492554243308043,4
56.872289921299824,27.922823552084527,-1.3498561800011473,-0.627034599300794,0.05208256385264382,0.019278501582932938,3.6992832652664727,4
56.888968012185835,27.8914196194743,-1.0337787480682579,-0.27501954224826797,0.03822979353830357,0.030170758295256575,3.859556160268192,4
56.905646103071845,28.011816015865946,-0.9425437892523458,-0.18508338152174808,0.045869757215421865,0.04087036173445244,3.967240495588589,4
56.92232419395786,28.29691659182394,-0.9961884241240551,-0.3443869700886495,0.025964872496752774,0.023361660278766225,4.079969608325781,4
56.93900228484387,28.341535717960333,-0.9583516209052512,-0.39221489677616006,0.05021783181854245,0.03253910011393095,4.164535210764582,4
56.955680375729884,28.21178947392208,-0.8104376294101163,-0.28533661461690407,0.04729566190366538,0.024749791883127467,4.226036550211852,4
56.972358466615894,28.143985501758497,-0.7836168600097686,-0.11265027953279372,0.04316928682494313,-0.00039776124940079445,4.266759035412922,4
56.989036557501905,28.079260187774967,-0.7995074113136544,-0.11176535912136387,0.04518896637784346,0.002633796815218451,4.25304291833443,4
57.005714648387915,28.0544718646643,-0.8854440555324254,-0.19913479312380566,0.03794315510775122,-0.003664987435614919,4.279089793704719,4
57.02239273927393,27.846647893588404,-0.8899929299331601,-0.3150313993297651,0.02929121419466097,0.008197823148432051,4.275263322609721,4
57.03907083015994,27.662065638059634,-1.091914090014546,-0.5838726288257288,0.031759921740008246,0.023730434137749373,4.266168344385521,4
57.055748921045954,27.127006283797876,-1.0751912969324797,-0.5091309482598856,0.0625598378209786,0.04737347347776746,4.257952112912579,4
57.072427011931964,26.455144972905885,-1.0091827295995115,-0.5354253702320442,0.0553692928281666,0.02283413668435136,4.256872602609437,4
57.089105102817975,25.57030762790459,-0.9088818291642582,-0.47693928786762907,0.05449603766765412,0.024554847815802635,4.246985906060063,4
57.10578319370399,24.61708173538592,-0.8709869778402393,-0.4412343256085087,0.06488277076543794,0.01090065430433651,4.248895045826984,4
57.12246128459,23.591524284946143,-0.8582279579772036,-0.4117853999361687,0.029663679388234044,0.031030357628854453,4.259284108526373,4
57.13913937547601,22.50916195135854,-0.7350858937995444,-0.3794300345075028,0.03373054631431076,0.02289205729387066,4.255226055884101,4
57.15581746636202,21.703038611927916,-1.0764845507169856,-0.7669824259610039,0.07148964759485207,0.053731019430183484,4.241913662284404,4
57.172495557248034,20.582077206192256,-1.008915008760371,-0.6756088325518217,0.06729213558127956,0.010360451715264786,4.2257454250728825,4
57.189173648134044,19.594524273306895,-1.0071589453112058,-0.6889915405674794,0.07947632918779202,0.05139593041049932,4.254766971087798,4
57.20585173902006,18.50842063329982,-0.9047498850258995,-0.5449778058969157,0.06085024270271087,0.04423111207483987,4.231945583330243,4
57.22252982990607,17.532689796660033,-0.8343562764097685,-0.44764585038973337,0.09244767900609072,0.043851351808163734,4.234815658030161,4
57.23920792079208,16.565081290755053,-0.600342938039133,-0.38778738166632376,0.05017885952044713,0.014612774376174148,4.2415151272604215,4
57.25588601167809,16.08998748134175,-0.9937176326779422,-0.811178181573939,0.07534903372902647,0.03148011787708069,4.228790824950695,4
57.272564102564104,15.353226169360244,-0.995719141445333,-0.762863485926613,0.08035415045071992,0.03163625269297532,4.234025918976055,4
57.289242193450114,14.578306765251186,-1.0338825181595195,-0.7895909404219523,0.08676867298595942,0.021851746447036392,4.232122469241457,4
57.30592028433613,13.726742534870118,-1.0543520507239665,-0.8884563429114367,0.07872558068312742,0.028671946424768762,4.220762054175634,4
57.32259837522214,12.66626192689599,-1.0339216252170886,-0.8004070902855003,0.08729599902890037,0.03498725963712545,4.241214329315023,4
57.33927646610815,11.702906404644732,-0.8639509116567239,-0.7485387429319155,0.0825874807353873,0.03944683034363342,4.231463906904858,4
57.35595455699416,10.82542136685996,-0.908161187053198,-0.7222476121011856,0.09024266931416919,0.05274536515637182,4.251190331765699,4
57.372632647880174,9.97207753033998,-0.9168911436937308,-0.7846022590688291,0.11245501790333809,0.056144698800234726,4.229047745041309,4
57.389310738766184,9.195599890332293,-0.8913881667431753,-0.7977539623592502,0.09169349889144017,0.03149323294717261,4.225832697218419,4
57.4059888296522,8.565322231406173,-0.7354952870351474,-0.7157167034812,0.034980749505532545,0.04681497036338423,4.247420500640019,4
57.42266692053821,8.276423597301001,-0.9528177489149252,-0.834960613963184,0.07161498827890264,0.05014731979634249,4.23937390586345,4
57.43934501142422,7.884039160430833,-0.7476888008724729,-0.6445537373483083,0.09171501226595669,0.029624073327761,4.232144629405561,4
57.45602310231023,7.604541864882391,-0.8037924634556561,-0.8021881460139642,0.08586630518686236,0.0180392928391733,4.211545021136015,4
57.472701193196244,7.452434926259604,-0.9044266454076342,-0.8291105196885766,0.07964477741392807,0.053965758752745084,4.225608594338464,4
57.489379284082254,7.336710466388359,-1.0603782949892357,-1.0080284655483687,0.08517618725269628,0.0468167709894854,4.208901469674775,4
57.50605737496827,6.763088448816229,-0.6744632253038922,-0.6147803461622539,0.08680965870534331,0.019889196863295554,4.231031157986202,4
57.52273546585428,6.41682914396415,-0.7787401919388841,-0.6908369596364907,0.06423878070044228,0.030784707918427506,4.236685069746333,4
57.53941355674029,5.860174775980157,-0.8844448584156808,-0.8449595998949846,0.09866058987277393,0.019829552963308655,4.227935976851527,4
57.5560916476263,5.30615303713981,-0.8295391436795989,-0.8367246646122317,0.07411500622848662,0.0077536482020126325,4.213356620550378,4
57.572769738512314,4.446927948129806,-0.6855915684589515,-0.6564216829294005,0.05171614167395994,0.020863280580180422,4.230668587948243,4
57.589447829398324,3.7071727560574645,-0.555076331487762,-0.6185499817721897,0.06995416987760764,0.021084926734107928,4.220534829845622,4
57.60612592028434,3.1588353429254883,-0.7676119825459125,-0.8452033343262295,0.07400426030430453,0.023081581977038326,4.231918759540568,4
57.62280401117035,2.45465677470517,-0.7288739148462411,-0.7808141019126316,0.10781615840710138,0.01772582263201658,4.222597202358476,4
57.63948210205636,1.8349595640938232,-0.7036274074064897,-0.7995341878483151,0.08750125643937758,0.0664221604301734,4.232228177935244,4
57.65616019294237,1.276746097748394,-0.778033742247763,-0.9144263571839588,0.07231465688519471,0.03764739533771747,4.21599449185654,4
57.67283828382838,0.7691741597581309,-0.7382929097545647,-0.8361502162131047,0.07836089812974016,0.03567496261256352,4.231712483094297,4
57.689516374714394,0.18143498423176818,-0.6825782267297494,-0.7830786848973929,0.05791349287047456,-0.005957177866607034,4.216975752751103,4
57.70619446560041,-0.14861048197848264,-0.660928730352094,-0.8077974951958182,0.08733557228777844,0.03211392856230692,4.231549489481036,4
57.72287255648642,-0.6098112706087855,-0.6408272701927555,-0.7182566454450561,0.09153458589174127,0.018675109791695153,4.240516425249581,4
57.73955064737243,-0.7046243212397215,-0.8357620159652166,-1.0092823282567638,0.06683661295331068,0.027469838807073006,4.235926736963377,4
57.75622873825844,-1.055484110891274,-0.9531599397125887,-1.080214770179906,0.11749226342855505,0.052235784461799384,4.205316077270995,4
57.77290682914445,-1.5506471743219914,-0.8489892444213014,-0.8511569617680065,0.07633416160676987,0.06081939916794909,4.211600738098396,4
57.78958492003047,-1.8841614947894005,-0.7544839375265077,-0.7864686337683463,0.05448799865448805,0.057824999777249975,4.18344972757854,4
57.80626301091648,-1.8973380106461817,-1.1320709530624227,-1.0816649608490654,0.08082078868072144,0.02218323859275728,4.075516729519237,4
57.82294110180249,-1.9673922855641042,-1.170921005589732,-1.0644445875811182,0.1027646269159877,0.04092320887045723,3.9073069238103426,4
57.8396191926885,-2.068404041947815,-1.0775611104964142,-0.9833698199751342,0.07415672074819811,0.016954500022771803,3.729116525083796,4
57.85629728357451,-2.2262555312583,-1.0942784436482853,-0.9319716599393261,0.08343925561459399,0.01374052995505549,3.475296486150089,4
57.87297537446052,-2.2672988941033356,-1.0493055436189298,-0.9562872913293462,0.09858005379023603,0.01637958241324215,3.2613566308542907,4
57.88965346534654,-2.423816170668631,-0.8373566253776771,-0.7966798217515942,0.0492520877148296,-0.0008178209145006539,2.996388383289358,4
57.90633155623255,-2.602583995105144,-0.5671212006255972,-0.5916449480298277,0.017715494096876304,-0.023116820023288385,2.6775322616677704,4
57.92300964711856,-2.670865647678319,-0.6340366909886076,-0.5152617881326615,0.0623955417368954,0.002301689880968185,2.3422438420472886,4
57.93968773800457,-2.6713074497559877,-0.6248158624748938,-0.5172820285064789,0.0307353769672052,-0.03867980788681067,1.9399788030439133,4
57.95636582889058,-2.6401881310401176,-0.6532491012375674,-0.5532561739421973,0.01930531938065692,0.002851041349224881,1.5341309643592593,4
57.97304391977659,-2.6453373639059095,-0.6355660746736322,-0.539176496975194,0.03681386264860541,-0.02237036844471952,1.0791722006980402,4
57.98972201066261,-2.8326226823618885,-0.4004278655890695,-0.35126441062002167,-0.0033711785228015406,-0.012849268813969297,0.5919410987455053,4
58.00640010154862,-3.0037599273109947,-0.1629494018830807,-0.19228485135899853,-0.015634536116393434,-0.034648854455162616,0.059086052538450395,4
58.02307819243463,-2.966194257627714,-0.17928763610820853,-0.17198240889016525,0.00959065925469973,-0.018580112331727083,-0.5187527523559639,4
58.03975628332064,-3.245406737142148,0.06209230563317103,0.019377867697398354,-0.06224779781613631,0.0032476120975380913,-1.05292873682654,4
58.05643437420665,-3.5767837594479452,0.14911767211340665,0.17752446945558376,-0.021499726946684172,-0.021110905870625227,-1.698132130509677,4
58.07311246509266,-3.853513397415,0.14638250757740345,0.17421142873168116,-0.0527176348711597,-0.028470355003658937,-2.3102987588518973,4
58.08979055597868,-4.359984312942498,0.15185053991082564,0.2515741767633979,-0.0686378776874149,-0.02388088879014561,-2.9489968528057657,4
58.10646864686469,-4.9533470585073465,0.38808536159897966,0.41695197902071746,-0.07531687927868803,-0.0519119536800172,-3.6066588816662875,4
58.1231467377507,-5.450423514629284,0.174126335230254,0.18198123450682058,-0.0642755384229805,-0.11815901766646907,-4.262608335972543,4
58.13982482863671,-5.891268293879257,-0.031803282002527355,-0.07663393903591653,-0.032507290000267024,-0.14569232005379992,-4.985173588707705,4
58.15650291952272,-1.0378421985189243,-10.372351532343203,-11.851106199685148,1.0252266597459465,-1.767072615324696,-6.578620169886131,3
58.17318101040873,-1.7203476024983697,-9.974182097457941,-11.661698197057891,1.0004845920518504,-1.8428679132338646,-7.22126186840134,3
58.18985910129475,-2.6212672949817115,-9.211807315734447,-10.96989999835167,0.9571033558544514,-1.813447635815801,-7.819193267675526,3
58.20653719218076,-3.084420019486495,-8.926060440330069,-10.715380904880421,0.8988596114456592,-1.786142226687682,-8.417383531490968,3
58.22321528306677,-3.6015783400723684,-8.64895605618506,-10.586566042030874,0.8673431734580489,-1.8068323193919296,-8.983193601058945,3
58.23989337395278,-4.202992360028337,-8.291817336470121,-10.046051567055102,0.8362348684100089,-1.7921858687285523,-9.553451474155274,3
58.25657146483879,-4.754569526630357,-7.733426702774815,-9.603036789155253,0.7867924779341448,-1.8357149177891636,-10.099846929356374,3
58.2732495557248,-5.004602167217421,-7.788019058383411,-9.59996704894087,0.7477846499950497,-1.8219070568049338,-10.63098361782789,3
58.28992764661082,-5.71975728799865,-7.379496807071031,-9.067072609392003,0.7512378352411286,-1.803039645225446,-11.082542110426616,3
58.30660573749683,-6.310063622544907,-6.965193459210765,-8.68809563834059,0.7176579629819928,-1.82330440160275,-11.545819760779958,3
58.32328382838284,-6.582586182613159,-6.937136920595991,-8.708984534829188,0.7111648854878779,-1.7733372014710675,-11.962965660070786,3
58.33996191926885,-7.0263587322430014,-6.911243586176215,-8.6692321725593,0.7186403417582001,-1.7609573406126464,-12.351015946910373,3
58.35664001015486,-7.765411457814858,-6.2449035586257695,-8.255065312703062,0.6485867878237599,-1.8319163522193467,-12.695998642427076,3
58.37331810104087,-8.202800498852636,-6.115818416314938,-8.025147577491964,0.629944044798703,-1.7925339526021415,-13.024644915680597,3
58.38999619192689,-8.725957272612028,-5.828467419323852,-7.818959233341805,0.6335883097011868,-1.829163802060283,-13.390198625655522,3
58.4066742828129,-8.98999510241987,-5.733246241637415,-7.849691468932004,0.6208192795844107,-1.8790573158216692,-13.693888293932636,3
58.42335237369891,-9.14740424392309,-5.640265992699403,-7.689065127275322,0.6473358527222492,-1.8800871248553395,-14.032989916823528,3
58.44003046458492,-9.531994600820624,-5.413360239929512,-7.435982128571958,0.5970063833796567,-1.8325529421802222,-14.281113111335436,3
58.45670855547093,-9.683920480609851,-5.134367785767295,-7.100461461076298,0.5723723284523653,-1.8288692385041316,-14.552311980149657,3
58.47338664635695,-9.67886010867202,-5.271284205174193,-7.285148003917881,0.5896658584908222,-1.8487429684198726,-14.82767407343288,3
58.49006473724296,-9.761716412066756,-4.962130674056649,-6.923761301647836,0.5241839319201934,-1.7962716386577113,-15.017001219375114,3
58.50674282812897,-9.782199053051023,-4.72236882715657,-6.88012350330585,0.5514653557605251,-1.8771813197553218,-15.265898867533814,3
58.52342091901498,-9.781447072413972,-4.606218075022246,-6.6674299559490375,0.5607563119099707,-1.8591629622684098,-15.513609957453026,3
58.54009900990099,-9.69222475156063,-4.549704096341428,-6.568667801801656,0.5556631356077237,-1.8461301498734077,-15.680263487840529,3
58.556777100787,-9.357593245230332,-4.523040128399157,-6.527913456993148,0.4992653463901582,-1.8390853436038088,-15.82743529970006,3
58.57345519167302,-9.24233644611317,-4.4438906800457065,-6.438060213839918,0.48736251990018387,-1.8247797844927032,-15.978293436418193,3
58.59013328255903,-9.093150926738772,-4.196758970215557,-6.161810080714014,0.5063577536110803,-1.8704904304901318,-16.150901771061736,3
58.60681137344504,-8.678691229664771,-4.11188442541118,-6.144784800564448,0.4849742277923624,-1.8550352090662614,-16.244259459650134,3
58.62348946433105,-8.248035140016116,-3.9759266604472048,-6.007739587000539,0.46822212912687655,-1.8465417862414937,-16.350636301148167,3
58.64016755521706,-7.682842423347891,-4.245773954936417,-6.322399847651472,0.48575209137895303,-1.883117869952703,-16.425835950096435,3
58.65684564610307,-7.263523352797499,-4.216705401621541,-6.288417447282315,0.47668672913702403,-1.8295640853456316,-16.408381346431486,3
58.67352373698909,-7.165027311978992,-4.153961189607775,-6.096898063414386,0.48048062283882254,-1.8670976422579413,-16.404622198641967,3
58.6902018278751,-6.893613273595335,-4.115160561670104,-6.028052304288942,0.47681103371818934,-1.8278852509734487,-16.32018891192717,3
58.70687991876111,-6.592078529901425,-4.379866752474781,-6.35139739016406,0.4794225715391066,-1.8412275814187924,-16.222398127619847,3
58.72355800964712,-6.490782335968617,-4.370725120034139,-6.3230866826155605,0.48098984748598445,-1.8228906666091533,-16.090783341830306,3
58.74023610053313,-6.346072902125333,-4.349629647120029,-6.299405118956654,0.501732149818487,-1.8142513934038513,-15.944414400369348,3
58.75691419141914,-6.345237691652777,-4.389150328357074,-6.210514901776805,0.49038740497281674,-1.8109636546043741,-15.741391263606564,3
58.77359228230516,-5.918021488013132,-4.778243622321366,-6.657449765724293,0.524685765301994,-1.7779528282264745,-15.524633712559993,3
58.79027037319117,-5.772634097581476,-4.960800052909204,-6.882851511827683,0.5305382580939295,-1.8273223045859148,-15.319009109303638,3
58.80694846407718,-5.809976909523271,-4.8492589515731765,-6.5633286365996515,0.5169767286603915,-1.8205825047693898,-15.07689823895947,3
58.82362655496319,-5.341344593496038,-5.3138721524702195,-7.1154625665813285,0.5877437087176145,-1.8375578975979692,-14.860533644255916,3
58.8403046458492,-5.21918526374914,-5.237922270763496,-6.953442974202758,0.5720816709711736,-1.8807791882545684,-14.552047017516117,3
58.85698273673521,-4.843044328681023,-5.51532702850372,-7.267913401405561,0.570560099261421,-1.8741719270636976,-14.236234781430406,3
58.87366082762123,-4.414693835938465,-5.797298319445469,-7.5702756119971095,0.5840875021044093,-1.8009740932496363,-13.897292502863683,3
58.89033891850724,-4.195295369636753,-5.913413620462101,-7.725119021141165,0.6400997485004186,-1.8752789178851332,-13.588345682274156,3
58.90701700939325,-3.941647181625597,-6.114615211875055,-7.758846331846158,0.6512592379843494,-1.8341324898669569,-13.191211244869137,3
58.92369510027926,-3.6402406599861727,-6.357842740271897,-8.025279299634764,0.6727728143870371,-1.8181395722291742,-12.77448331941461,3
58.94037319116527,-3.4650550570830885,-6.572823688671554,-8.253682844176568,0.696697493859896,-1.8329600399122865,-12.341435554575275,3
58.95705128205128,-3.1951507502867647,-7.09868633423071,-8.696536642184244,0.7362330494218455,-1.817147427955872,-11.856735112332396,3
58.9737293729373,-3.0745957579268888,-7.354010705205246,-9.010920084458903,0.7650479407708081,-1.8768949035781983,-11.38146772424413,3
58.99040746382331,-2.8611267209102653,-7.7414334301992,-9.48493096060502,0.7655984260325434,-1.8165334454636322,-10.782386693493526,3
59.00708555470932,-3.001385111960359,-7.841902941895622,-9.630453095317348,0.8028638593442652,-1.8848788598477537,-10.20421063775651,3
59.02376364559533,-3.341388667786396,-7.960823123489731,-9.770326336206345,0.796784591348126,-1.8870022358961298,-9.554022522753202,3
59.04044173648134,-3.281100734155994,-8.768085241327766,-10.455672706479927,0.8892016374977231,-1.8644463715957702,-8.844635484822224,3
59.05711982736735,-3.3016512151746777,-9.275878700913216,-10.976044089883096,0.9314234167387487,-1.8767016723585948,-8.159277491403781,3
59.07379791825337,-3.3000456166401975,-9.906681683881196,-11.624690210588932,0.9753663633296444,-1.866607017231826,-7.431930454318948,3
59.09047600913938,-3.2271614806581805,-10.632062419995659,-12.23233042986562,1.0539725323744136,-1.8118066613450097,-6.733338058127756,3
59.10715410002539,-8.673581242260173,-0.40127418196348463,-0.6000924157991583,0.02071033366457043,-0.16780621605045967,-4.9980556283271165,4
59.1238321909114,-9.123774522275497,-0.2320602074843121,-0.4427426981603597,-0.05442863694098479,-0.09446208677174124,-4.176491250033956,4
59.14051028179741,-9.569077415641457,0.18533179744953232,-0.0801189074086861,-0.03969395498773728,-0.06981258894855256,-3.4145541222570013,4
59.15718837268343,-9.869220906021441,0.4122104221366878,0.2265728597538028,-0.06020958157175538,-0.03806769041093524,-2.7112201397673625,4
59.17386646356944,-9.612860668606357,0.21861516858180874,-0.02662885039412677,-0.0442473546489148,-0.015828643585197293,-2.1410694980296845,4
59.19054455445545,-9.353189341191541,-0.16501545800925177,-0.37382459556765957,-0.015263155533533275,-0.029620869823726442,-1.600007848338715,4
59.20722264534146,-9.56244607202446,0.03098240624631199,-0.0897959644601265,-0.013729162011460856,-0.044758080008164836,-1.0803260207160692,4
59.22390073622747,-9.346082633616547,-0.060106849699034015,-0.25984260622747124,-0.019795900877933616,-0.022585777746123258,-0.6051470750280892,4
59.24057882711348,-8.976184829964456,-0.3211418737017371,-0.5639327356772839,0.03988322760027631,-0.002999271681387342,-0.1534332132261791,4
59.2572569179995,-9.091431410544356,-0.2813197593241896,-0.35302227578059364,0.045351844913497856,-0.033829168188880564,0.2777713850194644,4
59.27393500888551,-8.901596296706165,-0.4345019907968677,-0.5717164648379542,0.040702704815607,-0.0005900584435613766,0.6899604751786158,4
59.29061309977152,-9.005002869478561,-0.3361472005705197,-0.48001133920968364,0.020756250520059805,-0.02197557325323321,1.0852831322372198,4
59.30729119065753,-8.640766495024408,-0.6575025468983029,-0.8437764170241024,0.06799754701123374,0.011976605403953056,1.4423792568261506,4
59.32396928154354,-8.690224712000022,-0.7086379440563668,-0.8487941347953094,0.057972805728504745,-0.007736909009647451,1.776203235932235,4
59.34064737242955,-8.673956783773281,-0.7338242034264892,-0.9437610423995046,0.068823594405497,0.009529232993455308,2.0897673607396796,4
59.35732546331557,-8.598276219436965,-0.9055464073524124,-0.9869634875659403,0.1039305980502183,0.01598562840373848,2.366293928634887,4
59.37400355420158,-8.356171205466147,-1.0357037083593998,-1.150715274704473,0.09710756433718648,-0.015230238866205519,2.604828924007028,4
59.39068164508759,-8.390632829064613,-0.7974856640202863,-0.911867097948464,0.07084118595796124,0.006539670159501258,2.8648109895422667,4
59.4073597359736,-8.327297333512414,-0.6639208042880829,-0.7433015463388113,0.04532770358781023,-0.0027789370415414274,3.0512487599371854,4
59.42403782685961,-7.856788613607264,-0.9509102222235448,-1.0473886922901476,0.10555697798014943,0.001417385668617281,3.2153686102304087,4
59.44071591774562,-7.633019491797743,-0.9637804710491855,-1.0078658710805743,0.07661827505932119,0.023011063938873137,3.3955217195902883,4
59.45739400863164,-7.118296001406886,-1.2450524289361502,-1.3353269779656483,0.09142317653225515,0.016767519972630672,3.5186012894106753,4
59.47407209951765,-7.11658210894616,-0.9570825885224852,-1.039557455425027,0.07084208461426103,0.01852680842840077,3.664877896478919,4
59.49075019040366,-6.766616932425659,-1.0411368898782838,-1.1332248766939181,0.08633221519433373,0.014952329421482223,3.752577142419018,4
59.50742828128967,-6.576970520644145,-0.9742944676025871,-1.0733229287647994,0.08148159654126054,0.008842650060221353,3.8851054295236223,4
59.52410637217568,-6.41862989854035,-1.0189461110852571,-1.039589247284402,0.056941877102481116,0.023299398748989016,3.9922313243364362,4
59.54078446306169,-5.963930529996509,-1.2424048439276603,-1.244485566051901,0.10328017561004296,0.06279897238805333,4.082588529080523,4
59.55746255394771,-5.963055779896861,-0.9265141137976498,-0.9805073367594215,0.09459989277075745,0.015292961305392334,4.145261995373093,4
59.57414064483372,-5.709911175906241,-1.082656114981824,-1.2143759804588479,0.10825293260209237,0.01667125105853561,4.192695232315953,4
59.59081873571973,-5.692951612975551,-1.0206973436454905,-1.1606338492742818,0.11140637733707698,0.030730507788754042,4.213224184076224,4
59.60749682660574,-5.485393289165891,-1.1706671181127046,-1.3157704384520286,0.11643283497206601,0.015457098508131442,4.199752734314744,4
59.62417491749175,-5.686170439925634,-0.7905958047454626,-1.0501995128226933,0.08426608229479912,0.01849613799761096,4.231874202002067,4
59.64085300837776,-5.523959959615052,-0.8939107807106652,-1.176873334987327,0.08760218348800823,0.01625066622928439,4.220781340080681,4
59.65753109926378,-5.397341008738437,-0.9782284412557956,-1.269708610781162,0.12570414700891966,0.012998917096779401,4.19601401172769,4
59.67420919014979,-5.230879768417662,-0.9951590717530717,-1.2957823366141743,0.12958896414498336,0.00840436641687863,4.202849779634049,4
59.6908872810358,-5.21862161354534,-0.9904425228324987,-1.275936863675665,0.1117798987164522,0.02617785698459905,4.224389095751649,4
59.70756537192181,-4.950998072439825,-1.0966324371630387,-1.313092571923018,0.12042902506152006,0.027803620395387703,4.217129188827899,4
59.72424346280782,-4.9708614296131,-0.808230166473825,-1.0565408481154543,0.10013178528300067,0.012332923995372147,4.229985437201443,4
59.74092155369383,-4.6798439002117025,-0.889789514628289,-1.1174031932413286,0.07925678481025834,0.020534689068468115,4.243358535293602,4
59.75759964457985,-4.374631304921199,-0.8244599108996457,-1.019573191349107,0.11428010143360938,0.0028481379084275655,4.210260112870658,4
59.77427773546586,-3.966141225572056,-0.8682251436018571,-1.0743079754235656,0.10013883193289531,0.0004998793164927395,4.2336962424999545,4
59.79095582635187,-3.6717410032398745,-0.8508311687445137,-1.054399321337394,0.06969112983688043,0.034063585338646715,4.240729177228738,4
59.80763391723788,-3.418924487045803,-0.7323875151260191,-0.8709479320005596,0.08017833346993468,0.03776269076311065,4.2389806096054485,4
59.82431200812389,-2.893791719791592,-0.9929030881057013,-1.1440179714246528,0.08762982657384316,0.021776309925978427,4.20009125209105,4
59.84099009900991,-2.8951244275437924,-0.7655138587130642,-0.9289712355771959,0.09637960842590183,0.05147787035642704,4.229882877301699,4
59.85766818989592,-2.6989519094124588,-0.8920241688779518,-1.0371599262698583,0.12334050076329142,0.0266960336108477,4.223552707272715,4
59.87434628078193,-2.740775713036642,-0.7882187952524258,-0.902997467654433,0.10733281904687504,0.033102436645984105,4.21893426115259,4
59.89102437166794,-2.7407757299902844,-0.7882187793528908,-0.9029974511176233,0.10733280535188916,0.033102445473487875,4.21893426476117,4
59.90770246255395,-2.740775729974696,-0.7882187793875581,-0.9029974511486049,0.10733280528901275,0.03310244552315704,4.218934264775278,4
59.92438055343996,-2.7369838443257692,-0.7884009583025935,-0.9301866394314782,0.1060196181845011,0.019623408598136636,4.21835425048763,4
59.94105864432598,-2.7162160788720406,-0.7869437959628023,-0.9410252705399025,0.10397352724828071,0.02376728796936805,4.225529016161669,4
59.95773673521199,-2.740775712786705,-0.7882188001980378,-0.9029974714237885,0.10733281039859562,0.03310244484859784,4.218934262755455,4
59.974414826098,-2.7114593457570964,-0.7726675391098335,-0.9364635224055853,0.0906737429766622,0.04032767990976663,4.233849886330047,4
59.99109291698401,-2.7458819449368193,-0.7025416456256479,-0.8492903296181602,0.09603870276914404,0.04447018948462132,4.239379700955894,4
60.00777100787002,-2.7458819340292613,-0.702541657952305,-0.8492903418534206,0.09603870785095997,0.04447018677674398,4.239379698973195,4
60.02444909875603,-2.666098008841325,-0.8498193986632407,-1.032577827411854,0.09761418700670238,0.026137502664708906,4.227701878556171,4
60.04112718964205,-2.9429979294150956,-0.6978348660751745,-0.886706637377981,0.09513480365050439,0.02888565369527511,4.216856952244041,4
60.05780528052806,-2.8198449578842664,-0.8507149257342099,-1.0708024047724556,0.09244945486229705,0.04003238700294185,4.222848094134019,4
60.07448337141407,-2.990886660788518,-0.7312637809754047,-0.9524135289978715,0.1122128324621557,0.029385248482920217,4.23418277953403,4
60.09116146230008,-2.7993759023180043,-0.9622060829962488,-1.2432876178634151,0.13431143207360766,0.045248359555168545,4.215151146839665,4
60.10783955318609,-3.0116164023208967,-0.7327550382096102,-0.9416124295131133,0.11426159913278534,0.025241677414441496,4.227008690262527,4
60.1245176440721,-2.9671331880697145,-0.8735098527651378,-1.1017337769844862,0.11308586554586512,0.022650534030185004,4.205948616279835,4
60.14119573495812,-3.0990269778036543,-0.7519946017207642,-0.9568806062701978,0.097567332146026,0.03009455314119288,4.223678967463201,4
60.15787382584413,-3.0561759153993724,-0.8406556160490444,-1.0334112210750281,0.10465636301828575,0.050308469992319096,4.217030317568638,4
60.17455191673014,-3.0682246203614354,-0.8436449836602777,-1.0532236806869557,0.11224844263836452,0.02297711573226338,4.194718405643813,4
60.19123000761615,-3.0744226934606873,-0.8926405922855651,-1.0564064253324932,0.10348798246154191,0.016967939926636175,4.166373408646503,4
60.20790809850216,-3.070973434653835,-0.8106790737128686,-0.9600776950801827,0.08920758219399594,0.02352855232458798,4.161330962622889,4
60.22458618938817,-3.065931958703852,-0.8777886983569362,-0.9285535753235832,0.10926824585752012,0.03257266812610566,4.14026073668732,4
60.24126428027419,-3.1319309872975922,-0.8291539754369647,-0.8641161533630201,0.08419910110527251,0.02649895318329826,4.129931860181578,4
60.2579423711602,-2.877436514122441,-1.1622032950120178,-1.1787874612917941,0.10420720910001692,0.043950291037434086,4.10577040116472,4
60.27462046204621,-3.014536335512006,-1.0039549560080672,-1.034103220637768,0.09399122727005356,0.046571135231891145,4.098411860570687,4
60.29129855293222,-3.2242258806918582,-1.0154489165528844,-0.9530260156224147,0.09269354407170997,0.032489656891096674,4.005274264502693,4
60.30797664381823,-2.972643487130602,-1.077168724312892,-1.1060094559191713,0.07311656466526109,0.01542641676074187,3.9539515328276305,4
60.32465473470424,-2.8300371546952183,-0.9656920339643816,-1.0157579165533035,0.09300020294488227,-0.012451182626039958,3.8172999652265234,4
60.34133282559026,-2.612649910886986,-0.8529540789063208,-0.9457682782562365,0.05694753726325063,0.010236870868809858,3.720092380781887,4
60.35801091647627,-2.13027750974176,-0.9590163199987674,-1.0018789507697554,0.07466005507405901,0.03248167167236676,3.5888790544627764,4
60.37468900736228,-1.8664519425600707,-0.7255145438979116,-0.8309342744912107,0.07368509919132903,0.004434470945705631,3.4604113488124417,4
60.39136709824829,-1.3067264461412857,-0.8805510640359806,-0.7853980025446786,0.0927675433412463,0.0039471599509949586,3.271410312916582,4
60.4080451891343,-0.9617031481494615,-0.719644338809958,-0.6318125253444647,0.07498378742058927,-0.018068443436519758,3.1338772410885305,4
60.42472328002031,-0.5014459416970194,-0.7648661440324549,-0.6142451914942935,0.06992111968230297,-0.0016486708832195726,2.95637291210257,4
60.44140137090633,-0.11085608913490869,-0.6819536096390774,-0.5604097340290567,0.03441542330341205,0.012444938085332913,2.7712988398434755,4
60.45807946179234,0.31099831954365903,-0.8235843575297048,-0.7002784863737983,0.05685579481728272,0.019560235150306672,2.5213691048247693,4
60.47475755267835,0.4801324137811051,-0.7167869623630874,-0.58246164052907,0.04320639149370932,-0.012465439865200859,2.2972898152162675,4
60.49143564356436,0.6577874887383839,-0.6964193679664727,-0.6691298799882208,0.035305447580606934,-0.007862144666285828,2.0814232503161003,4
60.50811373445037,0.5880488370179724,-0.4734817201321458,-0.5941737146235052,0.04768013802104099,0.005802014154865078,1.868518399389228,4
60.524791825336386,0.49683559523910437,-0.36187855652836615,-0.6251391409365713,0.05090558728099973,-0.018243065338888677,1.6293296325999636,4
60.5414699162224,0.22544191246169404,-0.13082370314102282,-0.29196550529491616,0.016893217949620898,-0.02662945572096965,1.4302566616534769,4
60.55814800710841,0.22637236553087514,-0.2858564522951551,-0.4377098743428755,0.010812304868224093,-0.01949362984071038,1.2167240429721984,4
60.57482609799442,0.05124953059689373,-0.19240150634985098,-0.28755367041115154,0.015363603887699494,-0.030975748512444317,1.013447825055356,4
60.59150418888043,-0.16217828132882006,-0.15023370816430756,-0.1169314277315561,0.03978721727491041,0.0006155165035671461,0.7985966432145144,4
60.60818227976644,-0.23592262070502573,-0.30965074853103164,-0.20311880464263238,0.013132981007667632,0.010729762999061785,0.5717622651822248,4
60.624860370652456,-0.25044668521613983,-0.2808351645352304,-0.15636781663276966,-0.0009050842727449986,-0.024713524432232247,0.30838918024990525,4
60.64153846153847,-0.21855835190455547,-0.37900081954833453,-0.2833153120686244,0.00985899857460844,-0.026520955646653212,0.025034779346791002,4
60.65821655242448,-0.4740475866481584,-0.1331110925775586,-0.171024938230148,-0.011537469440853211,-0.04774845013370545,-0.22601103716128304,4
60.67489464331049,-0.77381287201405,0.12036915875754284,0.018618262453091228,-0.030767226162024295,-0.03972188433564951,-0.4940614593613723,4
60.6915727341965,-0.7843756174846371,0.011244018596308247,-0.08880822706713612,-0.003180856662836126,-0.016441767595954532,-0.7700921298096893,4
60.70825082508251,-1.4356517232334598,0.2759983489610634,0.29803993404554247,-0.04219783149954574,-0.02402420946598976,-1.0191751746857007,4
60.724928915968526,-1.6865722726922852,0.06995267551881262,-0.03885222139339117,-0.05108131387026467,-0.042371461667710976,-1.2338703666085729,4
60.74160700685454,-2.173899264799397,0.1713328946168955,0.06672790024075681,-0.041893094837699624,-0.033154701512600616,-1.4111628017298032,4
60.75828509774055,-2.7336263007676274,0.17686151003093498,0.05346049226036009,-0.05445863253352319,-0.02769272271159917,-1.6235117840677957,4
60.77496318862656,-3.276427608974953,0.3458384930794196,0.1566765809273305,-0.05351344468546198,-0.029116482433425024,-1.8192882647074722,4
60.79164127951257,-3.7370899326703464,0.44805781593684624,0.2210384548878983,-0.06038721263816053,-0.03505342638668345,-1.987050745813218,4
60.80831937039858,-4.136143229729532,0.30861589189292915,0.0836109578136972,-0.02775265519808187,-0.041999443632809934,-2.2183623088139695,4
60.824997461284596,-4.664427178010621,0.3403555481085476,0.19296940259381157,-0.048368124632805105,-0.03323635276234067,-2.424972833738976,4
60.84167555217061,-5.010912632735138,0.45928316468857466,0.3029122585643893,-0.06682517374494572,-0.04820002660920403,-2.608693802304093,4
60.85835364305662,-5.305556184026992,0.5885434150250537,0.39277661628157423,-0.07855599757909044,-0.026696789253031553,-2.8302119209306453,4
60.87503173394263,-5.429614562689619,0.4662934792693332,0.3102968221228579,-0.07168386402389341,-0.021981711706604568,-3.09141049717538,4
60.89170982482864,-5.70708978848595,0.564118035112003,0.42355168359311746,-0.08207265589381084,-0.035942450521241336,-3.303113003492274,4
60.90838791571465,-5.666271019854052,0.2685297353148175,0.21414184224134925,-0.09386072118526878,-0.011682908628403087,-3.5736828991561738,4
60.925066006600666,-6.009564307680655,0.5431875552407943,0.36904921457162,-0.10677089164949428,-0.06596206475293662,-3.7950048397632354,4
60.941744097486676,-6.0380039247722,0.22942541053598364,0.1241396649755806,-0.0764798995529496,-0.06716257196461337,-4.033315359636354,4
60.95842218837269,-6.228228598924336,0.3182278643282699,0.2765358035859373,-0.06339011996973123,-0.09473385105588013,-4.267056202865166,4
60.9751002792587,-6.273456106137312,-0.005368580567804981,0.0029177151637358456,-0.06335445667838849,-0.1150287364369352,-4.499151243107857,4
60.99177837014471,-6.14712770392771,-0.1883958739943754,-0.25282563964492244,-0.046690200780322065,-0.10879013439227511,-4.690415385679229,4
61.00845646103072,-6.109699870506885,-0.2858432486346767,-0.3857327637611774,-0.047414961072527274,-0.1292630900666268,-4.902651272475616,4
61.025134551916736,-6.107004587410582,-0.23128472337971773,-0.4793448839542884,-0.05409349953305721,-0.1403714713530962,-5.115607945531309,4
61.041812642802746,-6.429687983253029,0.1467129394226192,-0.12177112673766044,-0.033544706582781934,-0.19348505571754843,-5.303008227916937,4
61.05849073368876,-0.9867296286664935,-10.468157634687095,-12.154293041232025,1.0364117833696769,-1.7990601761450973,-6.428022122133573,3
61.07516882457477,-1.0446084830248559,-10.504173460775498,-12.061692663685987,1.056961223196362,-1.7829569322574943,-6.561672093944124,3
61.09184691546078,-1.3658373402185164,-10.379192911765774,-11.847599691740575,1.0009005201630878,-1.8033800700981968,-6.632668214854084,3
61.10852500634679,-1.5666809801704646,-10.413479470658233,-11.847242079934436,1.0153268424645603,-1.7886787625438332,-6.7075446246974515,3
61.125203097232806,-1.9616912990027746,-10.219089011620085,-11.582862674569274,0.999669381486916,-1.798141438514436,-6.743938162919223,3
61.141881188118816,-1.863010745512292,-10.517040733891099,-12.051646396303365,1.0121290248349828,-1.845127420766352,-6.8048888641607785,3
61.15855927900483,-2.110642203099964,-10.402364389482683,-11.842808141707547,1.0303606745566738,-1.7819699524821504,-6.809826187820052,3
61.17523736989084,-2.211026456812502,-10.35420345014743,-11.968298643796182,1.0183431462462524,-1.813860918143055,-6.803050150254882,3
61.19191546077685,-2.4997689621681936,-10.27766329225501,-11.855849209762646,1.0130492653850365,-1.8516959267059736,-6.824554431890033,3
61.208593551662865,-2.6049220750472077,-10.203218805113503,-11.758767827647437,1.025697543255175,-1.8041113490096878,-6.8072647424390365,3
61.225271642548876,-2.5760603832621154,-10.349846535254573,-11.85442547472822,1.0254156879991856,-1.8100144499137596,-6.794365069411068,3
61.241949733434886,-2.569929334405516,-10.357693423684143,-11.964792673425503,1.0255924027416887,-1.8627388448051088,-6.798422839662443,3
61.2586278243209,-2.6968653733339805,-10.209994347061192,-11.743357670524949,1.0240907477429666,-1.8419298615789301,-6.7858397740530005,3
61.27530591520691,-2.5644066753983807,-10.505099853811394,-12.02226928211799,1.0359260399049877,-1.856019967634764,-6.747158498933791,3
61.29198400609292,-2.6367142449046552,-10.369431915421158,-11.837777827038423,0.9960204201075472,-1.8134416085732172,-6.701999060709397,3
61.308662096978935,-2.386499875262026,-10.681877926045772,-12.10283062649011,1.0188340200263188,-1.7939832449520987,-6.682426366443549,3
61.325340187864946,-7.341007082986283,-0.6216565353811141,-0.7324113444531839,0.013798666237196356,-0.2041550157848596,-5.683197906989537,4
61.342018278750956,-2.2701435829084478,-10.684678301715774,-12.186725967853786,1.056530384832668,-1.807472722593835,-6.535134279881249,3
61.35869636963697,-2.315596776235366,-10.55563129432378,-12.188415093909514,1.0485369784063268,-1.845204390735999,-6.44832851341628,3
61.37537446052298,-2.3160337330265515,-10.744643644591315,-12.256225432022475,1.0646590846937203,-1.8128868184274163,-6.365728144294126,3
61.39205255140899,-7.385095535912751,-0.5223154266413137,-0.7436231906097965,0.008318738825641943,-0.1681790544823665,-5.323038299841726,4
61.408730642295005,-7.396530233362366,-0.5733018842035043,-0.7927109321079127,0.009891426293776628,-0.15536941986559877,-5.208498675047928,4
61.425408733181015,-7.5203264692478715,-0.39540545279165373,-0.6160408838647105,-0.012974408986184576,-0.16566706211868987,-5.075625037726792,4
61.442086824067026,-7.331826867135867,-0.49370306727332736,-0.8036500007403,-0.039476159327093384,-0.12924342726686458,-4.939170202338992,4
61.458764914953036,-7.466463862148343,-0.05460523058215694,-0.4088456451363469,-0.01862685012551882,-0.14679138280168255,-4.803504994222949,4
61.47544300583905,-7.278046200882179,-0.19742597564470588,-0.5026828784977775,-0.048592489363236444,-0.13617958523451204,-4.676182822345464,4
61.49212109672506,-7.06608239865187,-0.15038237402749366,-0.31950730359697044,-0.052223644752321274,-0.1426306642968077,-4.600151472919596,4
61.508799187611075,-7.05031124866657,0.1214143977988571,0.03740404803067143,-0.05677243043149459,-0.12128905688690293,-4.4945179881005695,4
61.525477278497085,-6.565910021472031,-0.02657155069390149,-0.16698819258673225,-0.06816838392261353,-0.0857790125118529,-4.3774372210777415,4
61.542155369383096,-6.122867779638512,-0.2795542952110659,-0.24414876963191023,-0.05227208311772107,-0.08965645155809758,-4.328145099316979,4
61.558833460269106,-5.8638381155057635,-0.014161993693018404,0.02628928565999855,-0.053230888877566294,-0.10257121047277243,-4.271990113429063,4
61.57551155115512,-5.457892065042697,-0.03849647124185451,-0.06101141151019118,-0.05439866450544694,-0.06983739181439085,-4.128030077838325,4
61.59218964204113,-5.418156486985412,0.3257297801986052,0.16233550585283107,-0.0653850157161468,-0.0781167223116871,-3.960869082575812,4
61.608867732927145,-5.26004480728794,0.41125137634056896,0.2043648402165954,-0.09097630443483308,-0.029220354554831105,-3.775294506166714,4
61.625545823813155,-5.023130707471818,0.42533560229364875,0.2599249362896314,-0.0763857225106048,-0.017787979733882187,-3.611670293490578,4
61.642223914699166,-5.030989855588894,0.6742826825010324,0.5387771277944822,-0.07950574709396654,-0.02429224547774968,-3.4483117545073263,4
61.658902005585176,-4.655443450033701,0.5898687407595429,0.4054205648153373,-0.0819336213842764,-0.04134245589614539,-3.291312092163276,4
61.67558009647119,-4.157299340443809,0.21864228663494445,0.13362683189298252,-0.07098537187369773,0.011243138189510627,-3.1175054304199517,4
61.6922581873572,-3.8739148280257356,0.3680882197340307,0.3156854983034161,-0.08522510911898135,-0.01698991662100166,-2.969109663747706,4
61.708936278243215,-3.3716435360363723,0.08080891783862565,0.08654619601181124,-0.0715031324993701,-0.04892277503131031,-2.8720547931773646,4
61.725614369129225,-3.0816534872167907,0.3028623697013145,0.35972932426130855,-0.08533262561261647,-0.055652969497591805,-2.7303927980140275,4
61.742292460015236,-2.494667749978888,0.11107407819840731,0.22053886556710667,-0.06761652371431816,-0.04680353428671691,-2.586592470773348,4
61.758970550901246,-2.001075487733959,0.09445867413200959,0.13965690173356593,-0.06151526742046646,-0.0618538244704687,-2.488627921403732,4
61.77564864178726,-1.590548968396736,0.15644011237990402,0.17585088759024226,-0.07268717210150663,-0.032640124694064514,-2.3470414524951133,4
61.79232673267327,-1.056113542685579,0.109921898747881,0.1549904089961272,-0.06656243169490468,-0.012650772830885684,-2.207599255918497,4
61.809004823559285,-0.6178581557599027,0.2032130308910356,0.19407578128203393,-0.0518575282850951,-0.06310812543956942,-2.090628618202635,4
61.825682914445295,-0.030906546591939574,0.2245259828026276,0.23615387886395137,-0.04777282050364986,-0.06552581728464166,-1.979244391673895,4
61.842361005331306,0.6334397243271294,0.2586977051688515,0.26539703467251374,-0.06516686214568651,-0.04928908135585462,-1.8316534732453325,4
61.859039096217316,1.346369299134261,0.29705667954763526,0.31911860889136956,-0.07549742136806707,-0.042086622030131624,-1.7466850870116404,4
61.87571718710333,2.0732361088911397,0.19302380707908678,0.3090766670335762,-0.0418890495303484,-0.04644607882633581,-1.6760840148950529,4
61.892395277989344,3.0599810294830325,-0.10785735639115412,0.059188664658916035,-0.04543989705026187,-0.05208116872001467,-1.5717683802748557,4
61.909073368875355,3.842704560063758,-0.09115782922765692,0.1401764406069661,-0.044044557596482445,-0.025876816665635863,-1.467931004919915,4
61.925751459761365,4.542454766179654,0.03329533867034851,0.20674647556990977,-0.053382665855777583,-0.03522189021148019,-1.377111876615025,4
61.942429550647375,5.0882456672182315,-0.04658036403999999,0.06509491328339378,-0.021090905377637425,-0.01620617012428709,-1.2443665741126284,4
61.959107641533386,5.366614469596746,0.26801172550848484,0.2481458278008788,-0.061131740256036994,-0.024590545178360984,-1.052865383361802,4
61.975785732419396,5.900335880966826,0.1763489509342382,0.1250034954377346,-0.08327925219263747,-0.04422317979078771,-0.8886786857543318,4
61.992463823305414,6.44181050972106,-0.034558760535442046,0.006742940724904223,-0.03368841062216182,-0.02889809500411748,-0.7486582633441685,4
62.009141914191424,6.964884283383853,-0.11046271735712399,0.07279217624325796,-0.025169514115375373,-0.03588470846863897,-0.5853614055251717,4
62.025820005077435,7.481463027765082,-0.2665535207307168,-0.0783965362198824,-0.04542440997612677,-0.0556095970579911,-0.4285462708972207,4
62.042498095963445,8.252337651454994,-0.23295084911156128,-0.12617184456006703,-0.038749076711547925,-0.026316879169787803,-0.3004153569742406,4
62.059176186849456,9.020947180621226,-0.13300111370530976,-0.012333798421524822,-0.03675384989455951,-0.02276892732191959,-0.24691057238565958,4
62.075854277735466,10.17388985437834,-0.37497998222967066,-0.18551623177362897,-0.034409968290663485,-0.03474771597629087,-0.18848202540677927,4
62.092532368621484,10.922384611517423,-0.09800651187359266,0.11927373805403407,-0.04232272653633177,-0.03531397330977253,-0.14303048883665748,4
62.109210459507494,12.18567320905909,-0.3582940304864728,-0.09715691124780923,-0.03542695133830775,-0.02409142699898657,-0.09958944744445876,4
62.125888550393505,13.329604235052305,-0.38409794994782187,-0.1607501670402245,-0.04503333742145843,-0.039875098729811605,-0.04599002921859712,4
62.142566641279515,14.229561724333832,-0.30943900388079904,-0.02963377571964454,-0.04851879093616898,-0.03688839881014777,-0.01078153463660119,4
62.159244732165526,15.074416434546478,-0.14350062127883856,0.11153785651172488,-0.041120388829955175,-0.03181575272954275,0.050579398944598855,4
62.175922823051536,16.13073064346789,-0.21545128779730582,-0.02860156483795162,-0.02982175594515613,-0.026834392719145825,0.1025318868436529,4
62.192600913937554,16.637355664047345,-0.05648423982165518,0.24128389524055915,-0.026953608415503413,-0.05141917406706898,0.1726617385561037,4
62.209279004823564,17.388924447972983,-0.13384196395831438,0.03798953138821304,-0.03133214965785995,-0.04345790332894743,0.3009281260951705,4
62.225957095709575,17.84336660994269,-0.2766436305725657,-0.013118003360896857,0.0013057874144777324,-0.012920170705103628,0.4125355804830098,4
62.242635186595585,18.468175193387083,-0.468810400738624,-0.23579471014977393,0.005816978694296187,6.295694966357115e-05,0.5875534851111036,4
62.259313277481596,18.62062844296088,-0.3198294765567917,-0.05768650130503872,-0.010330245357864183,-0.01788966020359818,0.7324073693889112,4
62.275991368367606,19.063790226437547,-0.5345948301299064,-0.27415241846738336,-0.012608008102736778,-0.004670475235519055,0.8871415079371102,4
62.292669459253624,19.171721855339328,-0.5687679559070826,-0.17743869406924162,0.005141376293793357,-0.0022722961239717474,1.0279173705014006,4
62.309347550139634,19.407158812579837,-0.5669387357768558,-0.3999915764896489,0.0059254202272093605,-0.01919086241535202,1.180022436127386,4
62.326025641025645,19.40939023649989,-0.45305133106859863,-0.23342964378555475,0.005300469845803042,-0.018400420768823374,1.3439169982696029,4
62.342703731911655,19.25142202548983,-0.22950980110621,-0.04014379782713906,-0.014242568015725722,0.006158329437792716,1.527714812725866,4
62.359381822797666,19.34305023102861,-0.35510472528777104,-0.09073041949038263,-0.017864580397505027,-0.00685065896037481,1.6763572328008256,4
62.376059913683676,19.511985155555905,-0.5427978693429507,-0.2616353379691567,0.013140738537491784,0.006048675343330341,1.8448855688334538,4
62.39273800456969,19.761825796637346,-0.889633037229582,-0.5499245461378237,0.024226910851792002,0.028332331930860637,1.985656940932892,4
62.409416095455704,19.468042041403244,-0.46387267036155144,-0.06749397020087411,0.013935633600177038,0.0015644566942769646,2.1089280305913465,4
62.426094186341714,19.736969117838054,-0.7648555587278123,-0.2879296524085646,0.025514683067155222,0.007620718374883122,2.254386267050811,4
62.442772277227725,19.734065045508316,-0.7790197273792812,-0.369929302748079,0.03967254308757967,-0.0138985447302032,2.3530059662988703,4
62.459450368113735,19.722806254173513,-0.8979863761469993,-0.3607607603700602,0.02447496228890498,0.014781064501714623,2.483091841644794,4
62.476128458999746,19.739600071149024,-0.8786513481494014,-0.40767273365972034,0.02858436688775646,-0.003158242232452927,2.580441033297022,4
62.49280654988576,19.684389255029316,-0.9261301624898683,-0.4044547963605716,0.04414517910257173,-0.00015564118974541028,2.6882518179011705,4
62.509484640771774,19.291192499538724,-0.6451052443936103,-0.20232897409872308,0.009496402879423561,0.024723164431674122,2.810823824758969,4
62.526162731657784,19.040676238209194,-0.7544766972131072,-0.35148196522434016,0.04325764307025866,0.018856501490012636,2.876476259742065,4
62.542840822543795,18.59823279766023,-0.49243808343504814,-0.3573010882040695,0.0028692502311051435,0.016440210410697667,3.0100356924893727,4
62.559518913429805,18.094634564694,-0.5100761269395209,-0.31951564468278537,0.02171491052005903,0.04823018704615559,3.1215280611254754,4
62.57619700431582,17.68046719057963,-0.49110978500950075,-0.28232026271010113,0.03375902848487404,0.02839810528977644,3.2254014085910447,4
62.59287509520183,17.255334739173207,-0.6355221274576364,-0.36350288930645824,0.03793538718292441,0.00022542402267447184,3.3179639914852563,4
62.609553186087844,17.00062224369151,-0.9485912320305774,-0.6064066930945069,0.07258579252302658,0.009842069929750416,3.409068260495335,4
62.626231276973854,16.536117022709686,-0.9473966110641703,-0.5297434890962718,0.07622819833181117,0.02193224307305792,3.490761710749659,4
62.642909367859865,16.253730839139696,-0.9319926221074919,-0.5196932117654107,0.0835658149608074,-0.012003556903274327,3.542408857353806,4
62.659587458745875,16.003300778637445,-0.7807382558523202,-0.4446464146318556,0.048124118908284254,0.01923826410382673,3.5924818012934265,4
62.67626554963189,15.985367391998505,-0.9305720913280293,-0.6231835284471128,0.05903379811284269,0.013756645241461547,3.6536356978104436,4
62.6929436405179,15.789172519570696,-0.9744597480574013,-0.5692944760613541,0.04742386584175876,0.030792366056351984,3.714624374999606,4
62.709621731403914,15.67226977101409,-0.95020313924707,-0.543804606556697,0.03796325568936967,0.0036761776910586596,3.7198407231072634,4
62.726299822289924,15.646527578041038,-1.0673298011107644,-0.6708380139231398,0.07082455095550895,0.023474142720804527,3.741531997249238,4
62.742977913175935,15.363423270231655,-1.0161941093556166,-0.5389471788238085,0.05143134913069929,0.040298454180872606,3.7931593210281287,4
62.759656004061945,15.248921100004965,-0.8133538260872237,-0.4540129576116323,0.06515690888297332,0.011957538979738721,3.791270860237777,4
62.77633409494796,15.108935582486485,-0.9237095978875924,-0.4943303715099674,0.0622663444500637,0.029474666694182142,3.8353812480988148,4
62.79301218583397,15.269408354177205,-1.2111211937063002,-0.9201217679467719,0.10386713955678036,0.018749356130990404,3.8288600510947313,4
62.809690276719984,14.715318222355117,-0.9562462315974289,-0.621756494220385,0.07452174530818242,0.009185514644453456,3.8285310359328304,4
62.826368367605994,14.392378370487846,-0.8247076656331944,-0.5945158555799441,0.06208151294446004,0.009797377506983533,3.84244570361429,4
62.843046458492005,14.575846960850244,-1.81544502882437,-1.3550331672207214,0.16926842977296547,0.037807457161938604,3.768264949730762,4
62.859724549378015,13.44607554140347,-0.7459752836072737,-0.506375115633257,0.06026344785149613,0.05332605336366446,3.869115994991499,4
62.87640264026403,13.01475509889692,-0.7649510849526528,-0.5346191766422659,0.06359660644123569,0.023790747765797017,3.875100577097925,4
62.89308073115004,12.471507908134916,-0.7542446201007031,-0.5314048166848457,0.061922933065678844,0.031007906000568512,3.8931793246996493,4
62.90975882203605,12.03630386622504,-0.8432440037207622,-0.6962208866113739,0.0606286885479893,0.03753684984760092,3.91427033234312,4
62.926436912922064,11.383659243884038,-0.8115515374716011,-0.649168964370304,0.03584690255203351,0.07127464592661147,3.9427578111694457,4
62.943115003808074,10.86679627510159,-0.8777695123486637,-0.680369732268181,0.061142191472758116,0.0656232103654921,3.9350410940142004,4
62.959793094694085,10.27681753588452,-0.8524838019971792,-0.5714543111753101,0.04932502572708255,0.023466742353014037,3.929279001261049,4
62.9764711855801,9.818951487890565,-1.0662020350590073,-0.8461723110228512,0.07498154369492213,0.05235409840348946,3.9250552016282985,4
62.99314927646611,9.412911355804411,-1.0542686430718167,-0.894962695918363,0.06709607919304397,0.022036156358193386,3.9270944559406145,4
63.00982736735212,8.82963140519918,-0.9675342719746047,-0.7702341559245927,0.10041631029101403,0.04218100625760197,3.9003966896683555,4
63.026505458238134,8.507068955182778,-1.112699510693047,-0.9322083209178396,0.08448373387055305,0.018902174750834323,3.8881016923951552,4
63.043183549124144,7.955687613234472,-0.9201802210209677,-0.6415714009423774,0.0880147597719371,0.03900642175742073,3.8977552792307226,4
63.059861640010155,7.704623651600574,-1.013205312915087,-0.7135053220373875,0.06666667850779694,0.03644665348149262,3.907512680656501,4
63.07653973089617,7.270168899280011,-0.9348949951402503,-0.6537003204036758,0.0746181518655451,0.007583801012415307,3.850689597384559,4
63.09321782178218,7.092436822297457,-1.0398277333277288,-0.7681517702794691,0.07919466246414383,0.04599949354107635,3.8580178941589587,4
63.10989591266819,6.76973010497805,-1.0658241784483384,-0.8322749459995307,0.07361225758011013,0.022653990421567266,3.799214137534934,4
63.126574003554204,6.316023542142226,-0.8963123788389971,-0.8064551083242997,0.06397253941463471,0.028120713803286648,3.7828887439273466,4
63.143252094440214,5.717553068529224,-0.8236059985874378,-0.6887390611016553,0.048126485779348166,0.032309450949854844,3.741934588867461,4
63.159930185326225,5.216751670766795,-0.7102843352619201,-0.6662591485578782,0.07480596623567332,0.044990766202266094,3.6950127824876526,4
63.17660827621224,4.594265461316036,-0.6249840747117372,-0.6262286013611287,0.06482002734994909,0.02278957023260925,3.6677729732285393,4
63.19328636709825,4.200314785830568,-0.8614532606256811,-0.8742015726278793,0.09348564914725688,0.007235720956452993,3.6337591096293096,4
63.20996445798426,3.5688459381444346,-0.8074797587871736,-0.8230699187540083,0.07074125602549297,0.01855971273082299,3.615523819970761,4
63.226642548870274,2.7984164076976152,-0.7266945134921572,-0.6475531674691642,0.10116631108065595,0.028928009518298922,3.5754405654233947,4
63.243320639756284,2.50195706307274,-0.999521590096133,-0.9016385579903822,0.08390113437790395,0.024563598956857315,3.5396695687099737,4
63.2599987306423,2.0337722661155593,-0.8444352956512773,-0.7989572207665642,0.08791857317596148,0.04754567559699202,3.495870149979646,4
63.27667682152831,1.6220914760593224,-0.878233637467053,-0.7959675123564022,0.07090505534176218,0.01345755710395721,3.418616655877515,4
63.29335491241432,1.2145846713248603,-0.9796834392177203,-0.8100454828431218,0.08817664233572403,-0.0022481985787761506,3.324694075119894,4
63.31003300330033,0.8323050579601741,-0.8542947845847787,-0.7738110945838429,0.06658639582205583,0.054806837895083345,3.2923033908377435,4
63.326711094186344,0.5472348523319832,-0.8370032483876372,-0.8321116144953695,0.05215114596384015,0.03250936015499135,3.215487770677586,4
63.343389185072354,-0.020988650451661373,-0.6119462949417107,-0.5368509053138792,0.03487005127858074,0.024074929529990168,3.134216199689552,4
63.36006727595837,-0.35005757153264133,-0.6580439347490259,-0.7048002675462577,0.0705248212355924,0.010026273859842413,3.023737869738173,4
63.37674536684438,-0.4595327537519278,-0.8558835298894982,-0.86311552284638,0.08068080801190396,0.022671671396294713,2.938973057435092,4
63.39342345773039,-0.9528350170084162,-0.6630826243210648,-0.7035698862756785,0.04895015873501614,0.019324754894735386,2.8657453261171764,4
63.4101015486164,-1.1693456966392168,-0.8078050694322649,-0.8423678950009674,0.08734160877481402,3.604628718877153e-05,2.7497092614296097,4
63.42677963950241,-1.5995525403087785,-0.7857250431652094,-0.8214885731336753,0.04922172252220457,0.012406712855285445,2.6575849811810754,4
63.443457730388424,-2.127607095319709,-0.6330839408949203,-0.6852011617051141,0.07175152769122017,0.01897149101542316,2.5630825398157078,4
63.46013582127444,-2.6828601224570687,-0.5930476981330566,-0.754711051156669,0.07236645643139715,0.0002368757163919229,2.4392326324399627,4
63.47681391216045,-3.2731940236821044,-0.5145895126700478,-0.7307054262615055,0.05767528324695416,-0.008004553464078728,2.3335259539607547,4
63.49349200304646,-3.8238212602453294,-0.500047697492253,-0.7699983538549738,0.03916979440575603,0.01013765253297471,2.2355417296047646,4
63.51017009393247,-4.719582003403603,-0.19916875145415047,-0.4180373678923732,0.03872699036051303,-0.005296959170529326,2.138881235681149,4
63.52684818481848,-5.164404222318429,-0.3088089183369549,-0.6086762413120836,0.07602794021237991,-0.02509220888614343,2.01755107026728,4
63.543526275704494,-5.673173356315306,-0.5399957819472148,-0.76941813954903,0.059607457069387214,-0.015239279574437143,1.918739839503002,4
63.56020436659051,-6.110083170353582,-0.6158958885306351,-0.7031650695278251,0.049337811783821295,-0.005856444720300896,1.8078910110257875,4
63.57688245747652,-6.233740849736879,-0.584053924643468,-0.7176899040693425,0.0293291307794799,-0.025966025679521002,1.6402357167762165,4
63.59356054836253,-6.356177702042596,-0.5363728093015512,-0.6426777447882945,0.05407265400775779,0.009895627926157767,1.4515762750496513,4
63.61023863924854,-6.5186653021421055,-0.48762270920155837,-0.6016177540867429,0.04345289839210421,-0.005997619298610589,1.2479344325375035,4
63.62691673013455,-6.411034355483606,-0.4700721503206011,-0.6256228699040831,0.03661559322429965,-0.0024306397325835074,1.0412931852394391,4
63.643594821020564,-6.562096422262985,-0.2657040873863077,-0.547073062184966,0.00031387983152814737,-0.022090303550876284,0.8340349501479969,4
63.66027291190658,-6.511496546093733,-0.36654651755095946,-0.6394542133266314,-0.009530800321343642,-0.0014708199711667596,0.6404446446058981,4
63.67695100279259,-6.5755350637189744,-0.38793504652483746,-0.6136202920358134,0.036478989555433286,-0.025544508580547493,0.3893063536172758,4
63.6936290936786,-6.803445954440733,-0.15188278032606473,-0.299128052606515,0.005865692112910266,-0.022647022976158938,0.1656298508561594,4
63.71030718456461,-7.0572100620059075,-0.03393908881569985,-0.1149650738853607,-0.008939554253130628,-0.015012961773589304,-0.06300160461175813,4
63.72698527545062,-7.024339706329337,-0.19376341773739592,-0.3279336332888634,0.005471379555947135,-0.001441582729315156,-0.30896562104999586,4
63.743663366336634,-7.314956669004622,0.04067982098830081,-0.15060735348617316,0.010770115891564506,-0.028950415066816997,-0.5423729195464708,4
63.76034145722265,-7.392855763043094,-0.10569267541363403,-0.4218091349221784,0.01012706802362099,-0.030865796990767684,-0.7600806046293689,4
63.77701954810866,-7.9473483121470165,0.19787871940572055,-0.1356700235743875,-0.04997265456691204,0.010728016024724075,-0.9518740492522462,4
63.79369763899467,-8.225105558944222,0.34664223647351555,-0.18610540369632034,-0.04563620109539016,0.016485715514944595,-1.16098169716094,4
63.81037572988068,-8.44056135844386,0.37490810103323646,-0.17522950267085013,-0.0414269392497599,-0.004320255067665235,-1.3569952754472894,4
63.82705382076669,-8.811486880857291,0.38956301815294214,0.014094255135034928,-0.018928506620172404,-0.019441130983033524,-1.5684578259837023,4
63.843731911652704,-8.906182050374213,0.23163768671565155,0.036825098959215374,-0.059554146826771286,-0.022577101860838944,-1.7895246909479223,4
63.86041000253872,-9.00920261701355,0.3321328354125095,0.10109375594822678,-0.0629797851646972,-0.0483879945133317,-2.0791822759077734,4
63.87708809342473,-8.973250138881498,0.33202056446408124,0.10449839698989916,-0.07378500445918906,-0.016306260064072653,-2.3175947789351605,4
63.89376618431074,-8.930610414036696,0.3747438060320851,0.15543832710445882,-0.07036079009217275,-0.025914655507486277,-2.5982243216331393,4
63.91044427519675,-8.813237635191488,0.345812667877754,0.14460150659001192,-0.08467452118611109,-0.015418854224116062,-2.849190349336793,4
63.92712236608276,-8.633842838306894,0.46905843378237444,0.1736344133502823,-0.05937978205927846,-0.03390073236949264,-3.1336174610117977,4
63.94380045696878,-8.354865364469017,0.4880845038853239,0.0748826727422589,-0.07964386703351266,-0.04389054313528344,-3.4751958019500764,4
63.96047854785479,-7.98539979759558,0.24653597190502996,-0.12808647610556712,-0.0698614798346878,-0.02780622413398447,-3.7913566357669963,4
63.9771566387408,-7.83392693955222,0.3082187034710211,-0.099952112948412,-0.020404004583845732,-0.09948963924068162,-4.125927261752531,4
63.99383472962681,-7.420084934262604,0.07566576931154012,-0.28105107237750726,-0.06828229374666729,-0.11553272491894614,-4.41885758824167,4
64.01051282051283,-6.947063504666084,-0.20234530869287237,-0.5353576876922825,-0.013610292197688086,-0.13983600051328163,-4.727948139180976,4
64.02719091139883,-6.773313276979781,-0.22895854469972843,-0.4297931125554395,-0.012125026970625775,-0.1465520914754,-5.027445486074398,4
64.04386900228485,-6.613222467228276,-0.21414423045512554,-0.5606077504068436,-0.0324737533484927,-0.16309799447099105,-5.240766790913505,4
64.06054709317085,-1.2001396811948686,-10.73972927148269,-12.275862321258003,1.0370396452373312,-1.7952095371625065,-6.369499026126905,3
64.07722518405687,-1.0786840682446996,-10.70208807839419,-12.328968844064336,1.0624019581781963,-1.7878377918252808,-6.579823869742809,3
64.09390327494289,-1.242980062155632,-10.254708367129272,-11.891881697212911,1.0208425558062681,-1.7985290154404694,-6.734045107831294,3
64.11058136582889,-1.2397499982669125,-10.155325451870583,-11.817136789860704,1.0074081416410587,-1.7882861384093467,-6.877866714360861,3
64.12725945671491,-1.0651545288520419,-10.061530453751345,-11.794455345361392,1.0317881710074608,-1.812536183103374,-7.062587890501888,3
64.14393754760091,-1.0594088736890468,-9.790503881891548,-11.372608330482137,0.9519052063064564,-1.774533728236415,-7.124882801797461,3
64.16061563848693,-0.9087560032500726,-9.65562544263948,-11.246722253445064,0.937592270373482,-1.770670196188062,-7.256188263895302,3
64.17729372937293,-0.6612334001245097,-9.634418091248186,-11.185863921278571,0.9479598352776059,-1.7958588140894318,-7.389068221685984,3
64.19397182025895,-0.054396865383169235,-9.574948594122302,-11.29763277180166,0.9628128940984203,-1.827813873758266,-7.597924755187882,3
64.21064991114497,0.5815077710910712,-9.42028326264967,-11.144294546069242,0.9339871406972129,-1.816821508952503,-7.762096486867043,3
64.22732800203097,0.9297913651006251,-9.129774688892464,-10.692575539989734,0.907183451389109,-1.7995926191831249,-7.931831889681399,3
64.24400609291699,1.8188924921087937,-9.136990183081735,-10.815020527312097,0.9009208489841887,-1.8057929962979733,-8.088288467922194,3
64.260684183803,2.6641836562042123,-9.304058344601161,-11.005713499743539,0.9167362738625368,-1.8246501205658308,-8.232651475263294,3
64.27736227468901,3.0557171734578445,-8.877910562371557,-10.440002726511972,0.8924992809224649,-1.8081612164395884,-8.382725048139394,3
64.29404036557503,3.940372823941904,-8.817949687572591,-10.30411756029381,0.862923209490146,-1.7786227290127417,-8.492088986111538,3
64.31071845646103,4.906648125164276,-9.098646765047922,-10.576076151903312,0.9088188042813693,-1.834797318851844,-8.650175557215826,3
64.32739654734705,5.577949591253277,-8.902529231589215,-10.31305328470209,0.8689372384419339,-1.791280929237302,-8.706865646378022,3
64.34407463823305,5.883561688583225,-8.36147620399993,-9.76783045945766,0.8337490118553319,-1.8041160310069098,-8.753581261163689,3
64.36075272911907,7.136464896959475,-8.908874745105834,-10.317337422083174,0.8710051947608819,-1.7659884393778114,-8.803739249537637,3
64.37743082000507,7.527685260927167,-8.444334308396494,-9.940528870190928,0.8385880570640838,-1.8011680291869117,-8.787339929910114,3
64.39410891089109,8.266677874097942,-8.632705827136418,-10.01477229651946,0.8439076626970178,-1.8044616297590204,-8.80370390878238,3
64.41078700177711,8.892935221613644,-8.552939820693135,-9.891359338745637,0.8376381656266021,-1.7781801043126295,-8.749936108175865,3
64.42746509266311,9.636463145860962,-8.769416664771466,-10.004905089248746,0.8657262404765057,-1.8053089702196852,-8.730770383572711,3
64.44414318354913,10.10183443279626,-8.531006059188396,-9.85361260561345,0.8315241038032417,-1.8104931922897949,-8.645817312557213,3
64.46082127443513,10.8251134051586,-8.536975658923266,-9.837471420906974,0.8436646599655073,-1.7525375530639689,-8.52676153661422,3
64.47749936532115,11.514275369307256,-8.752896836704087,-10.017978477288242,0.836913234780379,-1.7739296135493792,-8.450720049765089,3
64.49417745620717,12.271029311591043,-8.751401409600195,-10.072980489971126,0.8533803166596993,-1.7752188179745017,-8.365960476857898,3
64.51085554709317,13.093614411719283,-8.905230298187185,-10.221048291788062,0.8551056843660578,-1.787527180769652,-8.27068761830712,3
64.52753363797919,13.784054694180508,-8.879276350790878,-10.095239699173664,0.8706695254419327,-1.7722953595254685,-8.14336531527316,3
64.54421172886519,14.70605274699315,-8.981157196306983,-10.201678378211824,0.8596196690124347,-1.777191267218234,-8.03348241154022,3
64.56088981975121,15.778922948421469,-9.208013462596995,-10.33085525763057,0.875275151853999,-1.7612903761961802,-7.939033983432915,3
64.57756791063721,16.612619386455563,-9.229238743903334,-10.244709346160175,0.872299042593301,-1.7408826973636735,-7.861769364364222,3
64.59424600152323,17.69600698965611,-9.335210780494327,-10.3103601981178,0.8537924409596251,-1.748493986921542,-7.758291719109119,3
64.61092409240925,18.98206851271936,-9.74917482002182,-10.741106576383615,0.9177119408204338,-1.7680131139991426,-7.679965511866503,3
64.62760218329525,14.446412728473234,0.13048809366037517,0.3132562350324841,-0.07111835866361711,-0.20010260981689093,-6.482617638139719,4
64.64428027418127,14.853053003880149,0.0947934290583845,0.39347739400716186,-0.12039736305667331,-0.1254488644619158,-6.174245750486393,4
64.66095836506727,15.210086380975085,0.18233117530542753,0.5822464374266669,-0.11914881574596678,-0.11363126724189024,-5.861789928883144,4
64.67763645595329,15.391947428588683,0.6220754421075183,0.9697224889524652,-0.15153541737554438,-0.07694576200865406,-5.521491498113604,4
64.69431454683931,15.674510596137617,0.5746012866145103,0.9439357755057998,-0.15107427399903495,-0.025743142309457838,-5.160712190834834,4
64.71099263772531,15.862988722752755,0.7488468072709069,1.021643697639588,-0.19111536290922423,0.0020258274610164503,-4.774697637407548,4
64.72767072861133,16.116234645032417,0.8699890227136642,1.1831742706738844,-0.14671242446275704,-0.06782357517287473,-4.434345163133192,4
64.74434881949733,16.576267644726933,0.5634969988793053,0.9277628367885207,-0.12711807523173246,-0.08262759235064492,-4.121929297301222,4
64.76102691038335,17.00690965633046,0.5228694535522278,0.85046365311723,-0.12325728383809963,-0.04867483021215327,-3.7349344658664907,4
64.77770500126937,17.393931622765713,0.4944958126132768,0.8540970508155041,-0.10170484268841487,-0.03625455564802955,-3.3812141116637595,4
64.79438309215537,17.98350006375277,0.32104373544170883,0.6822086502638456,-0.10789152279680317,-0.05090024371302263,-3.03819005882423,4
64.81106118304139,18.369961134118427,0.295727469691732,0.660964411542353,-0.10047615153903937,-0.061159911334162265,-2.7003656970317014,4
64.82773927392739,18.88743359293357,0.3458621213045916,0.737463988229182,-0.08549585596754462,-0.05923240467969024,-2.3965784507194425,4
64.84441736481341,19.50281999756647,0.22856154027625486,0.7127546559479674,-0.0831327769702203,-0.0553833323052671,-2.1406671192427584,4
64.86109545569941,20.411792276381547,-0.043091168532181534,0.4651012201065168,-0.05106042325116766,-0.04692243000851653,-1.8880758413034755,4
64.87777354658543,21.115707808396355,-0.1961247822121983,0.27360760361011227,-0.04155889186035416,-0.04423328566143301,-1.634590706345622,4
64.89445163747145,21.508079281225335,0.08621416167195584,0.5516809022505837,-0.08335209662722591,-0.003933753620314194,-1.3567296098017796,4
64.91112972835745,22.48818757664388,-0.27461965423027745,0.2922005901757796,-0.02351833961353573,-0.02120783251878142,-1.0956221453936354,4
64.92780781924347,23.02638631141505,-0.3629607933948771,0.15137731458094095,-0.04366278546586301,-0.02389019258027855,-0.811459249557185,4
64.94448591012947,23.265166203172072,-0.149667396974146,0.34595027064877915,-0.071852425628024,-0.018954692808116548,-0.5444131914260312,4
64.96116400101549,23.876587033234664,-0.33228166267294945,0.04039827758857584,-0.0343530856380806,-0.033966873573461086,-0.2628104716673797,4
64.97784209190151,24.211919678912917,-0.21644709863981682,0.2062873194098387,-0.028840360997392032,-0.02508416366004278,0.012196345981741758,4
64.99452018278751,24.3142325091923,-0.016028412551391646,0.390916100361796,-0.05224829174580896,-0.036871396893042904,0.2721156439476105,4
65.01119827367353,24.775853834393914,-0.39230802976090384,0.2225637604828492,-0.03849168596671004,-0.015310449169179159,0.5318739770830517,4
65.02787636455953,25.16778458392951,-0.30613413225536235,0.2913741125181568,-0.02877645007266296,-0.021983565585169812,0.8146116980135631,4
65.04455445544555,25.60525598761358,-0.6233844463333496,0.14553819603379026,-0.009717394157154268,-0.01050791188524111,1.0491288367702518,4
65.06123254633155,25.965635345259145,-0.6196741829687387,0.11029626758404731,0.02546289270244069,0.004140595667137885,1.2736212260157411,4
65.07791063721757,26.339548184448002,-0.6894895098609402,0.09122454096192634,-0.0011606571595878042,-0.015204725230872988,1.4664869089418062,4
65.09458872810359,26.902300094781445,-0.732935508307051,-0.10513618113777845,0.03909300396520674,-0.022889192642511543,1.6641974471251617,4
65.11126681898959,26.924650233139346,-0.38482761712800606,0.2868863133485817,0.018092557479303467,-0.02649508437375051,1.8368779815374432,4
65.12794490987561,27.521348906827996,-0.6367656056181898,-0.0056583195078818704,0.0043154340015624645,0.016120719764085464,2.0384639678017042,4
65.14462300076161,27.936846005160117,-0.6865108761580112,-0.05479867864904975,0.008772856626669944,-0.0030448856390236385,2.192664077657018,4
65.16130109164763,28.521423318215113,-0.8477757747046573,-0.21127240670776004,0.022877329839865217,-0.005225459371294954,2.336813651025294,4
65.17797918253365,28.496955516537646,-0.5891957741012552,0.028808291418174647,0.01506288184191957,-0.006422894402655238,2.5203065469533295,4
65.19465727341965,28.6964691724475,-0.7719617370521323,-0.23167843183501624,0.044538636568143115,-0.02041066970644911,2.653228154344752,4
65.21133536430567,28.50611411345377,-0.5779207045937422,-0.06739722676680593,0.010550606535435988,0.011273894304715128,2.8522741046015447,4
65.22801345519167,28.596514058680604,-0.7881400463903265,-0.26393340711979363,0.0071516858887709185,0.003253133418890933,3.0092998456232514,4
65.24469154607769,28.174689241038212,-0.6308533376038978,0.030993788936175548,0.025450094282645868,0.005975915422732174,3.1626549273309985,4
65.26136963696369,27.850068370141347,-0.8070143373360494,-0.07205905766451615,0.04150901819416032,0.001354187396245979,3.318582138748965,4
65.27804772784971,27.485203334814436,-0.7958549071201828,-0.2950575983630266,0.02759295659185542,-0.020646511438291725,3.455912626974832,4
65.29472581873573,26.848683614934888,-0.668689195547552,-0.005213081368674821,0.028565235953199354,-0.000802872954553096,3.589510612305089,4
65.31140390962173,26.486216031601124,-0.8367051159667787,-0.25380322433525393,0.05208625078147773,0.006507441842787212,3.7099808644651597,4
65.32808200050775,26.011094243343784,-1.0066502000666473,-0.3452949290015006,0.07571878418323953,0.047343566600455425,3.841651665909004,4
65.34476009139375,25.58969769455018,-1.1847763810730205,-0.4728858382057535,0.08971570074638431,0.025615392192141675,3.9193016220747814,4
65.36143818227977,24.945459851549106,-0.9338730654247351,-0.3092880062285923,0.05556129617273929,0.03340155376114704,4.027640244183395,4
65.37811627316579,24.098102904620287,-0.7933119056973883,-0.14752538536090665,0.041692214777657936,0.03510752609281983,4.098408143270814,4
65.39479436405179,23.785127222108045,-1.0759012249365298,-0.49253714442322494,0.056187661862694596,0.03708919182059696,4.156271210841743,4
65.41147245493781,23.099635799422703,-1.1119124596717986,-0.5929622377449499,0.06600238211761898,0.040722476659131084,4.159088009618481,4
65.42815054582381,22.221912579157408,-0.9878924666404973,-0.4951924854229599,0.07422691526518721,0.03936281420304166,4.194146679603256,4
65.44482863670983,21.321503142538628,-0.8627674784062656,-0.4620933566776495,0.07180462769941637,0.022754715426006877,4.211491850638151,4
65.46150672759585,20.451111825905848,-0.856640332547494,-0.5138090171200327,0.07421720481141098,0.008535434051659027,4.208561883454041,4
65.47818481848185,19.281279026680092,-0.6130825391954096,-0.3163547704728318,0.05096156971088511,0.02064617481884708,4.22275633978881,4
65.49486290936787,18.55888857725007,-1.0138119899151583,-0.6365768157822087,0.06364536614894631,0.03369934258969631,4.24937965877276,4
65.51154100025387,17.537655314597718,-0.8435119830803792,-0.4858455130491732,0.04352997252959302,0.03219585503717259,4.235367862296259,4
65.52821909113989,16.48525419440964,-0.772966626104509,-0.370168091586776,0.06947757561715534,0.033105529602928424,4.2549162696548635,4
65.54489718202589,15.802953346008627,-0.8154921609118269,-0.5005054412503851,0.06898534525087176,0.04934817989034043,4.243010725048261,4
65.56157527291191,14.993101660500704,-0.9358835769640281,-0.6573537421430871,0.0722160888323267,0.03419273553056727,4.24231570349246,4
65.57825336379793,14.213131472235213,-0.7477578183391431,-0.5242623729879954,0.05739650027917854,0.045433519633139255,4.245594047259859,4
65.59493145468393,13.59599940674291,-0.8999215723078247,-0.5260635293421192,0.09489182228772007,0.03006826110941073,4.230041278109491,4
65.61160954556995,12.939230140649542,-0.7630154475913606,-0.5642176957583462,0.06588022270991359,0.02195258373232536,4.2393590592403605,4
65.62828763645595,12.176671898057204,-0.5965194758760588,-0.4054215353292183,0.037279332194028514,0.0277692903762311,4.249360278271551,4
65.64496572734197,11.981477437657395,-0.9951490695003833,-0.7060213917624343,0.0912423348942305,0.013057970194542723,4.225169626277728,4
65.66164381822799,11.341580126837279,-0.9216025874575169,-0.6903077165306124,0.08025797340634241,0.04814807637595505,4.240549310373825,4
65.67832190911399,10.737332348223077,-0.8678913991676804,-0.7512700767335772,0.0803187122507795,0.0454540925613753,4.23084022182613,4
65.69500000000001,10.23795981710119,-0.8064095768276016,-0.6683603949438255,0.07364090300614735,0.02425059669624716,4.212234059063015,4
65.71167809088601,9.823272856462276,-0.9219780832947828,-0.7599291652468168,0.09461713003440757,-0.01778785382497488,4.1934284243934465,4
65.72835618177203,9.334633517175323,-0.7098625115109822,-0.6176244525891792,0.08484516491699884,-0.011505691150396251,4.214270481000912,4
65.74503427265803,9.279294611011231,-1.1039634250557322,-0.968510637294647,0.1035232907475802,0.04060293224809169,4.228274450225193,4
65.76171236354405,8.83334860494236,-0.794989961887572,-0.5936300567653352,0.09433621793081534,0.042397875538186136,4.249419136120452,4
65.77839045443007,8.820472666626351,-0.934303404107105,-0.7699787308905708,0.10655896779748318,-0.0057706689036306266,4.216591858312072,4
65.79506854531607,8.445876989515027,-0.8035467109567458,-0.6142182652421426,0.08176486642311724,0.006162479968269489,4.22622205700484,4
65.81174663620209,8.268641737726135,-0.8118700389382663,-0.6725562111868162,0.06948450223600619,0.022845592257574706,4.243335993126933,4
65.82842472708809,7.975444137539267,-1.0087713528580733,-0.7317390554690686,0.07673920858679902,0.05146534906087177,4.244309817660339,4
65.84510281797411,7.583497693122094,-0.9532651629186459,-0.8028210617594538,0.10771444734278389,0.03043113316474365,4.240460804496803,4
65.86178090886013,7.100910542878786,-1.008378748682128,-0.8749335329034134,0.09771092823665704,0.024739326385605224,4.210531485027499,4
65.87845899974613,6.565617235347535,-0.8312958593268196,-0.6299904831231806,0.06567677888727642,0.02188751388966153,4.222426630516848,4
65.89513709063215,6.198240071618654,-0.9021632174047287,-0.7452434502571155,0.07162485317476586,0.027836247829521255,4.203024490733211,4
65.91181518151815,5.867570461037876,-0.9863407864374758,-0.8116376507766678,0.09606103021301649,0.04032618748425253,4.2066486866121044,4
65.92849327240417,5.568919113684407,-1.110928428503422,-0.9960084218002132,0.09467850170801005,0.042551146717116795,4.191095572529269,4
65.94517136329017,5.299780085623061,-1.017908683428692,-0.8472882501233958,0.0665049949519406,0.06396678428334032,4.1842712148582075,4
65.96184945417619,5.1555899240275735,-1.0081466949658213,-0.7374040829983217,0.08937858630188733,0.03180891964559677,4.141133318153284,4
65.9785275450622,5.386161138628247,-1.182230041011828,-1.0131231213575516,0.11233101471555092,0.02598693067240755,4.117510547914541,4
65.99520563594821,5.2646039736134185,-0.9848397723916331,-0.7340406343868426,0.06896252712184495,0.021032639273416014,4.099904210157218,4
66.01188372683423,5.338136581846212,-1.1065417442073564,-0.7753017292372362,0.06763123296293218,0.02837465490803217,4.012452713627476,4
66.02856181772023,5.347331239100275,-1.1968443131793103,-0.7876114189138075,0.053741328721926954,0.0013190053900665698,3.882303757834374,4
66.04523990860625,5.374520834907496,-1.0890335313832955,-0.8088792723714644,0.07052897444512646,0.024772232064235657,3.779100269680505,4
66.06191799949227,5.358260833597092,-0.9928180936248907,-0.7909411282829417,0.09554177506522415,-0.010286552421882816,3.646482859688496,4
66.07859609037827,5.170080146274675,-0.8296234323067602,-0.5699237935302457,0.05305628361828882,0.033030516281431846,3.5254452380880634,4
66.09527418126429,5.407335956382986,-1.1723885251536486,-0.8761368686231628,0.09820757879023492,-0.0010419361847161914,3.375097936764976,4
66.11195227215029,5.113752809556509,-0.8191064313274685,-0.6067188798889247,0.06332594145570017,0.022599527693657417,3.2534499259887166,4
66.12863036303631,5.08943958466901,-0.7839129063676873,-0.5004941648014145,0.055635520903211104,0.005239733946898475,3.0883504385558527,4
66.14530845392233,5.147890403662197,-0.931048206368394,-0.6213618504708187,0.06609719542623606,-0.014133428090539864,2.9020348201376422,4
66.16198654480833,5.168514595476896,-0.8478691922284429,-0.6342445551559728,0.05379614610064692,-0.008017310301897751,2.707098644201767,4
66.17866463569435,5.051897138164775,-0.8571573716266188,-0.5546610337556734,0.03834413417916959,-0.012727766988247787,2.49066861195694,4
66.19534272658035,5.009838744409727,-0.6544910935280011,-0.36388383978106265,0.006859353970763192,0.021411252118116873,2.2938452798372895,4
66.21202081746637,5.00549976854205,-0.7224193107685497,-0.3992349250893199,0.051864260633013436,0.01166537662943505,2.01192936313794,4
66.22869890835237,4.939736784601791,-0.6115672630954683,-0.37422964067456177,0.03960575828780011,-0.019457626251310617,1.7465653573181592,4
66.24537699923839,4.990486618907739,-0.6267571491402677,-0.4123964286669437,0.02195796324923086,0.01065990389072707,1.488060851643721,4
66.2620550901244,5.233324749377819,-0.6463035534766233,-0.47996002229201973,0.032767023491017976,0.006963656514514414,1.1441376999506683,4
66.27873318101041,5.223773037011577,-0.3227074573657629,-0.1641088754583493,-0.007302751644891649,0.000990324463873159,0.814065311221816,4
66.29541127189643,5.5244284751121695,-0.2900337615500914,-0.11311330017180943,-0.01417759377542244,-0.005211331207476405,0.42709864680767345,4
66.31208936278243,6.06432992577224,-0.37573371080521256,-0.21187925804319607,-0.0055933090345324865,-0.037760483652709204,0.011325229019396605,4
66.32876745366845,6.2427367738599795,-0.15118606428912362,0.0446638995017592,-0.03084854481167881,-0.0407071884802677,-0.4176502292965578,4
66.34544554455447,6.761822834397999,-0.19875786334364176,0.0027561745958104567,-0.04698062531926906,-0.04594218978106896,-0.8648600179233189,4
66.36212363544047,6.920662957621176,-0.04468302377779798,0.12710543915789518,-0.07564048817770194,-0.0374650107507983,-1.2961009838140514,4
66.37880172632649,7.235044624658656,0.01135001641008282,0.18804622079602362,-0.07251619876755803,0.0028684061617966004,-1.7835991083096496,4
66.39547981721249,7.347188472783531,0.2735814851389444,0.5252610745201092,-0.08143903912745763,-0.03367818744203105,-2.2633450544976843,4
66.41215790809851,7.763384446727059,0.18847340055980588,0.39733631316087337,-0.09848689707765144,-0.01479170219422406,-2.7464212785333317,4
66.42883599898451,7.808494892439188,0.4562711258612422,0.6499258964028365,-0.12488812990145938,-0.032444769581187034,-3.2695299465900622,4
66.44551408987053,8.086890373928236,0.5458521131557321,0.697227923334947,-0.1372420947792445,-0.05207677859799706,-3.817037847930558,4
66.46219218075655,8.221818053444736,0.8797970936839192,1.0178606161725403,-0.15731328659350396,-0.04613510129884245,-4.356679569329548,4
66.47887027164255,8.865918670916331,0.5511316483148323,0.692755873147477,-0.1255605905454047,-0.06010243053347148,-4.95499920016356,4
66.49554836252857,9.417046570117723,0.3462158454333131,0.535864622390104,-0.11591208352500362,-0.13328188795547274,-5.562269211420771,4
66.51222645341457,10.431615527438915,-0.29568890192502595,-0.025916849934684905,-0.042231100060686914,-0.18164497174170413,-6.170017135667044,4
66.52890454430059,15.67421568793777,-9.28372960883854,-10.429253961693629,0.8962753777732362,-1.7972410289581902,-7.694165559886163,3
66.5455826351866,16.287018855816477,-9.166220496715106,-10.19053341548562,0.8696626334141323,-1.7572589413805453,-8.240070943693055,3
66.56226072607261,16.744874778041936,-8.58687892277755,-9.70312327663811,0.8413940400957576,-1.7677062707337559,-8.744743900626583,3
66.57893881695863,17.41220603724915,-8.301691780364466,-9.431636927955351,0.80003744432874,-1.7495284266661786,-9.285262160435733,3
66.59561690784463,18.05330844844957,-7.901967377171665,-8.91554654902979,0.7625464676001495,-1.774549234665833,-9.805836034802395,3
66.61229499873065,18.725019146086975,-7.523681206331409,-8.610287985392153,0.7744461588413281,-1.8070854181293434,-10.315501732677667,3
66.62897308961665,19.137470643525354,-6.974086316332821,-8.008407171552411,0.6741460649512925,-1.75531260930904,-10.682885749603507,3
66.64565118050267,19.966545381928086,-7.096376958842072,-8.154151941695066,0.6862939267065263,-1.7728175156712778,-11.097497133319587,3
66.66232927138869,20.445161193249582,-6.814596737508728,-7.798973659854611,0.6752082716541007,-1.7593188462119551,-11.472590097146652,3
66.67900736227469,21.004468731197726,-6.7046886147760505,-7.678650593334753,0.629895528550988,-1.767429459315726,-11.829802186356748,3
66.6956854531607,21.658668419632505,-6.5594418515516555,-7.558136168013202,0.6483137255232979,-1.7621941184568124,-12.142981285051519,3
66.71236354404671,22.37783498655574,-6.577466477403894,-7.566139412233632,0.61470108757571,-1.7446181083060994,-12.405591574430908,3
66.72904163493273,22.697175007291342,-6.127377341676883,-7.13524717335357,0.5950042636487238,-1.7577690327897793,-12.708862115445966,3
66.74571972581874,23.16603760584723,-5.822753408038992,-6.805419389570823,0.5892824326849869,-1.773901516243251,-12.922496391242149,3
66.76239781670475,23.70743569707945,-5.759034816672781,-6.697282201625205,0.5788040197808848,-1.7660884495625648,-13.090986467892535,3
66.77907590759077,24.307841368832307,-5.899193840828662,-6.753673143310742,0.5810133897596026,-1.7393101480511906,-13.265708503547167,3
66.79575399847677,24.796198495665166,-5.840610477886939,-6.749241270243074,0.5626833741470196,-1.760942770469326,-13.394964550329334,3
66.81243208936279,25.24689416969109,-5.716213529499635,-6.611778885455019,0.558249716649907,-1.7360607237333623,-13.479031755499776,3
66.8291101802488,25.680322386521723,-5.5655777929269075,-6.575007320183619,0.5415516186194151,-1.7401382371011824,-13.527411745701484,3
66.84578827113481,26.25453791150978,-5.578692702842979,-6.651756447662504,0.5287355159344475,-1.7250291189313371,-13.534931392969991,3
66.86246636202083,26.61003425684648,-5.541284343401629,-6.489948370771136,0.5552294309567767,-1.7676639087993222,-13.588183350180637,3
66.87914445290683,27.044168719834396,-5.3647764701341005,-6.400776241188525,0.5157872795792421,-1.727496421301878,-13.543197905268062,3
66.89582254379285,27.52914046612957,-5.611914411385625,-6.54293164045394,0.5487923567388928,-1.7586423407593736,-13.536374538072003,3
66.91250063467885,27.960892220106672,-5.551017864308169,-6.444469657069356,0.5583413896082705,-1.7694288488584689,-13.456939415156839,3
66.92917872556487,28.462696974054232,-5.5571589481323915,-6.50252249719666,0.5621350226715424,-1.7782146278507045,-13.359401596448501,3
66.94585681645088,28.763900259651933,-5.580368793841762,-6.405407233337053,0.5448956828933527,-1.723198850648562,-13.20858486994399,3
66.96253490733689,29.170294613303426,-5.873825197386323,-6.657513448574716,0.5487043123889233,-1.7058371083830446,-13.04831558259612,3
66.9792129982229,29.695705482868817,-6.099215168753879,-7.014524538160546,0.559117858629613,-1.7318432752085695,-12.850648906781856,3
66.99589108910891,29.71113738351915,-5.855496294201801,-6.807774556571857,0.5839555426280668,-1.8168652187539274,-12.64499002616619,3
67.01256917999493,30.012528711558858,-6.155741796573206,-7.039754269984213,0.5757949728829136,-1.7472715443010092,-12.366898147707563,3
67.02924727088094,30.249478705393194,-6.274973905510383,-7.134389296734106,0.5803370430389049,-1.7076864692875557,-12.080070032361702,3
67.04592536176695,30.466069982663306,-6.532621293011121,-7.3961994688081125,0.6264092093839562,-1.7489870635473772,-11.816563714098415,3
67.06260345265297,30.666758124960076,-6.7837087688996975,-7.596791540677643,0.653272037141721,-1.8154624460883664,-11.530173141671783,3
67.07928154353897,30.687299287958737,-6.477955290639392,-7.379521197699249,0.6047580740277299,-1.7503961948098261,-11.13006583627532,3
67.09595963442499,31.12310170965828,-6.979879398187715,-7.882153606697277,0.6592421063214142,-1.7356365186508642,-10.801352467649712,3
67.11263772531099,31.536730254739524,-7.309367039315395,-8.162111134001776,0.7029881130004941,-1.7325226312598772,-10.452899333889446,3
67.129315816197,31.95055162663452,-7.611476123980016,-8.50325696978486,0.7073725251697964,-1.7946909468548324,-10.079086649648367,3
67.14599390708302,32.29600604329364,-7.987823730383774,-8.743409897149803,0.7520591942403196,-1.7375803402357606,-9.668237188964156,3
67.16267199796903,32.521046578321986,-8.134378641751425,-8.833950040087798,0.7663584074727033,-1.7454247080184784,-9.254488216571923,3
67.17935008885505,32.624027521725694,-8.304903122090835,-8.866284280131579,0.773150524225031,-1.736104606097041,-8.817383441554862,3
67.19602817974105,33.23232775696952,-8.904189634458135,-9.495834109075622,0.8190242453138767,-1.7227221857450976,-8.344817135226156,3
67.21270627062707,28.390077744238617,0.6319549685225994,1.1519013505585693,-0.1507568088090244,-0.1221545113017805,-6.875709567349575,4
67.22938436151308,28.219875605737236,0.8675887724152034,1.5075760859094185,-0.18703067229916762,-0.10108006148161144,-6.342298391444791,4
67.24606245239909,28.187746584301266,1.0550060133169934,1.6079116136064187,-0.24507856314146778,-0.07400169842443578,-5.778688617942847,4
67.2627405432851,28.37642100858647,0.8120046041965816,1.3742131340130523,-0.20074232169664047,-0.034107245530931904,-5.252623107507239,4
67.27941863417111,28.547239023135422,0.5504905382209095,1.1598868226877705,-0.174485013603058,-0.04511435767431897,-4.6942149052923545,4
67.29609672505713,28.838393753755703,0.27445732711159465,0.851071513580008,-0.12526628504503917,-0.05967465051789655,-4.148529028974517,4
67.31277481594313,28.737622311571254,0.46417543118517113,1.0424933740452822,-0.14713119315534484,-0.04539988953888407,-3.58006042075659,4
67.32945290682915,28.81233586690942,0.35462346084670227,0.8944852339977114,-0.12920854900015227,-0.031248006584617093,-3.0023337346445684,4
67.34613099771516,28.61694954444595,0.3784299043670467,0.9161749589669803,-0.1185590729894556,-0.037692090126905345,-2.468322454352306,4
67.36280908860117,28.660819366353213,0.10940808711475114,0.6698420102888694,-0.07217612177110394,-0.024484115958537837,-1.9267278579547413,4
67.37948717948719,28.545407550981864,0.09297414410605498,0.6250443017213385,-0.06709379201787234,-0.013748603548135467,-1.3880850692414897,4
67.39616527037319,28.594296642280643,-0.18081781817159737,0.4202315593684549,-0.026896037628112338,-0.01255651535056714,-0.939940489618729,4
67.4128433612592,28.470432387082404,-0.06748681911835241,0.5014881950292587,-0.045321457627297695,-0.030429220362731216,-0.49762244103957115,4
67.42952145214522,28.481139046422726,-0.20313199725688413,0.4415339988538385,-0.06288260648712511,-0.00854150824998641,-0.07196533239480701,4
67.44619954303123,28.49890331006106,-0.23852802669860118,0.33925520092526895,-0.05492700251722895,-0.03107705807067345,0.2892290759868338,4
67.46287763391724,28.662057766422716,-0.5033784814064077,0.05368825793341081,-0.012870597781607856,-0.016981775861626493,0.6493305335195411,4
67.47955572480325,28.55742469958528,-0.37432159326627,0.26022672536262625,-0.013267850780248476,-0.04256462535424803,0.989557580966063,4
67.49623381568927,28.580989124433273,-0.6108434649409054,0.1584243856939107,-0.03682142013117944,-0.020850607129945874,1.3213125699687,4
67.51291190657528,28.83383793487924,-0.7344803611533219,-0.04423608498967724,0.0055303221423880925,-0.027243275935971336,1.592801880045915,4
67.52958999746129,28.87802193966241,-0.9097120318313943,-0.1695543412624243,-0.0038334931116054956,-0.0010618558217839222,1.8894260255385165,4
67.5462680883473,28.649280317191796,-0.710191183766347,0.12155476718168501,-0.0018115285525110052,0.0008052645079981031,2.1658942227499565,4
67.56294617923331,28.661902766205138,-0.8566352537906665,-0.1432987595040629,0.005996854084825872,-0.01779797658910396,2.4146950618442107,4
67.57962427011933,28.59648333943984,-1.0207706788465298,-0.39577852136121194,0.05964933907293439,0.026955075208610586,2.629811078722242,4
67.59630236100533,27.739117744056806,-0.5310394747580292,-0.053710085832912924,0.0090453552311038,0.020709102768841053,2.899362647473075,4
67.61298045189135,27.511750097744088,-0.910321174981874,-0.47535099508519174,0.029902229782297857,0.037793060513137085,3.0794184311623076,4
67.62965854277736,26.74210548783555,-0.7748588610963214,-0.21104312490240495,0.018824571272477695,0.047563393766819284,3.3094789932888036,4
67.64633663366337,26.264904486179603,-0.7664339935079632,-0.22036980453036747,0.045895662387788305,0.0064344560727618684,3.5070650094180555,4
67.66301472454938,25.576675791189732,-0.8835034236081141,-0.2960617309104787,0.04577667880405216,-0.0030002579711457407,3.66395102179378,4
67.67969281543539,25.003305287067185,-1.1777405047145102,-0.360228295659609,0.05614907133111733,0.0424708425357924,3.859237915144745,4
67.6963709063214,24.418780533298744,-1.1897893904673564,-0.47671424922349726,0.054473462672816254,0.05938534336308898,3.9989024728170652,4
67.71304899720742,23.679722130417257,-0.9574137680524517,-0.39091097375103256,0.06033623895972074,0.037376496740294154,4.110832612073762,4
67.72972708809343,23.243934854062257,-1.2305391629159663,-0.5927632366538775,0.07094509794984746,-0.0015891479817741311,4.165656766308016,4
67.74640517897944,22.67074643887832,-1.114856233476325,-0.5658569835626661,0.06848017617631794,0.02712436746460711,4.251469140034673,4
67.76308326986545,21.95390149358414,-0.9699612899338375,-0.397187505645725,0.0458465930188198,0.01321880267690837,4.290459778200708,4
67.77976136075146,21.378914743027007,-1.1680995248895103,-0.7774240780387958,0.04623628195119598,0.02797302461610257,4.300826810818422,4
67.79643945163747,20.46931528651863,-1.1093373466477603,-0.698168602426497,0.08498361069350834,0.014274384412512381,4.248510886739453,4
67.81311754252349,19.607254234759367,-0.9582633347845402,-0.6665915224255139,0.09043450019434816,0.038915575341201714,4.255342473590918,4
67.8297956334095,18.57529777284747,-0.6436550201782776,-0.5485760861546529,0.07782425194448596,-0.004741780516816955,4.224995088953302,4
67.8464737242955,17.656542243041898,-0.7456260963147159,-0.5869673878441004,0.06590825429982203,0.03464971391002669,4.240027813912954,4
67.86315181518152,16.84122275596796,-0.86532517154461,-0.6920317649966394,0.057104657346742596,0.03537152698910914,4.218509785420652,4
67.87982990606753,16.032817602853527,-0.8728165810686654,-0.706645427374494,0.07958875389502108,0.03653528854509089,4.224669405757902,4
67.89650799695355,15.383868304024475,-1.087515097850198,-0.980430974684972,0.08825089999523764,0.02281137292949214,4.21480998767727,4
67.91318608783956,14.22734232934135,-0.7271748912883123,-0.5679042127163108,0.06990450358210408,0.025147462070681085,4.237535770945092,4
67.92986417872557,13.633686983229087,-0.8977417777716288,-0.6202933727556212,0.08722763670026112,0.05127197731668673,4.245721309606271,4
67.94654226961158,13.120343183738644,-1.0157549753999686,-0.8359795238199634,0.07463919220041164,0.05773789623037413,4.264559017517564,4
67.96322036049759,12.342876427500322,-0.8471269148927338,-0.7150425486842784,0.05537315336970231,0.03651117145966719,4.237982399657163,4
67.9798984513836,11.74015294768562,-0.9937317431067436,-0.8724232432615304,0.08559952424381652,0.03057074526306633,4.236931447237649,4
67.99657654226961,10.786916974486864,-0.7479535179968537,-0.5333822085848574,0.07163440127833393,0.04180967193807368,4.2464922962364975,4
68.01325463315563,10.149641935735005,-0.6766751946911453,-0.5914236958286736,0.07098117825966929,0.028098425121342356,4.233836512531388,4
68.02993272404164,9.66993022726514,-0.8268515783819708,-0.820573030799332,0.0695204720169635,0.024199849942040608,4.225642336999705,4
68.04661081492765,9.172493958373128,-1.073060460026587,-0.9441720094499422,0.08620921303059816,0.041753249156714085,4.217409266647997,4
68.06328890581366,8.339809067347195,-0.6718383745345382,-0.6501347024082551,0.06603268848386097,0.04439972026551379,4.231675212262245,4
68.07996699669967,7.833336567699913,-0.8095440418270079,-0.7555695176295583,0.08268349065884871,0.03137377433505364,4.214263796742874,4
68.09664508758569,7.373300797283559,-0.8604673009770736,-0.8349380219718325,0.08270723115350394,0.024141521290670747,4.2213241876031,4
68.1133231784717,6.883400988823425,-0.9053441426861741,-0.8924438648941642,0.09106320033604254,0.02423433962656038,4.227535047395079,4
68.1300012693577,6.294606361402174,-0.8137431820829322,-0.7173286978177982,0.08579748867378581,0.03429941471186774,4.225408356110305,4
68.14667936024372,5.572185939000532,-0.7858606866044737,-0.704336365541016,0.09863871655202382,0.022522915213571547,4.212540034119953,4
68.16335745112973,4.951890546034519,-0.8791722998525504,-0.8171638583605434,0.12198620322742594,0.016517904380057,4.212965815207676,4
68.18003554201574,4.3549085676705435,-1.2538456002026521,-1.2120576786089532,0.1300854788648639,0.052723874829953686,4.232588361270605,4
68.19671363290176,3.260124361414661,-0.8548555457455037,-0.9007159348413823,0.09013695632455147,0.030168340813354757,4.246621207293295,4
68.21339172378777,2.4432095137355896,-0.8488577302769584,-0.9193332415506783,0.09772236258668701,0.05165948683274056,4.223103154596062,4
68.23006981467378,1.591817926085556,-0.8418378983718826,-0.9001992245761834,0.09693420035312658,0.024369030676094867,4.227007021918695,4
68.24674790555979,0.515372663421763,-0.7258196601987822,-0.8119161960914232,0.10539314849054172,0.024394900255413885,4.200827946743534,4
68.2634259964458,-0.36421341214220865,-0.7560853296964922,-0.8466334156301472,0.09411089773996331,0.02306704429880664,4.189617032506587,4
68.28010408733181,-1.0784243203559545,-0.86518986394746,-0.9693299903345345,0.08163836106408633,0.03658394263982909,4.220555088847245,4
68.29678217821782,-1.7032651420802876,-0.8430679815898463,-1.0813842802886349,0.09821696739221779,0.05394236265688913,4.238863957138132,4
68.31346026910384,-2.640613861302475,-0.6274093700033558,-0.7860393589888901,0.08074892676692765,0.05601393417989019,4.252124288600068,4
68.33013835998985,-2.975984563278825,-1.0705484635281626,-1.1928681249830086,0.11291831720463037,0.02606636816700085,4.22771480459247,4
68.34681645087586,-3.5368912851486485,-1.1330013997340882,-1.1709015529433369,0.10729567667930019,0.07203303636022107,4.263693694301265,4
68.36349454176187,-4.247980789188875,-0.9615723028630295,-1.0501032890544546,0.09007031633654548,0.04345873183365742,4.24227574998103,4
68.38017263264788,-4.8221080671481085,-0.9719989950524688,-1.0883764571102552,0.09491321962335278,0.058099502500351424,4.261948886254528,4
68.3968507235339,-5.2655950798476026,-0.9675906418440419,-1.1113431470030966,0.12918904308678264,0.049211743030364706,4.2448560494059215,4
68.4135288144199,-5.784029111249598,-1.0166117602492237,-1.2525957279627224,0.12453152990438615,0.07526712016312254,4.238653544673462,4
68.43020690530592,-6.419605547129909,-1.0556397648458404,-1.297400265499149,0.13001890905460575,0.05912768878559334,4.211540959042389,4
68.44688499619193,-7.159094087134182,-0.8307941349496555,-1.0811972881179428,0.08920833530906402,0.049484138964893475,4.204696352197343,4
68.46356308707794,-7.81796708407911,-0.8488450684709947,-1.0004218988720768,0.10740160683231673,0.07137571566800122,4.181445326800132,4
68.48024117796395,-8.20796142283102,-1.1374945781904686,-1.3082150806991504,0.11746849150568218,0.0406877327009113,4.1430966936069815,4
68.49691926884996,-8.848068397263505,-1.1747900511816618,-1.3263359074007726,0.11718070857012651,0.037923752473744306,4.099890168957136,4
68.51359735973598,-9.462929367552197,-1.10626375431899,-1.2895960569026015,0.12429426569734744,0.06801822696312676,4.101753887708284,4
68.53027545062199,-10.300345859651394,-1.2531557540979184,-1.2644588612076948,0.14278752191801225,0.06158112466448421,3.9936978772931884,4
68.546953541508,-11.083896710513077,-1.2422972939127268,-1.2268731259394352,0.09620890483304566,0.05780961385977782,3.91666069587067,4
68.563631632394,-11.816573853295392,-1.1542259141565774,-1.164566693399093,0.1109677570505079,0.03524275896463214,3.770657607711577,4
68.58030972328002,-12.667298823110007,-0.8204167927849344,-0.9866397612960398,0.0865889137113946,0.03278815709258646,3.642577596722516,4
68.59698781416604,-13.051295790408282,-0.9315340588725936,-1.188455702195927,0.0980752503959394,0.038088010810600245,3.4927420278863432,4
68.61366590505204,-13.848565214349884,-0.6823266487128823,-0.9429939644169454,0.09829298164163003,0.028720317333845797,3.3204887566047865,4
68.63034399593806,-14.31721938877596,-0.813510420450172,-1.1120906831504356,0.07912177614325233,0.04486019417222294,3.161821498852674,4
68.64702208682407,-14.890304260256784,-0.7712531634328297,-0.9707232095088631,0.063884435968375,0.02883082337500632,2.9847876794480652,4
68.66370017771008,-15.381508700738614,-0.9116362772041908,-1.0836484224020775,0.07050685225038307,0.004782765428030128,2.7442627736172067,4
68.68037826859609,-15.945899526018303,-0.8722927882944096,-0.993222319556728,0.06717251001602371,0.04155606917748753,2.5323387451152346,4
68.6970563594821,-16.66568816606047,-0.7225867773562582,-0.8285349732485505,0.056019313365408,-0.01665409313311577,2.252946883445909,4
68.71373445036812,-17.214184085590475,-0.6668200800452864,-0.8865854897235943,0.055282383304451815,-0.0011882870305333956,2.00776980284786,4
68.73041254125413,-17.87856894081262,-0.7031856251134041,-0.9152558844668528,0.039625546006343125,0.004263221339119538,1.7295409066791143,4
68.74709063214014,-18.560261185426988,-0.669169465464428,-0.8824582261047142,0.08687649346562756,-0.003392176527161631,1.424223058456277,4
68.76376872302615,-19.485908969533146,-0.42443955839033887,-0.7131483058665005,0.06062921816838039,0.020670797934239107,1.1290155702838633,4
68.78044681391216,-20.24951553754721,-0.3734299061701183,-0.7306695028425798,0.030834682665844465,0.0289533443700067,0.842929874816875,4
68.79712490479818,-21.119049753017734,-0.2232616863903063,-0.6771999898338841,0.0218548879203467,-0.02948212411192104,0.513377192060797,4
68.81380299568418,-22.037779446985336,-0.2174199287399965,-0.6033232402993258,0.041271840939828754,0.005791561006072329,0.17404266745250577,4
68.8304810865702,-22.802608085407098,-0.1205063353617506,-0.6166935786058136,0.016370696078559874,-0.012914154771272012,-0.14888484015395098,4
68.8471591774562,-23.541701223726832,-0.03984327772308571,-0.5534682907455206,-0.009683031364120388,0.008746576861947743,-0.521853016626977,4
68.86383726834222,-24.298192144996648,0.05515941762735377,-0.5207483394425871,-0.026253363219820317,-0.012115468392323008,-0.9449369153222039,4
68.88051535922824,-25.023603065009283,0.2504934966264596,-0.34320924621495763,-0.029300426504128927,-0.003977275021491189,-1.3495805582853502,4
68.89719345011424,-25.344154060532386,-0.014962675681230664,-0.6741046849580128,-0.0014127910086485973,-0.007134934341045775,-1.7979851731082437,4
68.91387154100026,-26.118887600555414,0.3737852532770134,-0.22545538590728142,-0.030459959662571274,-0.015035612276117896,-2.249289314050193,4
68.93054963188627,-26.564900034419296,0.23761789082633644,-0.41479374151483484,-0.04127024987884893,-0.06081690131469775,-2.7616094650232665,4
68.94722772277228,-26.565967144329413,-0.6061859062267692,-1.2591614435570344,0.015158716838824325,-0.11504603713405545,-3.3107431832061556,4
68.96390581365829,-26.93940038345967,-0.8176035664286054,-1.5304150352943982,0.06832274795914957,-0.15823105173830046,-3.912870557232598,4
68.9805839045443,-22.249824169925333,-11.511079595928368,-13.672857690349506,1.158275902730682,-1.8190949802093395,-5.368735540528432,3
68.99726199543032,-22.839463837540862,-11.217676156318706,-13.37609035396567,1.1441808680357346,-1.8236068740376064,-5.968183336371673,3
69.01394008631632,-23.353369202514074,-10.897305815860587,-13.026086077820715,1.112922788658988,-1.8214074907862536,-6.487631748774886,3
69.03061817720234,-23.821603753112452,-10.63061224044253,-12.927995576196594,1.1098480073150654,-1.8826933164341415,-6.9986425485490305,3
69.04729626808835,-24.46346239865788,-10.145759807066632,-12.332361511341407,1.0482482017368744,-1.8618807225000047,-7.486866255556765,3
69.06397435897436,-25.06003905021747,-9.76801274456105,-11.980022539329076,1.0349068175664775,-1.880549407904567,-7.979530292514537,3
69.08065244986038,-25.771865964402235,-9.450671823268484,-11.61702896799019,1.0018001223841841,-1.9008043453060566,-8.407040612276514,3
69.09733054074638,-26.0887483376495,-9.472452324532528,-11.527013519129103,0.9761548361312751,-1.818987840396614,-8.807366174580965,3
69.1140086316324,-26.588100162484373,-9.16658256029622,-11.37981850267011,0.9650859128040294,-1.8607031883266278,-9.204722745255937,3
69.1306867225184,-26.943898844791455,-9.083892188788163,-11.21572383454624,0.9436630133557274,-1.8687553727589747,-9.616625786382423,3
69.14736481340442,-27.668681917591137,-8.48780004323966,-10.788015669040318,0.8936559768525141,-1.9027291738486585,-9.988954758464617,3
69.16404290429043,-27.9948510385881,-8.321117557999694,-10.580249435979404,0.9033927345646551,-1.8660394858680431,-10.364020364609026,3
69.18072099517644,-28.148760717150196,-8.143103607689318,-10.621042506007532,0.8710610485924728,-1.8911992157190778,-10.692132797666266,3
69.19739908606246,-28.4775131076455,-7.826002305069236,-10.262601397932198,0.8579130967849428,-1.8911540279925056,-11.026044808439023,3
69.21407717694846,-28.717737927116293,-7.484273512744055,-9.959571918022846,0.821839430465345,-1.8509067078760804,-11.351490876208915,3
69.23075526783448,-28.949564031158385,-7.462568660147947,-9.955850659389476,0.8221609904250216,-1.9221418272512265,-11.681853278576627,3
69.24743335872049,-29.017390623926396,-7.2267998674990075,-9.65715173942516,0.793865349212313,-1.887665373443049,-11.976880766376707,3
69.2641114496065,-29.086390918100392,-7.2179897519081795,-9.736154464338412,0.7857714471396222,-1.8777312722216595,-12.276045931808659,3
69.28078954049252,-29.122708804000624,-7.048270978946054,-9.497646444693817,0.7979711005807151,-1.9144475509143712,-12.518713038455836,3
69.29746763137852,-29.31235808137496,-6.704135289109168,-9.199668725148195,0.740380229709934,-1.8911352044543683,-12.720617018512328,3
69.31414572226454,-29.368840543264827,-6.697359976133013,-9.116562106673829,0.7168579625308428,-1.8864308295999688,-12.892528361911063,3
69.33082381315054,-29.508726490658283,-6.458559931504739,-8.94882978916258,0.7124388723935934,-1.9052211852150192,-13.077504981754805,3
69.34750190403656,-29.611692850920655,-6.364853558008211,-8.714354486080078,0.7081242547777445,-1.8849205682732189,-13.212221497846434,3
69.36417999492257,-29.598182638361944,-6.407667140901447,-8.872168486475651,0.6920036801091967,-1.9116466235057499,-13.342544271336942,3
69.38085808580858,-29.811607278364235,-6.047340379965759,-8.449433836863463,0.702806257658265,-1.9027354938668153,-13.463561753247197,3
69.3975361766946,-29.62200707273803,-6.37036008787601,-8.697661293853542,0.7338015892430528,-1.8545933514271766,-13.534091691928445,3
69.4142142675806,-29.884552866093117,-5.992769945315142,-8.401037861455869,0.6775319787855086,-1.9051672124632917,-13.581786525049868,3
69.43089235846662,-29.780442658297794,-6.067247905788099,-8.548285009763797,0.6650154091662955,-1.87988977414653,-13.576227245703231,3
69.44757044935263,-29.97383679248861,-5.858649750427805,-8.301083337082588,0.6415406923771975,-1.8748527276828455,-13.558210029664433,3
69.46424854023864,-29.879220930112048,-5.967760417290867,-8.514737592094857,0.6636627732230659,-1.9088725044559622,-13.544929730130187,3
69.48092663112466,-29.61053924905567,-6.340643659598563,-8.835567546194813,0.7120669283716899,-1.9115136663643484,-13.525054454398623,3
69.49760472201066,-29.70556477134388,-6.375662112146163,-8.797507117496947,0.7285785943521237,-1.894291735044016,-13.438988156980704,3
69.51428281289668,-29.90884759536757,-6.054918397981526,-8.528335192700666,0.6798548671151793,-1.893185306532894,-13.33917842859857,3
69.53096090378268,-29.57531543419045,-6.47591070851624,-9.01671957888761,0.6744031567048008,-1.925232315943058,-13.237723636017552,3
69.5476389946687,-29.74156282010848,-6.466244228766822,-8.937846326149332,0.7247335200877014,-1.9154925187765077,-13.111302428118432,3
69.56431708555472,-29.598317666750845,-6.830092748633431,-9.229165715541892,0.7645004871659064,-1.9096554942692074,-12.992704222738773,3
69.58099517644072,-29.45824737603001,-6.915183556894424,-9.394862015969741,0.7264070675820554,-1.8568778078375714,-12.789854589686888,3
69.59767326732674,-29.585332760778936,-6.839562905453692,-9.331413707868325,0.7485875112547061,-1.9060916194297013,-12.635975717256208,3
69.61435135821274,-29.473731238685676,-7.0415775955840125,-9.445696429933449,0.7645040842204508,-1.9178276236239884,-12.432686867447094,3
69.63102944909876,-29.34986625245439,-7.307763436154931,-9.855425800285854,0.7868673953153529,-1.9627194220531894,-12.222700858014854,3
69.64770753998476,-29.172141527508405,-7.457562229004113,-9.850290924238463,0.7958047299567066,-1.8783898670708778,-11.957667939256687,3
69.66438563087078,-29.0561978005604,-7.5295421176463675,-10.011829689567367,0.7903911946370045,-1.8856608544023215,-11.697780828283303,3
69.6810637217568,-28.978735946625577,-7.834176352397539,-10.352303579508254,0.8352814174693124,-1.9356716772597318,-11.448256868266391,3
69.6977418126428,-28.925045809045876,-7.863198766697037,-10.211358862982287,0.8561927073494313,-1.892700795071978,-11.142906915391029,3
69.71441990352882,-28.77430156267665,-8.129778312433157,-10.53466987182396,0.8738659652611885,-1.9103749598339619,-10.836148725591725,3
69.73109799441482,-28.434703500453434,-8.32845366004002,-10.764737724935273,0.8641426909766527,-1.8844949268672746,-10.488717901615486,3
69.74777608530084,-28.267380987749423,-8.58401679427518,-10.968309461576856,0.8960323631211132,-1.8730916861823608,-10.15969905689869,3
69.76445417618686,-28.174661223717898,-8.554159498641251,-10.929180396722439,0.901424698840897,-1.916391313244318,-9.861743196167064,3
69.78113226707286,-27.718687609644576,-8.955458209241808,-11.342369954518071,0.961665459149461,-1.9098845308882997,-9.528875259401364,3
69.79781035795888,-27.1146856823922,-9.578694957076129,-11.883954834669732,1.023204970379913,-1.9008092043443343,-9.204235451631867,3
69.81448844884488,-26.722945579845103,-9.373135265886523,-11.731890977050874,0.9700953944922348,-1.929206617011472,-8.854601613539474,3
69.8311665397309,-26.031135591627336,-9.66124243533271,-12.044279191102506,0.9925261275361735,-1.967094670406252,-8.572364755944257,3
69.8478446306169,-25.413777615361052,-9.73365227595545,-12.146365365907268,1.01400722948951,-1.9219591673269008,-8.254902730941378,3
69.86452272150292,-24.413740142995042,-10.234538926788552,-12.461777183851158,1.030172602020898,-1.8599843481167648,-7.955245484520309,3
69.88120081238894,-23.56742893212257,-10.443917011592818,-12.651726001681048,1.06083065228611,-1.8886513958946307,-7.648727876218412,3
69.89787890327494,-22.789896059010047,-10.539694718910404,-12.924345714623815,1.0593814363825627,-1.9402958400313133,-7.3447368448824095,3
69.91455699416096,-21.941363310459554,-10.866696441519196,-13.079815421256082,1.0649927315644814,-1.9209855279307175,-7.017420210116869,3
69.93123508504696,-21.206570168749305,-11.124173362159924,-13.29643982838503,1.1089827947314763,-1.9025777903978875,-6.625347764611513,3
69.94791317593298,-20.585610781515932,-11.310436425156368,-13.409961134792368,1.1153528682827014,-1.864031743806197,-6.185955089389831,3
69.964591266819,-19.855662621344585,-11.576421737049472,-13.737035038292014,1.1393517028506126,-1.9013241447862048,-5.800629350829025,3
69.981269357705,-18.90868814292014,-12.163286314487852,-14.23175489066427,1.243678564104642,-1.908988346198233,-5.448990881735836,3
69.99794744859102,-23.897824691173863,-0.8328823808096075,-1.4891586691572645,0.04804669153635618,-0.15730667182766697,-3.9854886639587446,4
70.01462553947702,-23.421972339104755,-0.5781783207193225,-1.175752468319593,0.01575454335839093,-0.15367535150242911,-3.5746701657391795,4
70.03130363036304,-23.016932574917877,-0.39209224133705955,-0.8820463029624239,0.03690013287582805,-0.09709328505323495,-3.124540953257608,4
70.04798172124904,-22.724392010693386,0.003790898740684945,-0.4036498121423291,-0.014695106980084261,-0.04480787883997778,-2.688948932846913,4
70.06465981213506,-22.20065942053857,0.1044528811761829,-0.3833515452794245,-0.023753123726674832,-0.03400156167772227,-2.2720866872769347,4
70.08133790302108,-21.53617789492959,-0.053080813431715335,-0.6268657018848893,-0.02395062801294417,-0.03451552506577635,-1.8946970416978248,4
70.09801599390708,-20.966703121996172,0.11651231297908016,-0.4428273759243808,-0.013989265492643921,-0.021119889771902645,-1.5731721064096547,4
70.1146940847931,-20.095619145455643,0.02871566510046275,-0.5604887810488117,-0.037751355501088546,-0.0043676848238934805,-1.266521838428917,4
70.1313721756791,-19.451609319454548,0.24568950899324093,-0.3346705497331559,0.0028639667737218664,-0.01865731244394798,-0.9726422556926747,4
70.14805026656512,-18.479589989197674,-0.14515043516862303,-0.7160903868028745,0.028520508065295887,-0.03713883975557072,-0.6800300683941946,4
70.16472835745114,-17.943047411459336,-0.08265637272238724,-0.5063134479355824,0.009325603267343508,-0.028344938213945174,-0.3851906556541926,4
70.18140644833714,-17.033677507015053,-0.31344365474247304,-0.731660097060904,0.013144981275427984,0.020196031205837597,-0.08457746346648848,4
70.19808453922316,-16.461498324407803,-0.18610621313339415,-0.5273332004288349,-0.0006079515389238154,-0.01593237953497066,0.1937018254952817,4
70.21476263010916,-15.567067753437817,-0.482868386608323,-0.7567546334518154,0.027853630587019847,-0.018524043292205087,0.4843283150346903,4
70.23144072099518,-14.907336354291921,-0.47751022495106765,-0.7226699394953124,0.020550900321385443,-0.013282344038314665,0.7107145704420222,4
70.2481188118812,-14.235961935506813,-0.47402420122416045,-0.6454187406564551,0.0270659797284219,-0.01982028557953407,0.9409831943244829,4
70.2647969027672,-13.214381642871414,-0.6403318539935245,-0.9356438603534412,0.056421974957572285,-0.009803156872519253,1.1882550442889768,4
70.28147499365322,-12.500087092072226,-0.7237391986124138,-0.9607201184200016,0.06364650014651117,-0.006326655121557246,1.3958432195214878,4
70.29815308453922,-11.793276809672493,-0.5523698102693624,-0.822506571172986,0.06851239028751759,-0.02016286471723856,1.56315972567522,4
70.31483117542524,-10.857527340821825,-0.6743540954207083,-0.9454356760510638,0.05971406634860379,-0.005424188622200479,1.7364801088672452,4
70.33150926631124,-9.976806770136767,-0.7084032101904789,-0.9072246510502078,0.06563112554828472,-0.023124070053823626,1.89257047315726,4
70.34818735719726,-8.920325464365552,-0.8416773420802528,-1.020775387504834,0.09092240329404551,-0.009867480084193012,2.048115064135636,4
70.36486544808328,-8.211087385657299,-0.601133138808698,-0.7475179993578891,0.05395319598103454,0.005755537458147925,2.207576026026345,4
70.38154353896928,-7.2608328268761655,-0.4935593554834383,-0.6641055510050518,0.024118983489281636,-0.0027685225147218834,2.321858650362513,4
70.3982216298553,-6.333531447482849,-0.6064038829986653,-0.6198479966286221,0.04568093086446541,-0.01696022559914289,2.4576473961258998,4
70.4148997207413,-5.130133732804343,-0.8311227466553257,-0.7995690165015329,0.03939814778581602,0.0073943799202821495,2.5802069595210964,4
70.43157781162732,-4.253755570443864,-0.7379516586074212,-0.7013707220070964,0.047060381462977634,-0.004529801407535805,2.6630015091992227,4
70.44825590251334,-3.190347335938253,-0.8157235613076587,-0.8124235098455916,0.042115893130366004,-0.009831432387417509,2.7693415529190837,4
70.46493399339934,-2.1293866505871875,-0.9897082400924251,-0.9015147499980602,0.05441089183117541,0.030051827874167148,2.896890501983043,4
70.48161208428536,-1.2443147423721443,-0.7244842456006442,-0.6024820905963815,0.07191051715204731,0.023241446249969176,2.969810003427533,4
70.49829017517136,-0.029053887944700874,-1.0236241627137388,-0.9035047847786795,0.07789865605280472,-0.003006828201975281,3.022989729954749,4
70.51496826605738,0.9399724397638898,-0.9944252930835865,-0.9171714732402569,0.07485709535018924,0.02188693144429319,3.115201012945197,4
70.53164635694338,1.9580117438976958,-1.0677042688212701,-0.9729926792357101,0.07238997217987808,0.00617542667874612,3.1790345042602706,4
70.5483244478294,2.987438544229914,-1.0116345618527995,-0.9276207290149174,0.07512588416016172,0.02289340996607514,3.2255129290747453,4
70.56500253871542,3.7260507876970577,-0.8115973125550078,-0.7128054234329102,0.08090409929105807,0.013375184775610631,3.2716839379010363,4
70.58168062960142,4.7173420410378855,-0.7873901841807653,-0.7435451404486357,0.05860215791573137,-0.007568451352532771,3.319191398562013,4
70.59835872048744,5.59110075535337,-0.7488834842949659,-0.7000792933173863,0.0497552532731025,-0.009910019862571551,3.371933141855755,4
70.61503681137344,6.393544050140708,-0.7725870637657728,-0.726107277082503,0.06983909481302253,-7.480098466346017e-05,3.4170059840596156,4
70.63171490225946,7.259809058346477,-0.8240874612034195,-0.8832876607560536,0.038867305214716055,0.01409853417955229,3.5098139343910337,4
70.64839299314548,7.994054505435705,-0.6763577541479555,-0.6955724228639806,0.04883522855365332,0.014010028483785752,3.5597225467024525,4
70.66507108403148,8.848110424669997,-0.8750488660653666,-0.8532851744082972,0.06953784943314215,0.02592265621085586,3.588344821525409,4
70.6817491749175,9.571153226966242,-0.9446711666990439,-0.7434600332510679,0.05473227640533473,0.01163734753228791,3.6329312761580304,4
70.6984272658035,10.384090071911555,-1.0803262010583414,-0.890420203793651,0.053418179226430135,0.04913313558947527,3.684985575113819,4
70.71510535668952,10.89140735107941,-0.8809723629461286,-0.6248336166123223,0.05764851084773509,-0.004022121171766288,3.721111749158175,4
70.73178344757552,11.72586545150403,-1.0603013442229843,-0.8107200941774524,0.06885998230082852,0.013519927718458858,3.7608960400332454,4
70.74846153846154,12.31117571256549,-1.2065054921515261,-0.792445416715434,0.06520317012119983,0.02037089406379667,3.8029464206614976,4
70.76513962934756,12.869250622501887,-1.1187761459109518,-0.6683391185044933,0.06445901297256527,0.02748129562756993,3.8356317321311932,4
70.78181772023356,13.324071129299597,-1.0201000796931026,-0.4839492010598505,0.05993801337902129,0.0010455255487643788,3.8621975654469183,4
70.79849581111958,13.964236177660167,-1.0585857510288315,-0.5831958961010368,0.028261675046411326,-0.0021853352090819606,3.8952333039466143,4
70.81517390200558,14.670396499458558,-1.1319688183642924,-0.5801630785859766,0.07674915874010903,0.0024002137415133668,3.885250057868363,4
70.8318519928916,15.141353414505794,-1.065044750985472,-0.47019090180668055,0.07879577893671978,0.019557863134145936,3.897616766536525,4
70.84853008377762,15.814280723167524,-1.078699774437231,-0.644512178068247,0.052254409087520534,0.007113907205013726,3.9013213209179436,4
70.86520817466362,16.493179552464714,-1.2128341642910074,-0.662808252094397,0.08625845919959221,0.02390345769206781,3.8677669283899823,4
70.88188626554964,16.85779274101752,-1.0769398354743256,-0.6575378995471111,0.05481019489817361,0.00864922033951926,3.8816897389428258,4
70.89856435643564,17.344850098981635,-0.9971552338028911,-0.6200863440891835,0.07077034309778797,0.02924850200601819,3.9180514519309173,4
70.91524244732166,17.641890817523844,-0.8632097556528571,-0.5022361412457581,0.07116558303846328,0.00433928880702176,3.8980549901905897,4
70.93192053820768,18.120583134342535,-0.9485951142795734,-0.5349718107364545,0.09394119504406886,0.028822506088130598,3.901227747418414,4
70.94859862909368,18.48577854988808,-0.8913953616012726,-0.47534810947508,0.08687417926933866,0.009375685427498854,3.891335853749646,4
70.9652767199797,18.88031786744555,-0.9026757474763016,-0.4712083494582302,0.07108085822549975,-0.0021832580093452863,3.9116752756984323,4
70.9819548108657,19.475466900379562,-1.1833073483027006,-0.7591848337783516,0.06276378294257778,0.024926905258977224,3.896080883047859,4
70.99863290175172,19.55217861665292,-0.8235594096984151,-0.3371523386457609,0.0711070659551047,0.0035703722963508207,3.89190765405231,4
71.01531099263772,20.089327664513473,-1.1167256593066206,-0.6248506407438521,0.09131660939862996,0.012440746039715065,3.888118366294579,4
71.03198908352374,20.38553204970664,-0.9877863121996171,-0.5370852984394139,0.050959840354140806,-0.002524745107771336,3.878462523130156,4
71.04866717440976,20.60037896468286,-0.8313794647319988,-0.3831301104258378,0.05199159678860176,0.01670657085248888,3.887161830731927,4
71.06534526529576,21.06185449137113,-1.0809499671885865,-0.5302359103584999,0.0813444132457029,-0.0015498764941870656,3.8820386719858093,4
71.08202335618178,21.086429544564037,-0.8706927824307638,-0.39590985567460635,0.034489719786363005,0.03165554986065492,3.8903689820340204,4
71.09870144706778,21.392377048192465,-0.9604883899763683,-0.4379864233697983,0.060583035574788176,-0.013653890931510947,3.8707959444261797,4
71.1153795379538,21.655746059989177,-1.2454737386532688,-0.6967687307758412,0.0828252015285238,0.027118780998220505,3.8576694920486334,4
71.13205762883982,21.735023421259037,-1.1105334730046037,-0.5847791573356549,0.08717164082480208,-0.020786053932177646,3.842620157946632,4
71.14873571972582,21.7182841510296,-0.9662558221828785,-0.4163266146148299,0.060790895625999285,0.016537247297058032,3.8626990957628586,4
71.16541381061184,21.68890094097985,-0.8735041254375897,-0.32278069612374516,0.050063919498970696,0.0033739908690826213,3.8465516672015587,4
71.18209190149784,21.839110682882286,-1.0471782457930425,-0.4547783566749075,0.06634222993327749,0.025185039247496578,3.838041220718073,4
71.19876999238386,21.754649712004266,-0.9494891835892929,-0.4280642448391969,0.04962995544628957,0.01284983452723493,3.8217494068675473,4
71.21544808326986,21.68945516496867,-0.7512296300896972,-0.2512424742823418,0.047260575225033234,-0.019062242226743627,3.799663447391389,4
71.23212617415588,21.746361948214574,-0.9652435720778278,-0.4079278859747504,0.05677826448333647,0.000925371880136844,3.7674197288895526,4
71.2488042650419,21.741505832211757,-0.9624877238693568,-0.4305222630061687,0.04176734105622408,0.0031936982419872653,3.769382768820415,4
71.2654823559279,21.61001797809679,-0.8733938089598698,-0.33264983712179585,0.035177518322316,0.00420260536032595,3.7612593413338815,4
71.28216044681392,21.685138550805767,-1.1017351972883267,-0.5053318615264875,0.06258603481644347,0.01360381740197981,3.7275276333901974,4
71.29883853769992,21.62704776680421,-1.070638569502207,-0.5282393807673111,0.07219121265082686,0.03297467652904035,3.7193430085885195,4
71.31551662858594,21.680834392380703,-1.2392614969279006,-0.6589694630021663,0.06254063222202391,0.009210727717878191,3.688851857323545,4
71.33219471947196,21.292843965865305,-0.8701798361019746,-0.3081711910471654,0.042990693010291875,0.030097983278234423,3.67341942871084,4
71.34887281035796,21.29106998528232,-0.95667948975888,-0.40968993792155484,0.030061302360586642,0.024884612130548198,3.6367989674851025,4
71.36555090124398,21.312829558424504,-1.0284155599330838,-0.48591191117705534,0.05021108680337697,0.01226561010207672,3.592823237550673,4
71.38222899212998,20.870384239613806,-0.7975158016943258,-0.18785462555773247,0.04195813821847083,0.026118920955338465,3.564414927394776,4
71.398907083016,20.52260776014498,-0.6287030784121326,-0.12725860457925897,0.03850052468169799,0.0014227389110460535,3.5209362136560083,4
71.415585173902,20.354689826688983,-0.9010296143132868,-0.39726200023900304,0.0435287049650678,-0.0005865681124319949,3.4667676496575495,4
71.43226326478802,20.012931807361827,-0.7442499853153368,-0.36758342713212855,0.051377652612228125,0.0009434068972094086,3.4254008974366457,4
71.44894135567404,19.56512347564744,-0.7271791569200774,-0.3875360649901207,0.07450556472958071,0.00026164294180803523,3.3977874596877355,4
71.46561944656004,19.09832283040204,-0.6678988354483524,-0.35417416930223933,0.05010431921837974,0.0001584936142432709,3.3633363020343596,4
71.48229753744606,18.649625286989362,-0.6529466932062524,-0.25298926025242086,0.05895151014426432,0.009656911732625131,3.3343131562813437,4
71.49897562833206,18.160679196812026,-0.5090595087091154,-0.2761193808826796,0.04684034041022098,0.01754541254509551,3.3170960520005788,4
71.51565371921808,17.964933567269146,-0.7976047798118913,-0.4922771976261462,0.05931799870792224,-0.0045482789155523356,3.2916007728406544,4
71.5323318101041,17.52961471511508,-0.8786427684318268,-0.5068040026807576,0.03494967865809525,0.04876155193480231,3.280021383431389,4
71.5490099009901,17.06560090479497,-0.8514367968899856,-0.4139948321635414,0.05187488347348748,0.00529508830943493,3.2473988313348405,4
71.56568799187612,16.512964404146476,-0.8316726388311286,-0.38256228780667545,0.029089996701405146,-0.010379585118046323,3.2073174808444262,4
71.58236608276212,16.14903004676109,-1.0072389803563224,-0.5115049206977789,0.055417246866910866,0.02037261018619254,3.172443987372456,4
71.59904417364814,15.690501373493614,-0.9729362547916933,-0.4207487183589613,0.04065633783812745,0.009051461610199475,3.125013679703287,4
71.61572226453416,15.33382386356201,-1.0086538861120635,-0.5702050923141533,0.047689087846472675,0.028561543306589186,3.0725448091469856,4
71.63240035542016,14.749297852326052,-0.8356894577744569,-0.37775867323665047,0.044794021546672266,0.025573719122761567,3.021404932898513,4
71.64907844630618,14.24375427197556,-0.7515816251056755,-0.42723902549131676,0.03229256354188806,0.01567500971175204,2.967336908719796,4
71.66575653719218,13.782551330294131,-0.6832835103534056,-0.48384207342081353,0.041891662267535955,0.0009905788969901406,2.8850309535371044,4
71.6824346280782,13.364269068729442,-0.7120745106079336,-0.502488158267548,0.017063843713150548,0.013819358893886866,2.829239584231904,4
71.6991127189642,12.912011845736902,-0.603900382352287,-0.3188347184355127,0.014259312341920382,0.01987323088059979,2.7642695200949414,4
71.71579080985022,12.645016695812275,-0.7276456931339519,-0.49494624942020726,0.03601789582959605,0.009033565460926835,2.683633370270033,4
71.73246890073624,12.182590233707375,-0.5995521083086497,-0.39059935642585586,0.044298352962765145,0.0016952793093593151,2.591967573911898,4
71.74914699162224,11.778213554031511,-0.46851938939143123,-0.17551910623273015,-0.005821945985693047,0.009977836892333213,2.534383216664732,4
71.76582508250826,11.478761739395415,-0.6586672624037417,-0.30147703184559616,0.003291622330475935,-0.03283075199515561,2.4223571805893056,4
71.78250317339426,11.15510617647551,-0.7634359815728771,-0.4090989934568081,0.02049614825215985,0.0038992541959445588,2.350389635062575,4
71.79918126428028,10.785638555536423,-0.74767713863175,-0.39802194505682165,0.03040569204542446,0.005200136522791239,2.2459485185813692,4
71.8158593551663,10.361232790970677,-0.5755239207341476,-0.2649928346074857,0.02427529021801813,-0.005609259597804032,2.1757652331465374,4
71.8325374460523,9.968996086911767,-0.6396430374220481,-0.3141421675968088,0.025814241003025706,-0.026557781897458138,2.0409533779132736,4
71.84921553693832,9.699030032307771,-0.6378262304049498,-0.39174969006529636,0.020900056933315887,0.004313445261443827,1.9392466709018419,4
71.86589362782432,9.671414392131759,-0.8579643357717632,-0.7019510228886197,0.06516262255819104,-0.002313684394937481,1.7976949249818979,4
71.88257171871034,9.030297583760072,-0.3851255138002694,-0.1785606898677421,0.015187548570073787,-0.017050166020117555,1.673021272931218,4
71.89924980959634,8.89429480030026,-0.5638262407589294,-0.4091560433002335,0.012757774597834915,0.015785854253086817,1.541871027212573,4
71.91592790048236,8.665089483982765,-0.4629352768614621,-0.32364145389668764,0.021372623131449053,-0.0039626799435510595,1.417161115497197,4
71.93260599136838,8.49304711214908,-0.408260687635702,-0.2247787209669183,0.02138593810369508,-0.01312719218966273,1.2537432321040733,4
71.94928408225438,8.372587439702386,-0.4826378748830811,-0.2793580361413843,0.006270966206771163,-0.004232790280696502,1.1224773966403792,4
71.9659621731404,8.089515523377983,-0.35452625879972954,-0.17378784464882013,0.016721922265923853,-0.014008993577460615,0.9424083118722991,4
71.9826402640264,8.109256859319387,-0.5670788462904226,-0.2652591724428772,0.0018043350015655769,0.016479597891796836,0.807089434866857,4
71.99931835491242,7.873302188863221,-0.3211496222916681,-0.188737232835968,-0.005611023301082424,0.006077980951356298,0.6349231726509974,4
72.01599644579844,7.731669325488391,-0.29062031708405156,-0.0948485242417414,-0.0075530739940868775,-0.029148829900186704,0.45533146031209415,4
72.03267453668444,7.683387746848718,-0.44147135990715736,-0.25905055112703845,0.00212883970847963,-0.025839321547433642,0.2668963152575171,4
72.04935262757046,7.6146559242707355,-0.3985282194860451,-0.1723779744796965,0.007316209434169253,-0.01169189168574557,0.07656815276456541,4
72.06603071845646,7.467417714585749,-0.25620209062902566,-0.08467314997598807,-0.02015378631282667,-0.016549630512356604,-0.09841423404756251,4
72.08270880934248,7.361839431225729,-0.1579906982617314,0.07852003104967009,-0.022878318548675544,-0.03917631846805236,-0.3049849118690935,4
72.09938690022848,7.612457992865336,-0.45598835805626914,-0.2350883873889802,-0.011186952016990513,-0.01617702385020207,-0.5182220175555482,4
72.1160649911145,7.355205364926558,-0.061010305995945036,0.13621296018298823,-0.06308275877187876,0.005515211535737112,-0.6689956766406222,4
72.13274308200052,7.4612045422461515,-0.10167013563403016,0.07901299682984719,-0.04348459121379195,-0.04546048747903989,-0.8999951974982539,4
72.14942117288652,7.481164961374633,0.05165598532597171,0.20874987193142447,-0.028087192209230633,-0.04247686116846901,-1.142157890969838,4
72.16609926377254,7.642597843945584,0.007934660746771183,0.24344696447460112,-0.035994077402567916,-0.04095193118204405,-1.3795557446873767,4
72.18277735465854,8.030239038899145,-0.03510775032989244,0.10160988526807513,-0.07203376012491768,-0.050784994456955224,-1.6476097319323812,4
72.19945544554456,8.307602002414274,0.07511184296542384,0.2660596307124128,-0.05153962882200822,-0.02465473377940186,-1.931805631042157,4
72.21613353643058,8.62929953788416,0.0934670378318807,0.27411716254766993,-0.04783447405927577,-0.0533018357287757,-2.218725058153325,4
72.23281162731658,9.055379250273349,0.10508221091164627,0.3892980101956045,-0.1015642327913863,-0.03621414777940061,-2.511262553604646,4
72.2494897182026,9.359161399347553,0.4612705377638924,0.7360567827538769,-0.09052992147143227,-0.04697763281053637,-2.8063592737662235,4
72.2661678090886,9.95181117963187,0.4131072832874283,0.752750621747516,-0.1196318892012206,-0.04478102356095017,-3.1133716547128034,4
72.28284589997462,10.370137676244147,0.5895735353185678,0.9508403411776998,-0.12734576292811936,-0.026085205023302915,-3.435695612349403,4
72.29952399086064,10.981354030817247,0.6333165381811678,0.8897587502344155,-0.142881652524354,-0.09104464584663119,-3.790082725935397,4
72.31620208174664,11.682131058225366,0.4245888531018789,0.7336249661444616,-0.13875066911910092,-0.04680241475962988,-4.098835436086709,4
72.33288017263266,12.075806128354525,0.706652038754882,1.1064648574326599,-0.15496174931640505,-0.07881881127772397,-4.41975682001354,4
72.34955826351866,12.720078201550928,0.7069424251942968,1.0546793898658597,-0.1653550426507052,-0.05246571053365775,-4.710243803197494,4
72.36623635440468,13.431491342591759,0.5376030704359329,0.9146473156013353,-0.13428973201772418,-0.05581385266684228,-5.087794792593768,4
72.38291444529068,14.19001945951941,0.2759508141536209,0.6928905403389174,-0.13590341805857092,-0.056965418271566266,-5.344200651857924,4
72.3995925361767,14.631174786988268,0.25697420744502075,0.66897692720819,-0.10205109137059484,-0.0884381553300281,-5.541615578905302,4
72.41627062706272,15.03956784577455,0.33293059927591173,0.6858990189625782,-0.14184355970294493,-0.10164498254343787,-5.73465606314919,4
72.43294871794872,15.590411865220918,0.2424556163863123,0.5607041348137676,-0.11067355446211673,-0.12492480440221831,-5.943887937440372,4
72.44962680883474,16.005777568836976,0.3456710772763225,0.6935413009523854,-0.1266529247832338,-0.1248616350950047,-6.1231473550302296,4
72.46630489972074,16.806272806233363,0.13287725809370343,0.45885609462682986,-0.08911808195244998,-0.12055487369323013,-6.328938186433496,4
72.48298299060676,17.22879293785499,0.32933201055055417,0.7154113119287082,-0.1150107742609295,-0.17080707808367943,-6.491671740604385,4
72.49966108149277,18.12483230215404,0.06204340082434978,0.39736178239308995,-0.09279574594727358,-0.15590437229407722,-6.67541217130257,4
72.51633917237878,23.46373620974857,-9.091309766695694,-9.962834575148943,0.8467592352719282,-1.73332533089742,-7.778232225610783,3
72.5330172632648,23.956822452043156,-8.821348564900894,-9.631809396670306,0.8126440979721422,-1.6877536053419768,-7.902802216181204,3
72.5496953541508,24.71355732887136,-8.933861278047868,-9.778649325840247,0.8406158210158261,-1.7542502929507855,-8.06271551813924,3
72.56637344503682,25.357040769086147,-8.814088444590901,-9.521969564566307,0.8258930095334879,-1.7098467975456093,-8.19458320181805,3
72.58305153592282,26.161828021353006,-8.688935471238196,-9.484434368756776,0.8071658005519152,-1.7473670747636267,-8.29591771799203,3
72.59972962680884,22.447748489612042,0.08975755783371309,0.6422190877168115,-0.12936492732892313,-0.19405229061860663,-7.505315299815083,4
72.61640771769486,27.95424922494946,-8.863417762342864,-9.407268292813253,0.7981493203637814,-1.6827491969165564,-8.519672345095909,3
72.63308580858086,24.43963197889105,-0.29310493138547056,0.29215477846727556,-0.10720821915019708,-0.21751190866418393,-7.698352937429226,4
72.64976389946688,29.539900099702617,-8.632538668065767,-9.297403998074524,0.7645041806956445,-1.7574464470242106,-8.668620448045402,3
72.66644199035288,30.4864982876629,-8.572674918065978,-9.0904407922512,0.7911924465960597,-1.7264363386785027,-8.757240826726619,3
72.6831200812389,31.680956680332514,-8.667509230827214,-9.12396876562349,0.7870912574371748,-1.7035026395776058,-8.808783849694708,3
72.69979817212491,28.030945788331866,0.5385251742239747,0.9518051124997537,-0.1797539495169492,-0.24534418723508938,-7.8736673588167205,4
72.71647626301092,33.72885096445847,-8.48148225652309,-8.998805839842568,0.7798564394614651,-1.6748434849742957,-8.888880090935576,3
72.73315435389694,30.55987111329224,0.1235609627477654,0.6280206422641434,-0.1643029343931313,-0.192634798428494,-7.996841237583513,4
72.74983244478294,35.929915028863434,-8.138780750185632,-8.791861949537147,0.7513535301329982,-1.711748794872872,-8.959600847479736,3
72.76651053566896,37.14921241916514,-8.277111988751638,-8.771909799770272,0.7745563167364401,-1.680849238337218,-8.975189363632367,3
72.78318862655496,38.25180833881943,-8.299840573377674,-8.690892913143024,0.7425548841851612,-1.6861889838594002,-8.906810943026871,3
72.79986671744098,34.104667943382715,1.3752663078089746,1.8635024639195574,-0.2639636042160872,-0.18205279589331505,-7.824067074536845,4
72.816544808327,40.16533545121723,-8.088029753651828,-8.470145362351552,0.7424143243326748,-1.6942701157433693,-8.803400583985548,3
72.833222899213,36.77291692668915,0.4319764597783937,1.268805989681029,-0.18679941331068783,-0.17848653300962525,-7.813002887029487,4
72.84990099009902,37.67902183609154,0.6789211661002135,1.5328227086185873,-0.19840332425197332,-0.15402707041553698,-7.705090056176999,4
72.86657908098502,38.83106370272772,0.8044103300036536,1.643877505122834,-0.21484031670592002,-0.134641594895398,-7.591244566664479,4
72.88325717187104,39.737377159948366,0.93008476831411,1.7393342394654105,-0.21400175971995775,-0.15094171971919673,-7.4609711525376,4
72.89993526275705,40.44397345318218,1.0976157165445635,1.935062696947016,-0.25490156711867107,-0.10181235731486626,-7.245025910092176,4
72.91661335364306,41.48809564185825,0.7956647966018675,1.712431700497394,-0.21794029325669484,-0.1007427609603855,-7.057237283382552,4
72.93329144452908,41.91895999264955,1.064631102231905,1.9662491774869935,-0.2633640329684231,-0.04587766022863382,-6.76938430957931,4
72.94996953541508,42.534220916533684,0.9620727671110032,1.7839619721227038,-0.2599929716543324,-0.0346142537235493,-6.4764430111952835,4
72.9666476263011,43.187474065578066,0.7096207399452332,1.5750065271075009,-0.19610919213326816,-0.07372929969195302,-6.175431168109107,4
72.98332571718711,43.611487518717524,0.5805058738196216,1.4807991928014879,-0.1950352839212694,-0.03981055731450806,-5.814495380712995,4
73.00000380807312,43.90622416996696,0.5608614019781548,1.4880690412003315,-0.21371355553152568,-0.014600395420663465,-5.436393078777496,4
73.01668189895913,44.30984664583549,0.5795916602772362,1.5428202073294166,-0.173378437811647,-0.06749901743545376,-5.052227181311327,4
73.03335998984514,44.69299748833686,0.3232458091214916,1.345638553505644,-0.16944840920147936,-0.03153772553418868,-4.682949437339776,4
73.05003808073116,45.08906893268526,0.24872621144128715,1.2695025158775692,-0.1607140386160033,-0.0582948113608986,-4.277819620788362,4
73.06671617161716,45.46888425980311,0.2132528593087084,1.2281276976814954,-0.14954585450256846,-0.06508627811766227,-3.880001911315702,4
73.08339426250318,45.834084911997905,0.19354661148974728,1.2519016145951891,-0.14504015975541584,-0.0742590119693376,-3.45312707486204,4
73.1000723533892,46.06087847744088,0.36668820031031757,1.3623967754396968,-0.14781231536672637,-0.04860794769641829,-3.0369162648027115,4
73.1167504442752,46.490966683693564,0.18802966284578204,1.1852785334505818,-0.1464450613018926,-0.03926141922008095,-2.6431356993773503,4
73.13342853516122,46.902024056703674,-0.053408816064699494,0.9853711254841393,-0.11510787856068255,-0.028717868026778316,-2.246754071574109,4
73.15010662604722,47.1054999380111,-0.075138373095891,0.96952434175288,-0.10842826123927904,-0.017630801546398338,-1.863941942383842,4
73.16678471693324,47.28756364100859,-0.18103789517570412,0.8885546916333862,-0.1022630088136873,-0.02293360733109542,-1.4989074208027615,4
73.18346280781925,47.43420035616663,-0.1278563761590341,0.8970454316479337,-0.08682307211552973,-0.04216683553768646,-1.1075480289791064,4
73.20014089870526,47.62025465109397,-0.17500874615371664,0.7513951814244191,-0.07108041046948305,-0.05331259107434336,-0.7357810913583841,4
73.21681898959127,47.37564432019137,0.049346595766197154,0.9609173660890153,-0.0771846775955625,-0.026466444092221077,-0.32633431281771985,4
73.23349708047728,47.54896953740871,-0.2177376174905188,0.7681276523900369,-0.06928800103642023,-0.024285734894608176,0.03752982693234583,4
73.2501751713633,47.32742724179495,-0.2921225570048094,0.7694147606561295,-0.06397686389968378,-0.008585469119596973,0.38966314351000564,4
73.2668532622493,47.5152984100161,-0.6971996323545575,0.4144573416482924,-0.059080203907504604,0.01490266053960878,0.744186167468881,4
73.28353135313532,47.525715818989916,-0.5573771481330212,0.5653341841694761,-0.05680424481577581,-0.0013383563772515585,1.0538565656190493,4
73.30020944402133,47.969415861367594,-1.025217721589815,0.11743941199404873,-0.024134205310757675,-0.0042855275656193655,1.3007211768152145,4
73.31688753490734,47.75809143705684,-0.6820538385255759,0.4539088284696806,-0.03465846731727947,-0.005069193600880239,1.5978497673959065,4
73.33356562579336,47.90463294887025,-0.8398750984700207,0.3865531633266155,-0.019721922437273425,-0.001204023176333498,1.838137263311826,4
73.35024371667936,47.78039127815185,-0.6790495112587926,0.51964846940783,-0.03781626874189631,-0.002453563715024345,2.0763687283373344,4
73.36692180756538,48.05114071314266,-0.9774959558809755,0.18232427552292663,-0.028125832297866228,0.028909337467170584,2.296189235997442,4
73.3835998984514,47.98340258935539,-1.036434665432397,0.18785229900359823,0.00037954435259359446,0.01805584072418803,2.4765087989620955,4
73.4002779893374,47.873637531164235,-0.846566317265939,0.27931033872210165,-0.004135166540170062,-0.01609491030361985,2.674151611044832,4
73.41695608022341,47.80486935194761,-0.9388567769667535,0.21648715881568137,0.0253742239814994,-0.010818037338047835,2.8444813764814048,4
73.43363417110942,47.63550622625549,-0.901813896489351,0.27469012986166064,0.00047173000420195173,-0.008164043790458129,3.012392515089297,4
73.45031226199544,47.622240809892304,-1.0260761421054791,0.08976310781677022,0.025934675445063393,0.005939111880938359,3.18682135754584,4
73.46699035288144,47.30570265628002,-0.8590643781583047,0.2010741714454074,0.001996516626706532,0.011061915020859955,3.353731843106782,4
73.48366844376746,47.078844995934645,-0.8394447485851231,0.13210942652008129,-8.65481382805345e-05,0.0067977842529710515,3.4666268661073625,4
73.50034653465347,46.883745456634344,-0.8065361978438421,0.15252715689228324,-0.024328028463533484,0.025853528645671673,3.6009995911994297,4
73.51702462553948,46.540073452018724,-0.8268037810586666,0.1734058164280352,-0.002743375519469227,0.016968323384490436,3.685994719538171,4
73.5337027164255,46.22951662795905,-0.9087471336296815,0.01646355548871803,0.020245136058086657,0.009189577603852691,3.8162005789689006,4
73.5503808073115,45.77585414134948,-0.9015725703032178,0.01314464258601511,0.035938711134772434,0.018207089314592126,3.9391982704705817,4
73.56705889819752,45.206317753385555,-0.9777180062857731,-0.056881389892563305,0.029045977928437102,0.05078884321170246,4.050346620331971,4
73.58373698908353,44.76050401222526,-1.1062899425861819,-0.24472836234795636,0.05307211187370216,0.023545766370084317,4.091736152117847,4
73.60041507996954,43.89013530521316,-0.9674474916716118,-0.06170886540853893,0.0022107870560959036,0.025883089733309904,4.164119827288613,4
73.61709317085555,43.40936019771662,-1.1761146945964995,-0.2757803442989797,0.029418577904590702,0.018223954425266278,4.20122067767959,4
73.63377126174156,42.755012758426375,-1.1728801546580598,-0.2276016391246216,0.0460313632381594,0.01374188950591665,4.209281703144599,4
73.65044935262758,42.02812164101209,-1.0762121879114712,-0.1392840603686203,0.02864644136233348,0.03681795667381018,4.255630073076611,4
73.66712744351359,41.40127194273437,-0.8711673557250013,-0.04135023069564703,0.008709869756553905,0.012660862304498508,4.256061250271098,4
73.6838055343996,40.868433645832106,-0.8077990609633563,-0.07274840909530411,-0.0007854218758263278,0.02039835292605425,4.276457463859672,4
73.70048362528561,40.40616144417256,-0.9787279162310565,-0.29925734786963254,0.03494510564253521,0.015405928709026188,4.244738461193302,4
73.71716171617162,40.026681413463216,-0.9926229628669212,-0.30276479564968994,0.055255768400845166,0.02955056539544041,4.250589396529905,4
73.73383980705763,38.86866827342899,-0.5902046651553938,0.11409524341872768,0.01382208886819506,0.030218187374697333,4.264483970410216,4
73.75051789794364,38.160839437156014,-0.6619405346210279,-0.0038757910808548957,0.01747733382945479,0.007670191988200062,4.249601038216493,4
73.76719598882966,37.512219250639774,-0.8928455297679765,-0.24093992352042015,0.03926040937159336,0.017547051494856254,4.275417581500139,4
73.78387407971567,36.423495887365334,-0.6990795997711885,-0.09685618788561712,0.05604226443756159,0.030787320931613,4.265771791260758,4
73.80055217060168,35.41725159464611,-0.7893604389116256,-0.0676316256089784,0.04129818287791941,0.013653052699106102,4.236530503861689,4
73.8172302614877,34.47786717723606,-0.7304716993269977,-0.13280271777669128,0.04621302268254216,0.028824688857008007,4.24640699138586,4
73.8339083523737,33.662326435807316,-0.7767486976907669,-0.20011309028958024,0.057047784005757246,0.031740733468037984,4.233399069926599,4
73.85058644325971,32.83272063912712,-0.8585159447156965,-0.2799915581387893,0.06194844023404933,0.026154870942966587,4.23417299322266,4
73.86726453414573,31.927378880012114,-0.658973279824572,-0.15769119252798802,0.040338735699900714,0.0172857555987847,4.228832359027281,4
73.88394262503174,31.15021359103781,-0.8178420630839423,-0.3093249286230737,0.04998159016934521,0.06097089445751889,4.232688630255316,4
73.90062071591775,30.47338118387278,-0.8439003709422241,-0.43652742702282055,0.07011494432442321,-0.0003414737311697136,4.200599064413932,4
73.91729880680376,29.901100793693498,-0.9925336854475599,-0.5671134834577618,0.08209473766496808,0.028576609893331932,4.230356997397819,4
73.93397689768977,28.908849232869855,-0.8375101298038814,-0.34587206927327685,0.06863289895972711,0.03456541167563939,4.24158980017511,4
73.95065498857578,27.963201956368174,-0.7753737528533788,-0.30855640452033484,0.03360814396985127,0.04146913176311908,4.256771382131753,4
73.9673330794618,27.216061088593577,-0.8171380485372959,-0.4278077027536842,0.06479097972983637,0.017901665731380065,4.234355963414082,4
73.98401117034781,26.18641013524318,-0.681525919791417,-0.346606633738201,0.05192272906569601,0.03158277742001113,4.230052506741229,4
74.00068926123382,25.323200265659683,-0.6731085991456531,-0.32726151876681975,0.05892988860379936,0.055248504084501625,4.24614965185221,4
74.01736735211983,24.473376047044095,-0.6832923329565794,-0.37679570171824217,0.0704640669083843,0.017006025048783267,4.2259944161041085,4
74.03404544300584,23.834211693424535,-0.9593919042007766,-0.6686014022833922,0.07605414250941979,0.04749303580879608,4.224172220833455,4
74.05072353389185,22.871909580705182,-0.7027226140776879,-0.4768633100465616,0.07143753056650184,0.015569528405937873,4.209145949155871,4
74.06740162477787,22.199037725988752,-0.7786775532363697,-0.48257174699913374,0.08100037396059584,0.01416133718351982,4.2157176610558835,4
74.08407971566388,21.440661868519435,-0.711913073267568,-0.41371294522142854,0.05684010740540983,0.021398217615021912,4.217721449477882,4
74.1007578065499,20.859135369859846,-0.8478836644509125,-0.5297834160460937,0.059330698799026506,0.04956084271149163,4.229062658516688,4
74.1174358974359,20.06059159718413,-0.6590895449644414,-0.3601608330528885,0.08028880025204552,0.038228819835578014,4.233344445723365,4
74.13411398832191,19.232792123561836,-0.7661122085392913,-0.40502928226788715,0.05981788885191461,0.030567566329196282,4.2391215641475135,4
74.15079207920792,18.354664873662536,-0.7528524087575601,-0.4933984990399374,0.08549808822544074,0.038224857663808134,4.232284105646388,4
74.16747017009394,17.524090612462874,-0.9086164556842613,-0.6140328899394927,0.07394101993933262,0.022620551410323042,4.22518238724905,4
74.18414826097995,16.724874261277957,-0.9104480147478267,-0.7036566909094155,0.08822642019736754,0.053197827144700977,4.229841229562468,4
74.20082635186596,15.768821763163851,-0.7948452653296796,-0.6661503635917292,0.09430789667773988,0.029856455987233722,4.221130494917441,4
74.21750444275197,14.863377835828377,-0.8087685209707907,-0.6587628679335875,0.08634158039743141,0.019487928556683225,4.20699797675762,4
74.23418253363798,13.916961601146758,-0.6661388282178624,-0.5096121142919481,0.07868884552171629,0.047494000924233726,4.21408844061698,4
74.250860624524,13.359169717585237,-0.8369382152291545,-0.5622425186997351,0.06562489747957728,0.02932321836633176,4.199965303141511,4
74.26753871541001,12.96556063003542,-0.8527523425524364,-0.5334303587427955,0.07485381620520468,0.030444178611409373,4.196030285013685,4
74.28421680629602,12.649817894992358,-1.0897284981014432,-0.6546839448355959,0.06913399611898349,0.0015234732894487003,4.17125474448216,4
74.30089489718203,12.356914992379926,-1.0558032290888995,-0.650395330394705,0.06244695124556563,0.026492606434114677,4.176833975025691,4
74.31757298806804,12.25568936462199,-1.3236431744923163,-0.9015309289252227,0.0953960392205422,0.04541635024070045,4.099419330861608,4
74.33425107895405,11.724451551845682,-0.9438227723285348,-0.566651808989628,0.058275139818876366,0.024489476368176114,3.9891568972703237,4
74.35092916984007,11.271141150391616,-0.7625513043742118,-0.45751059480050316,0.08176791870117575,0.009119407391411417,3.834986390764188,4
74.36760726072607,11.16567840203812,-0.9075027899066637,-0.5900845198150999,0.07434355232115855,0.00722304859177927,3.7018359993961742,4
74.38428535161209,10.894818488842708,-1.1090141911177755,-0.8367027304787764,0.0755817636954536,0.04161074873096797,3.5756115694115813,4
74.4009634424981,10.06124802784997,-0.70036488609249,-0.2688045217895625,0.0621079401261166,0.03555019599601919,3.422954509753453,4
74.41764153338411,9.662144430517941,-0.7601651274121126,-0.46210257311199765,0.04861250084196919,0.0075214888483321985,3.2725327601003262,4
74.43431962427012,9.034437674015287,-0.6110859057262039,-0.282694782074723,0.03756194369662671,-0.014187834362987662,3.098614392445003,4
74.45099771515613,8.87479660699156,-0.9993433000516152,-0.6976223078478276,0.07281418309815883,0.040910792915892794,2.9473782947029066,4
74.46767580604215,8.307314482539399,-0.7772626372194633,-0.5348758207748991,0.05400783554202065,0.014746417879034272,2.7233774607269505,4
74.48435389692816,7.979762471232665,-0.6641511159144216,-0.5148766741462074,0.04685054591376326,0.005330580657333992,2.462332616850766,4
74.50103198781417,7.547778008329401,-0.5171674518340605,-0.31763353652361737,0.0334658511615436,0.006272200678380968,2.194318067302059,4
74.51771007870018,7.346431477360824,-0.5212252897809595,-0.28997227986027685,0.01160392028888936,0.0015357583970906578,1.9153392667100952,4
74.5343881695862,6.901568987933749,-0.3285344244545605,-0.10820416678783884,0.006882322082009373,-0.005195084611068232,1.6072141462238945,4
74.55106626047221,6.770587206395912,-0.3203615313292081,-0.08278704914842372,-0.0019453780950104342,-0.014788904215886741,1.2740500191282893,4
74.56774435135821,6.637256923932729,-0.26521297020178114,-0.10140602411010224,0.0027368924183948703,0.009250686069296323,0.9346973715765045,4
74.58442244224423,6.4736224800448605,-0.39443038556585464,-0.09821950270207935,-0.019226380886712902,-0.005324870383591347,0.5238271221550079,4
74.60110053313024,6.239514164557722,-0.2823875881319857,-0.026534297097500215,-0.01642010778849253,0.020312135481251728,0.1102544051213264,4
74.61777862401625,6.071330015286695,-0.09045916239969021,0.12626123511360654,-0.028030235541922886,0.02032644346216119,-0.31739123386323936,4
74.63445671490226,6.098822211963624,-0.2459970292187208,-0.058058274820489864,-0.004359803199790255,-0.03602059270463273,-0.8137973209674148,4
74.65113480578827,6.002878191364157,-0.04901930383040942,0.13248499119779766,-0.027820690279881766,-0.04104576149282564,-1.2955078007020198,4
74.66781289667429,5.900037263420247,-0.02282235241852648,0.10163011962343771,-0.0355183170177318,-0.04456304838159789,-1.816824903975007,4
74.6844909875603,5.729519193486066,0.11975710806084705,0.24653288266470108,-0.09426655597130545,-0.016897843754531378,-2.324587262671265,4
74.70116907844631,5.389364693706192,0.4838146771092089,0.6453805278991578,-0.11933949149842045,-0.029642854050814234,-2.8643436037689978,4
74.71784716933232,5.2984258725890285,0.5939830701852493,0.65979313077389,-0.11011740178216975,-0.03820266708451956,-3.4679269072114227,4
74.73452526021833,4.984211885390289,0.8856393152464543,1.0248266221219011,-0.1485167294194384,-0.018113566605569228,-4.048489315749791,4
74.75120335110435,5.2058152711330985,0.672349983664664,0.5999224296466701,-0.11497861394760639,-0.06092269696859345,-4.697932266203435,4
74.76788144199035,5.417210151342882,0.30597239899236883,0.401367984398564,-0.10945364904587256,-0.13899802264725394,-5.341165776546891,4
74.78455953287637,10.538667599365517,-9.523126819360112,-10.713559672699285,0.943313557232,-1.773166619594139,-6.942791346866203,3
74.80123762376238,10.59869434018445,-9.459333753600054,-10.75951876159334,0.9419579240099619,-1.7779981305987396,-7.514618794447282,3
74.8179157146484,10.105137886888608,-8.812463925795367,-10.011040916213222,0.8436461781823403,-1.7289030346637462,-8.01038737137398,3
74.8345938055344,9.938033960825848,-8.65920258652313,-9.800082435925948,0.8518450319003035,-1.774319431877904,-8.531288183310643,3
74.85127189642041,9.795922754394159,-8.599933256510813,-9.626569446272827,0.8049253292305648,-1.7454698999347615,-8.96914637811766,3
74.86794998730643,9.485723129562412,-8.108263500062375,-9.298261611208808,0.8184996516550931,-1.7652580726321987,-9.416484678606622,3
74.88462807819243,9.537625229915523,-8.025217267668339,-9.211563573348165,0.7831994005423472,-1.7558280795224896,-9.861657148411412,3
74.90130616907845,9.333214177865747,-7.797384675157871,-8.896463612252365,0.7617006360455704,-1.7775157358355964,-10.305826491080548,3
74.91798425996446,9.260145433752466,-7.230817957304646,-8.485614993599013,0.7096850897369006,-1.7214254009570626,-10.672970551664005,3
74.93466235085047,9.264015619104782,-7.0458530545529605,-8.43359034561858,0.701707610683197,-1.7242705290293177,-11.04860629689237,3
74.95134044173649,9.067722976784914,-6.708806688107941,-8.13034180111814,0.6438314525584357,-1.7015215140882203,-11.341421660950067,3
74.9680185326225,8.805926726466078,-6.317320804412987,-7.811305788409485,0.6507764231996211,-1.733818605260661,-11.64977707786885,3
74.98469662350851,8.847997998254119,-6.375957629160684,-7.856954963342918,0.6579448117505032,-1.7590420648214475,-11.997991177386444,3
75.00137471439452,8.85503988688194,-6.3637697650471665,-7.6634969150074514,0.6587403464346102,-1.7383749475669692,-12.261078356394588,3
75.01805280528053,8.674669066181533,-6.027492314416215,-7.297170049015493,0.6223708793657533,-1.7150814307280502,-12.510119199183135,3
75.03473089616655,8.774078506466662,-6.142183900895671,-7.556131256582787,0.6517868470428443,-1.7762304773585398,-12.754754199523692,3
75.05140898705255,8.577723271404178,-5.627325290859018,-6.952280731884695,0.6094029129491983,-1.7642007819106758,-12.948690775693086,3
75.06808707793857,8.863755138046248,-5.954919413582507,-7.412546470574454,0.6210670490792737,-1.812800489937363,-13.130664875045008,3
75.08476516882457,8.746418686607994,-5.636261896703685,-6.990613313868242,0.5997263877637762,-1.7885896398158212,-13.27730042878098,3
75.10144325971059,8.896210166331002,-5.816616761986407,-7.063252083774492,0.6114603822169133,-1.7574756519939354,-13.419035541048945,3
75.1181213505966,8.892568032894335,-5.531707394571053,-6.9375429623039055,0.5667716477069539,-1.7841749176768398,-13.500465815850731,3
75.13479944148261,8.972837603515101,-5.537836428946787,-6.913937790727662,0.592137126447072,-1.796473729780585,-13.592116251690342,3
75.15147753236863,9.218008168974224,-5.755305769253999,-7.182844412883623,0.6165969031097759,-1.8273661081946535,-13.675777831246943,3
75.16815562325463,9.28039293722373,-5.715475986185114,-7.051488107097243,0.5894794596232521,-1.7784862623076847,-13.696586188352061,3
75.18483371414065,9.113655890456027,-5.383719336978814,-6.724509520972075,0.5644927434666102,-1.8128943951662062,-13.702183732214433,3
75.20151180502666,9.447278003826982,-5.509327263759744,-6.854177593830157,0.5843457159264148,-1.7888179874873964,-13.659629257582102,3
75.21818989591267,9.522322652960183,-5.58261997327519,-6.940512380919215,0.5783692213126089,-1.8021462571150888,-13.641706375646882,3
75.23486798679869,9.713245398072193,-5.705739173112919,-7.020208700324962,0.5938066581790276,-1.7708790098350211,-13.582558850503885,3
75.2515460776847,9.909571486882758,-5.74936922199253,-7.027862458430944,0.5967983060702394,-1.7929197886043033,-13.524309658130448,3
75.26822416857071,10.060780905791445,-5.74068049206129,-7.029890696101438,0.5876644552834829,-1.775966542080891,-13.399568991736098,3
75.28490225945671,10.213251844379998,-5.815772819880042,-7.2305325718546545,0.5604867403173777,-1.788408414272476,-13.268252881940167,3
75.30158035034273,10.1934496184349,-5.818005683307859,-7.09516076808024,0.5951470927918597,-1.7802111514380319,-13.122973665652255,3
75.31825844122874,10.326780922093935,-6.167268167275255,-7.414831562662031,0.6200228226655339,-1.7984282899926458,-12.962864623947096,3
75.33493653211475,10.307210477626366,-6.0501908221485445,-7.381345292265542,0.6605378024094136,-1.8368872229873063,-12.78945479801217,3
75.35161462300077,10.489762412493576,-6.220593536959104,-7.4416512334096865,0.631122165736094,-1.793093596165725,-12.516284802591,3
75.36829271388677,10.572114462638414,-6.366683748246335,-7.7041117392649605,0.6394802744232064,-1.8121882166929217,-12.30193434256946,3
75.38497080477279,10.841280599326035,-6.688024816279999,-8.097981441514385,0.6789109360917908,-1.8491936972057252,-12.050242637284029,3
75.4016488956588,10.895472399576246,-6.763293999338418,-8.099882775097559,0.6756527935275709,-1.7963282817929054,-11.738059143505946,3
75.41832698654481,11.036741722450746,-6.850642119701034,-8.218203789604408,0.6819349101209131,-1.7836835965761688,-11.418011537242059,3
75.43500507743083,11.163998097919855,-7.122839704603872,-8.42077868367355,0.7091386834247645,-1.8326769186590215,-11.114531620710732,3
75.45168316831683,11.217897808788004,-7.308699614689112,-8.580305908996865,0.7488382561091741,-1.834684406630231,-10.779516539261857,3
75.46836125920285,11.331857044963218,-7.559103235034156,-8.834739353750594,0.7463369367268644,-1.7902350096799255,-10.37545646069552,3
75.48503935008885,11.17468204370553,-7.668711512609613,-8.807509205972043,0.7877384915838788,-1.7842704332245727,-10.004183214785893,3
75.50171744097487,11.457020866813854,-8.135348413634503,-9.4478007280055,0.786518576151771,-1.8074554610869753,-9.563894609255135,3
75.51839553186088,11.302178514758864,-8.348162385228246,-9.605445646790574,0.8162450948660827,-1.8311639227493863,-9.131777181602647,3
75.53507362274689,11.566211013624045,-8.94126657923865,-10.222997166914723,0.8833025145283768,-1.7966466012675981,-8.656781023399772,3
75.55175171363291,11.50906511803371,-9.140889372769756,-10.386166515328217,0.8882631368208255,-1.7743550673556838,-8.153702257443955,3
75.56842980451891,11.662966188972558,-9.624285102733912,-10.807080558119733,0.9357654872997857,-1.7802740298385393,-7.67148866181657,3
75.58510789540493,11.941807743770937,-10.247667959338939,-11.507733140448249,0.9331359002640637,-1.7416372319150393,-7.131173821024543,3
75.60178598629093,6.429556188068368,-0.04824587642371969,0.11140432204259532,-0.09265000820899025,-0.12071669097512272,-5.640290785503754,4
75.61846407717695,6.174307046160057,0.2304788644288338,0.3523238048568813,-0.1040927676695816,-0.06518338334067943,-5.0681323870852,4
75.63514216806297,6.153464221680583,0.24749562898051725,0.4041516352749348,-0.10711339181313952,-0.03746568700776591,-4.522297109482781,4
75.65182025894897,5.9201606258800235,0.4757797258754106,0.502041392501267,-0.0661679808952123,-0.05826644251673615,-3.967506603273487,4
75.66849834983499,5.881425547451794,0.33465631976648424,0.41234106158188766,-0.11026489054923595,-0.045426812332775054,-3.38368090849879,4
75.685176440721,5.595182042953712,0.4675872367002827,0.5785678909518241,-0.08681730305406639,-0.03849321591298872,-2.8535213896711418,4
75.70185453160701,5.4699202919643035,0.2876087879633753,0.46590529578907147,-0.0873502355680529,-0.028681791536657446,-2.3340067229384425,4
75.71853262249303,5.520323949861905,-0.119669139901873,0.027941065509578866,-0.04688490830264232,-0.007080725534910664,-1.8109505653438704,4
75.73521071337903,5.377530456164438,-0.18751261731162683,-0.009977355866868765,-0.05199695065755176,-0.007464893993282572,-1.3413373074878903,4
75.75188880426505,5.30130951663811,-0.09642497260934202,0.04041319958773504,-0.05592459421294489,-0.010043814601968152,-0.9353674120794294,4
75.76856689515105,5.446653150092267,-0.47346780792349286,-0.30758914193810205,-0.012943910983110934,0.020584765898832208,-0.5478382021278106,4
75.78524498603707,5.199687922936386,-0.25462855547754226,-0.14228706699715765,-0.016009313072623814,-0.02582212334328679,-0.13704649504254834,4
75.80192307692307,5.201344059497192,-0.4742915122746665,-0.3934073931349231,-0.004822477324731646,0.01456141946540146,0.24869006404597116,4
75.81860116780909,4.953961588499012,-0.42330516543415087,-0.2746574096083152,0.035107090607330256,-0.03235464186075777,0.5796378047337271,4
75.83527925869511,4.66670580868281,-0.4565377416955658,-0.18923092942927267,-0.005269707105458875,-0.0019964517156973254,0.9624157098292219,4
75.85195734958111,4.745836150804495,-0.8617467203438127,-0.6681429527448393,0.04767738879860059,-0.0005976753768512839,1.2680834311604172,4
75.86863544046713,4.170290080196979,-0.5703176898603277,-0.3760823045633501,0.028951617916778253,-0.010568930907681783,1.6020601511714128,4
75.88531353135313,3.865886793833309,-0.813288062682945,-0.7728181305845949,0.06418258618797654,0.025206623861826444,1.8676907184309723,4
75.90199162223915,3.144051813410597,-0.49826538336287085,-0.5858924438622783,0.04783375592564901,0.01710628715509838,2.1798859033928504,4
75.91866971312517,2.4804388820571583,-0.5804654623471506,-0.7188484200899344,0.049436809841716875,0.03349985298781119,2.454547935252399,4
75.93534780401117,1.9226743568333404,-0.6175762046607085,-0.7546592208007377,0.08283996704254455,0.008945199480303019,2.728415964303271,4
75.95202589489719,1.281812510865728,-0.7578596417512689,-0.8349815023566278,0.08100305744927397,0.033526742722917606,2.9949342215806896,4
75.9687039857832,0.6533504403455812,-0.9349143580876288,-0.9228053125957498,0.060531315235507095,0.03858431703196971,3.25346887098328,4
75.98538207666921,-0.11623543523284419,-0.8914135447992404,-0.8234706616057991,0.06787653181986508,0.06324550843748229,3.4655351810982222,4
76.00206016755521,-0.6087536048961124,-0.984355212025539,-0.9786867591054523,0.07829971385768787,0.04880432960906828,3.6007345314612595,4
76.01873825844123,-1.130948539902144,-0.9549597831626542,-0.9470520854578064,0.08562018249742286,0.03916631338718913,3.7234453259246836,4
76.03541634932725,-1.8455848655439409,-0.8215681566828682,-0.8008899391956045,0.05130540985166598,0.035864215118035454,3.8427661732058622,4
76.05209444021325,-2.312069263260274,-0.8335285952989169,-0.8706843933875005,0.07849831796939154,0.04663495152421595,3.967458306965017,4
76.06877253109927,-2.5858541518033826,-1.2751742400967137,-1.3111767449409777,0.08575323702953597,0.0409524767236891,4.057220218610098,4
76.08545062198527,-3.2322157441791957,-1.1044173275579976,-1.0520810788228316,0.06941206979345926,0.05168799918245353,4.161871059164322,4
76.10212871287129,-3.442708108550545,-1.2992525470460823,-1.2499375311242786,0.08861363946618832,0.05775311574771623,4.2166645171213055,4
76.11880680375731,-4.347000655773522,-0.7802761477670148,-0.8134902947995275,0.08208524703703746,0.031067186727296175,4.2493680308380775,4
76.13548489464331,-4.787943096563426,-0.9660280407371737,-1.0050372684483406,0.10178592998041378,0.026358664104699652,4.2529832534147145,4
76.15216298552933,-5.220209466020127,-1.0432736009967127,-1.1365747267537527,0.09770826048842401,0.02331941890427619,4.252291515305224,4
76.16884107641533,-5.875243883971051,-0.698222263509021,-0.941099966127732,0.05866311328268187,0.0427561022705167,4.269639898545301,4
76.18551916730135,-6.274651312841637,-0.7826486131860337,-1.0415526160747988,0.09131195995059428,0.04310101075191545,4.24315903691286,4
76.20219725818735,-6.696967309463482,-0.6972858525047243,-1.1263246006588137,0.11005237053229444,0.048651268910035426,4.227923185922178,4
76.21887534907337,-7.0778106179918066,-0.6523313256224281,-1.1381994601409204,0.09790895585138114,0.02741993922351668,4.209264566957282,4
76.23555343995939,-7.682597047130495,-0.49885540387892635,-0.9081069776682851,0.11394799659502239,0.045923432743948896,4.215740000400644,4
76.25223153084539,-7.948624131691475,-0.807151677629224,-1.200989890347273,0.09138129803197031,0.04137722110785772,4.210999116200982,4
76.26890962173141,-8.292899652811855,-0.8277845664286936,-1.2433373874973241,0.11082485322305792,0.017974020191424273,4.216976860688081,4
76.28558771261741,-8.876865006866614,-0.844010925031647,-1.1026183436890775,0.14599297505603004,0.04365343008838875,4.232722833695193,4
76.30226580350343,-9.210404576693902,-0.8499347104171528,-1.1999107178708477,0.0835815669281102,0.05663707100468767,4.256107869729668,4
76.31894389438945,-9.452497935281507,-1.0195855244251903,-1.2896546578973298,0.14051757734122727,0.04650617904802868,4.230527693580605,4
76.33562198527545,-9.830369475467322,-0.922481536526091,-1.2479964965494617,0.10066971243720943,0.024615674543687113,4.239827678610693,4
76.35230007616147,-10.202070496251457,-0.7818940493423292,-1.106983928071382,0.10030287844110432,0.037332605529708664,4.2222046641097375,4
76.36897816704747,-10.267097883635866,-0.9708487487581636,-1.2848666671820004,0.11103178666237647,0.04032241700787091,4.241423154241356,4
76.38565625793349,-10.48686618265096,-0.9190474460194049,-1.2778919741570278,0.11818653982569703,0.05688326917474744,4.217872829611464,4
76.40233434881951,-10.628497092572282,-0.8106335745181159,-1.235228669064881,0.09691512209740846,0.04333617414953678,4.239280155082517,4
76.41901243970551,-10.718507682037965,-0.8714772792015535,-1.270453156927338,0.11030441244371274,0.03141471386872146,4.234463461062447,4
76.43569053059153,-10.847698323479097,-0.7850750915648024,-1.199191474745787,0.08803889275582455,0.03702883603483669,4.237564631220444,4
76.45236862147753,-11.049291164985071,-0.6516380616665645,-1.0563402927723264,0.08414761688569296,0.020803931611360595,4.21933474676284,4
76.46904671236355,-10.995950506140378,-0.8114780749168609,-1.1819736708384734,0.10126448884109734,0.046322390351361056,4.23304692750462,4
76.48572480324955,-11.204420360466631,-0.8930969462393796,-1.2874648387683374,0.11258134071394692,0.052812153319011595,4.209349302350876,4
76.50240289413557,-11.642697763369371,-0.6233266448720771,-1.0303289163992657,0.10302985604144145,0.0290071780878035,4.227304990212667,4
76.51908098502159,-11.744042406086585,-0.8837767156899439,-1.2519959118311998,0.15220274217849314,0.039103917212898145,4.202849232048821,4
76.53575907590759,-12.06349206507685,-0.7763393573971209,-1.1370473382299209,0.129968353190128,0.045778188670664965,4.206747115598093,4
76.55243716679361,-12.285287653424596,-0.85963810243293,-1.2403288157397605,0.11142305838440178,0.024511357473009664,4.214011779354567,4
76.56911525767961,-12.608845875359627,-0.6044764298220362,-0.9809186339990652,0.0934333156044743,0.04728108823306807,4.227284236430476,4
76.58579334856563,-12.600417801978107,-0.8573840374529063,-1.2186334150786924,0.06912292387101802,0.04371599054654403,4.235914603725356,4
76.60247143945165,-12.558395333446029,-0.9557546530988361,-1.3955271007719179,0.11367574617140384,0.03346927355156784,4.215216866236302,4
76.61914953033765,-12.710429451393225,-0.8300784988053835,-1.2150562310624333,0.08173645865948162,0.01759074658214158,4.238736626126528,4
76.63582762122367,-12.82441132972114,-0.8113476730506011,-1.1636228419481744,0.09588367074544873,0.02888044960738366,4.220265366275825,4
76.65250571210967,-12.92038487243288,-0.8158558864933676,-1.1128724727243053,0.10048205283768977,0.037044540618765096,4.198713644405122,4
76.66918380299569,-13.085606841075696,-1.1087381566799923,-1.371761527674915,0.10804029505421801,0.07295406158898253,4.191571683236518,4
76.6858618938817,-13.338747598847043,-1.0878602608336747,-1.3916924724383017,0.1311947101778775,0.043818470794983404,4.1472762304988295,4
76.70253998476771,-13.60498294188972,-1.092829774915118,-1.3469972179099967,0.1183545562144831,0.03824811908241609,4.125170404668214,4
76.71921807565373,-14.030130368689228,-0.8851085295996564,-1.2319667151105937,0.12546112567022324,0.05031662551804796,4.090917380118652,4
76.73589616653973,-14.322380578695748,-0.8229684082683653,-1.131973832009613,0.11582103082985631,0.033833852056173605,4.077575315449916,4
76.75257425742575,-14.60872786638425,-0.77605392504144,-1.2183160466663585,0.10933006243901246,0.020781807934164266,4.052449653879677,4
76.76925234831175,-14.784303499539797,-1.0705617751989713,-1.3503400219600685,0.10913439081967308,0.02745332616416984,3.986851533647799,4
76.78593043919777,-15.129655995355096,-0.934390497395158,-1.2008606338082677,0.09822239590530696,0.0547044535679696,3.933183215659648,4
76.80260853008379,-15.311034125259704,-0.9396887275544263,-1.1289353234738395,0.10264143875690582,0.030279999026542843,3.8205823343362586,4
76.81928662096979,-15.249607483174973,-0.976194761191429,-1.3055569084779086,0.1400099355815306,0.015920297346418793,3.713932740327807,4
76.83596471185581,-15.471637331178181,-0.918528834345794,-1.2028212469045148,0.09276568883527006,0.007413025244273364,3.6064449205416174,4
76.85264280274181,-15.582566978071165,-0.9636269819572552,-1.1951266270044165,0.10003399507160027,0.008736630977985724,3.494259538868383,4
76.86932089362783,-15.782387346058353,-0.8364161539070119,-1.1057259831853843,0.09345630990568372,-0.004878797628126876,3.3661460607374347,4
76.88599898451383,-15.881218760525883,-0.8775087237250139,-1.0992338568020044,0.09404262901274475,0.026943802747449043,3.222288475368364,4
76.90267707539985,-15.982525198680833,-0.6729848205832587,-1.0200501480770239,0.07291209453606161,0.022854360812528753,3.0922340303085067,4
76.91935516628587,-15.8214499361247,-0.8567054553078157,-1.145619576109068,0.11682334459976058,0.012810502558401594,2.9049946888128426,4
76.93603325717187,-16.045917603236994,-0.7084004629404639,-0.9097548321065538,0.08330116237779056,0.013799457167728957,2.708962092878023,4
76.95271134805789,-15.967521078956668,-0.7098888111071879,-1.0042079629386773,0.07793457293702555,0.00017585078379331383,2.5198435923967,4
76.96938943894389,-16.09216838936522,-0.6779691789358981,-0.9199751938245715,0.054784408500265475,-0.006569166940321464,2.3216075811804084,4
76.98606752982991,-16.183325561421444,-0.5123200765191669,-0.744836281490298,0.04842469354411615,-0.0010265932712637405,2.066925216346825,4
77.00274562071593,-15.857717142449122,-0.638075862542669,-0.9291087894118615,0.050257486708444384,-0.008529399761143256,1.8249442194459462,4
77.01942371160193,-15.781341555281623,-0.6186646416514767,-0.9337958757047167,0.052256600393158395,0.015340858891470492,1.5417331378373655,4
77.03610180248795,-15.853260601187436,-0.36480853453378437,-0.7426665384810542,0.01954028762946117,0.019669729043046973,1.2534299288136335,4
77.05277989337395,-15.659843276449953,-0.38184645007992657,-0.7161183044481936,0.020056566334024598,-0.004395909524529305,0.9444922612487557,4
77.06945798425997,-15.64756734349294,-0.278437989470687,-0.5610444973230759,0.017852186940707317,0.0013085595359569539,0.607197810468442,4
77.08613607514599,-15.437302626171114,-0.254129868768616,-0.5428270172139618,0.019491936630784783,-0.018381692949359252,0.2641665729713526,4
77.10281416603199,-15.286848229864821,-0.16413074859377463,-0.4229626852097077,0.028897295493909313,-0.022999967783350388,-0.10125879992765255,4
77.11949225691801,-15.135869790081772,-0.010209844028241655,-0.315992190832338,-0.001894638595799201,0.008008485509537071,-0.4752417968683399,4
77.13617034780401,-14.777955499837606,-0.04344630444083286,-0.34113094175637304,-0.0030721190660366405,-0.026650139697616874,-0.9000757671555832,4
77.15284843869003,-14.68360217362066,0.1922168136255218,-0.032058019205154054,-0.03271757638591501,-0.015023729900989503,-1.3003344492994784,4
77.16952652957603,-14.158569928595977,0.07379971547876885,-0.14816167153676219,-0.013979786213571143,-0.02757184909515503,-1.7608620815100686,4
77.18620462046205,-13.988671455938753,0.24453855658921597,-0.023302250719122952,-0.0635686345464262,-0.031903186965603854,-2.2171955335922853,4
77.20288271134807,-13.833764146704096,0.3824469627488414,0.14534836745967894,-0.07571798240856815,-0.03142450878266889,-2.6616427995107323,4
77.21956080223407,-13.548222096333255,0.31815582774193274,0.09427931194454686,-0.06591926736354892,-0.054459810650734304,-3.1729436585450137,4
77.23623889312009,-13.335715246918173,0.20261226415042888,-0.05261911642999362,-0.05545533109237977,-0.12246777231211753,-3.6922677910137267,4
77.25291698400609,-12.932269590257663,-0.12969349201311164,-0.40581265508831166,-0.016323260266553643,-0.1282183001993093,-4.216069817231188,4
77.26959507489211,-12.786805634582521,-0.07454364855880069,-0.4585997424681403,-0.040721676580689106,-0.14901406976226242,-4.691535057606218,4
77.28627316577813,-7.254667120232519,-10.468602645022756,-12.185999656412648,1.0350929118006724,-1.7938106558760745,-6.120078065278349,3
77.30295125666413,-7.197247525433401,-10.022666793590307,-11.827196898125298,1.0188877635113862,-1.7796948898005729,-6.575652672095561,3
77.31962934755015,-6.877605305840093,-10.414872251112863,-12.116077180355306,1.0472721823388067,-1.8454905716933716,-7.067236335709104,3
77.33630743843615,-7.182012998930773,-9.79424581252657,-11.351537348850183,0.9677566011654577,-1.8183356388631573,-7.394244777164768,3
77.35298552932217,-7.153112112087901,-9.687102679078013,-11.334971670611484,0.9643337847784637,-1.8226793198490203,-7.738853336712369,3
77.36966362020817,-7.183153816950502,-9.460954682500525,-11.013163250839654,0.9354304444840094,-1.856730867468645,-8.096566315978686,3
77.38634171109419,-6.980501219236875,-9.3859794037451,-11.02284276194253,0.9406527532564078,-1.809901464129446,-8.433708858664431,3
77.40301980198021,-7.045636272268051,-8.978491932588884,-10.650428768412954,0.9046829474839946,-1.8327682764800182,-8.739097478335939,3
77.41969789286621,-6.925148785948467,-8.917579275224782,-10.628714115602417,0.8887869249021455,-1.8022036236254695,-9.007118629685886,3
77.43637598375223,-6.955767959198137,-8.678276638339193,-10.389305785085321,0.8683141745286506,-1.7912153720529367,-9.238345458727363,3
77.45305407463823,-7.083272987761143,-8.327791389099417,-10.143838214082251,0.8776771572701636,-1.83785430746054,-9.497570457840443,3
77.46973216552425,-7.2544188372956855,-7.990608146762569,-9.690674454392418,0.8004815088983033,-1.8085135456701098,-9.65687304389093,3
77.48641025641027,-7.201370876252165,-8.024352017117813,-9.73869363084491,0.8333578933860994,-1.8345667488571702,-9.865151687602182,3
77.50308834729627,-7.166508178021671,-7.943877859757519,-9.600682019371774,0.8073191108427665,-1.801256392451481,-10.013663264650205,3
77.51976643818229,-7.097700380736709,-7.990846628385447,-9.71021881145763,0.8294736200049843,-1.8372639297467388,-10.177754879779204,3
77.53644452906829,-6.9822162053988315,-8.038396976432509,-9.759614121103791,0.8088885731130913,-1.8221037018715718,-10.276074944914804,3
77.55312261995431,-6.981439756503395,-7.8983728521334235,-9.636665191220242,0.8383557016156374,-1.8109272270012375,-10.39859867585765,3
77.56980071084031,-7.104202503568905,-7.78612808733094,-9.48855003550534,0.8140289014363336,-1.8510342252176148,-10.443588797946417,3
77.58647880172633,-6.899672675009821,-7.859132868287659,-9.613612924204435,0.8202570897185621,-1.8259058980504264,-10.504879606503547,3
77.60315689261235,-6.9707700434376445,-7.815375298108,-9.523993048850405,0.8584789314935639,-1.8680437322189396,-10.56697702107698,3
77.61983498349835,-7.003264147242504,-7.623606976921243,-9.31574171073683,0.8271303612612623,-1.8280314687360115,-10.536351590245577,3
77.63651307438437,-6.8675410949044675,-7.701510698491726,-9.444655274052929,0.8437883790681953,-1.8383146654005773,-10.555767190717278,3
77.65319116527037,-6.953886564204162,-7.6233895847541335,-9.34208368115246,0.8215724226774014,-1.8681067373797793,-10.523291799669671,3
77.66986925615639,-6.788809628534534,-7.9200543132022805,-9.513547349450587,0.8096076509790846,-1.8047471917551405,-10.471615070832293,3
77.6865473470424,-6.670527250715049,-7.864426087792994,-9.593155778889768,0.8035597036443077,-1.8568734866313688,-10.406643274899222,3
77.70322543792841,-6.672920017754994,-7.896649614198662,-9.60565249618227,0.8147024137254362,-1.862041024168483,-10.37519866108944,3
77.71990352881443,-6.496520203088178,-8.025933665097075,-9.688852010828171,0.8225348897191337,-1.8449677432249807,-10.29411404466962,3
77.73658161970043,-6.281323831455909,-8.205724836041508,-9.711071985599787,0.8680599722051705,-1.8266554912446693,-10.23043239273156,3
77.75325971058645,-6.264715978556499,-7.927689814458441,-9.669055359938085,0.8326441122343806,-1.848041901468695,-10.080131154084762,3
77.76993780147247,-6.279298273378164,-7.815190648845854,-9.521486197886686,0.8437478675314196,-1.8642534728816131,-9.959865665174116,3
77.78661589235847,-5.9055673402790845,-8.251957817469485,-9.988239060599124,0.8487691317825383,-1.8533781025545408,-9.836311506596223,3
77.80329398324449,-5.717930102394504,-8.407320555161363,-10.14184618871759,0.8551273659815855,-1.8435961425072833,-9.69810068096678,3
77.81997207413049,-5.479905718797817,-8.675000486688027,-10.410022910533357,0.8791994993723308,-1.8569790832907673,-9.535811394255216,3
77.83665016501651,-5.244268479193221,-8.90894226439838,-10.563914066686454,0.9171128888165372,-1.827115777066004,-9.319512744992851,3
77.85332825590251,-5.337954112238821,-8.820097300832934,-10.651909638068902,0.8839256620931347,-1.8720056807110663,-9.113995503543263,3
77.87000634678853,-5.394989195626836,-8.697467321840293,-10.415379423996182,0.8677908399951486,-1.8377990260874635,-8.883633312060178,3
77.88668443767455,-4.947772438396366,-9.268893881060901,-10.93458295720764,0.9291921242613567,-1.8669991764633556,-8.651988698312381,3
77.90336252856055,-4.991533797425111,-9.313345306544162,-11.068037675013006,0.9344169960156969,-1.8554320510743887,-8.431217135228973,3
77.92004061944657,-4.954940971961353,-9.368409375113098,-11.022007598150294,0.9425622832446119,-1.8354737096253608,-8.148156925106194,3
77.93671871033257,-4.644666709351977,-9.768186397438598,-11.478621338411774,0.9921781969533665,-1.8676524038956424,-7.882471402138965,3
77.95339680121859,-4.462994376863632,-9.893490679608394,-11.603671302042901,0.987637688136096,-1.8436915360282125,-7.582673729202597,3
77.9700748921046,-4.417097973905118,-9.922927350158895,-11.666391677245649,0.9607259908411482,-1.8340547137172027,-7.250390004408465,3
77.98675298299061,-4.267220218639043,-10.36372697768791,-11.87070019529779,1.0259660191716895,-1.8140241354410007,-6.961793880668377,3
78.00343107387663,-4.198966892315291,-10.308683945234705,-11.93162465785625,1.0271550176604898,-1.8239219089998573,-6.607310058418383,3
78.02010916476263,-4.000077240143449,-10.468580137393538,-12.227030014777492,1.050211811040969,-1.840412322042731,-6.2835862058404395,3
78.03678725564865,-9.17625955420793,-0.20242880064754587,-0.4764229243205822,-0.017765146095000586,-0.1569408956943155,-4.979208298772208,4
78.05346534653465,-9.108343515718149,-0.0029160008270743276,-0.33948748017945585,-0.03831414299220475,-0.12083894367081562,-4.6002013073427666,4
78.07014343742067,-9.048621613641032,0.18792717548692117,-0.22758876572303688,-0.05664155546004375,-0.12262921589278532,-4.230277720193876,4
78.08682152830669,-8.71521068234391,-0.15123395833381048,-0.48798455607090085,-0.04188598420521511,-0.026612262209882383,-3.8942932950430484,4
78.10349961919269,-8.74658166042269,0.1469872429985739,-0.11564678648234006,-0.07638563582020139,-0.014494502138694298,-3.4953261266969653,4
78.1201777100787,-8.853800607715034,0.7758287474748693,0.38019550258843404,-0.10370024873308781,-0.015166553927629832,-3.131501178399704,4
78.13685580096471,-8.68640205462958,0.5670138562223834,0.31097327096210003,-0.0709654895763488,-0.04266561971334073,-2.8230272775696545,4
78.15353389185073,-8.384138925873245,0.3797600033657069,0.12922891958802651,-0.0890590780080589,-0.04320267125770189,-2.4683994757494556,4
78.17021198273675,-8.195969307051241,0.33238887971830033,0.12127335006523188,-0.08107632644756825,-0.0348634573378688,-2.158292168475262,4
78.18689007362275,-7.789257275054879,-0.03858914021709969,-0.24687478374852212,-0.05529457076169871,-0.005658191081672609,-1.8385748779390167,4
78.20356816450877,-7.464844794295976,-0.0974145908893469,-0.23782944853531385,-0.04465490087820366,-0.004311655377668929,-1.5613669236406011,4
78.22024625539477,-7.444104952047726,0.09447651044946292,-0.10596445982926195,-0.04289159971965,-0.034616457046966746,-1.2675844919229882,4
78.23692434628079,-7.1285471420111435,-0.022095508686061027,-0.19974012595865576,-0.0317892200398674,-0.006386258804199438,-0.9697587722651754,4
78.25360243716679,-7.108424843775821,0.23179552162265638,0.06604642993309184,-0.05513022903030033,-0.038639720030576516,-0.6816156856964828,4
78.27028052805281,-6.792752525571462,-0.11447692549623212,-0.2635440836908902,-0.026505767497625742,-0.02060402390538268,-0.428649863337115,4
78.28695861893883,-6.550463263474111,-0.09121282116295015,-0.3568679428199839,-0.046897374261124315,-0.0025060038640896763,-0.13213446905024626,4
78.30363670982483,-6.4196512882045145,0.003760041625597843,-0.3184442717461968,-0.011136944880272366,-0.020680337519761692,0.09366020296430314,4
78.32031480071085,-6.193019574351915,-0.17943123076008005,-0.5249655247280964,0.0057824172222034915,-0.006237433234260386,0.358447330837547,4
78.33699289159685,-6.3616719343725965,-0.0943733796376971,-0.35394591652017193,0.004865699890796232,0.0030950411194637525,0.602830630345728,4
78.35367098248287,-6.101679767944457,-0.350840213542297,-0.5781648176629774,0.014625999259356343,0.017447077618467765,0.8590001994030433,4
78.37034907336889,-6.0778169635522685,-0.3035807913687514,-0.5361963140148931,0.019881678187731462,-0.022475160944810835,1.0758197533688396,4
78.38702716425489,-5.909749199892834,-0.3812608112897644,-0.578113084623052,0.006877456524563559,-0.030292103435786907,1.3206796666215181,4
78.4037052551409,-5.8876195090867,-0.5614198687256129,-0.6227503162287911,0.03615225612210251,0.0036993776671086103,1.5182588680632265,4
78.42038334602691,-5.748730228972887,-0.5553121642116727,-0.6194818573595486,0.026142930197335414,0.019842814939139804,1.7462277086683191,4
78.43706143691293,-5.602008374798863,-0.6449027753936971,-0.6508032150647975,0.0749335976518731,-0.01705620408876351,1.8816420490349246,4
78.45373952779894,-5.457019736796362,-0.6551324090696755,-0.7846566929150343,0.057769869601236895,0.011574453461525075,2.085815569219958,4
78.47041761868495,-5.2621552857633995,-0.7997401447939706,-0.9792242338695913,0.05781404175087508,0.01344090566387764,2.2519356094495953,4
78.48709570957097,-5.112856977326116,-0.773460818748345,-0.8941621243159162,0.08275240907676015,-0.032592503000833974,2.374019855177555,4
78.50377380045697,-5.017122350309345,-0.7170462595618132,-0.8861874414997288,0.07214503126690336,-0.018460810972669602,2.5263650287385713,4
78.52045189134299,-4.922764993325798,-0.5445106079342195,-0.7099646078451334,0.05646554760723117,0.0031095597575307803,2.6643324051030395,4
78.53712998222899,-4.582276779359538,-0.6587322659102008,-0.8175626586289649,0.06300028154173702,0.02211860812477173,2.7847230453552694,4
78.55380807311501,-4.303208829274398,-0.7529156708085463,-0.9001078703415198,0.07835152594496783,0.030410207699724478,2.8850179184451625,4
78.57048616400103,-4.187926067019166,-0.7592251748705366,-0.79460532838404,0.08696691081506012,0.012109079482436473,2.94824913201196,4
78.58716425488703,-3.9482578363438976,-0.6934850441484248,-0.7642605084695157,0.05464088255334553,0.013011610178191942,3.0644457137207604,4
78.60384234577305,-3.4652447679531275,-0.932535595794193,-0.9437850283407594,0.10976332784286558,0.02271467810691537,3.1392587920954496,4
78.62052043665905,-3.2354739502239482,-0.7099576271195343,-0.8395604660599726,0.06959462460640886,0.020325196603226993,3.2192011642161433,4
78.63719852754507,-2.782399931528464,-0.8857371298906008,-0.8969207871585752,0.07828983467340252,0.018321854691316166,3.27286148641893,4
78.65387661843108,-2.3978945626809587,-0.8642075613522242,-0.9434798107117696,0.08670408319038041,0.009392614280535805,3.334165007896031,4
78.67055470931709,-2.0698338166895907,-0.7801536324744758,-0.9023626848916223,0.0640077067063884,-0.003524347524672495,3.3875268245149814,4
78.6872328002031,-1.473931460586749,-0.8403178726997956,-0.9680772740375717,0.05079766323714775,0.0049126030758299775,3.3995208553593472,4
78.70391089108911,-0.9866018706594986,-0.8513228626988365,-0.9404601837186448,0.08861042563036865,0.01669290095571857,3.4604276363789004,4
78.72058898197513,-0.2880846653333172,-1.0012920926948978,-1.0929717577622764,0.06440849947411606,0.020561975301189903,3.496225264072811,4
78.73726707286113,-0.05390371158078994,-0.7413931205236859,-0.7647584128242285,0.07610190764468107,0.01780249377260923,3.5058366481732968,4
78.75394516374715,0.656327666321122,-0.8881999955190055,-0.9200253044198653,0.0703892961710811,-0.006581287806648904,3.5187087962727204,4
78.77062325463316,1.0048889859883259,-0.83085651428568,-0.7525239553469789,0.08571561084546354,0.01880789270599756,3.549746346555915,4
78.78730134551917,1.6617795436928502,-0.8513372441623093,-0.7994863865198625,0.08209347985607028,-0.013644030436067222,3.5706232814337517,4
78.80397943640519,2.0929110216513123,-0.8999643389729787,-0.7196333764356859,0.06684229890514018,0.016620657912101613,3.605730226294574,4
78.82065752729119,2.5982958683575816,-0.91125025552077,-0.9039735236846469,0.04885086395240336,0.017815712034995046,3.610401045149307,4
78.8373356181772,2.9724847454620695,-0.8105952887959026,-0.6754416196255737,0.06207234605140988,0.012041632798889219,3.6139325407454734,4
78.85401370906322,3.372729597359628,-0.8046180002358473,-0.7130282634707713,0.0768760357021657,0.00545782319221117,3.617199445419347,4
78.87069179994923,3.9007008989212615,-1.0949480059840138,-0.8775695419527332,0.09764539983171605,0.006447437467599807,3.6145368652561722,4
78.88736989083525,4.249040485280023,-1.0085384335178338,-0.9402726079469022,0.09197858426747936,0.01700396578999724,3.627505242462491,4
78.90404798172125,4.504268524573895,-0.8833163551145862,-0.7317541004657204,0.08738779800524636,-0.00150545142491206,3.626388458067078,4
78.92072607260727,4.979335648532472,-1.120841645033651,-0.9598324495465504,0.08127372403858253,0.0019406337627993473,3.616921592206993,4
78.93740416349327,5.249707076589699,-0.9419545838568923,-0.7521106073031723,0.0814607894256101,0.019023302508090117,3.6425979704887235,4
78.95408225437929,5.621174115526374,-0.9945849769298776,-0.9362225066538226,0.06840544397257324,0.014256784119066132,3.607507751078899,4
78.9707603452653,5.720699436112817,-0.8123688862732961,-0.6582940641484125,0.06416902552798871,0.002534656381729719,3.6111400932898667,4
78.98743843615131,5.9868794752537,-0.8887426865691372,-0.7266015432361561,0.05621613946958823,-0.0003883807505820302,3.617868473563742,4
79.00411652703733,6.2682852073817426,-0.8222521481779763,-0.6660091090015785,0.05626211375826282,-0.026181176335106915,3.6107533364228432,4
79.02079461792333,6.399659272770009,-0.8382066569641997,-0.6211932960527415,0.06574402517020514,0.00751955304865466,3.5960685231575584,4
79.03747270880935,6.580322867729141,-0.8433022913249573,-0.6724634674210785,0.07221838197412066,0.0055202088062073565,3.5940839622297465,4
79.05415079969536,6.884613201352576,-1.009762799501893,-0.8608134668638281,0.09890507472069807,-0.010253176966152073,3.5791711880989685,4
79.07082889058137,6.831050056008047,-0.8059373137610213,-0.6577255248057794,0.1002825530260376,0.005522151598875351,3.5867355029456793,4
79.08750698146739,7.007120480346483,-0.928794491378651,-0.7806480056083931,0.07755420353321467,0.004863288790296073,3.5655604889931656,4
79.10418507235339,7.075912751616293,-0.9457215915485904,-0.7528903960068414,0.08187051994714985,-0.0005709799762815303,3.5697755776818343,4
79.1208631632394,7.226957299741029,-0.9664586060583973,-0.7501609401151628,0.07349008203133392,-0.019524597087103687,3.5411564941870117,4
79.13754125412542,7.127680405235605,-0.764786024060865,-0.5512318290985054,0.0665125950351896,-0.018094783766586672,3.5316121567451346,4
79.15421934501143,7.310803026358106,-0.9326633093649153,-0.6541576587682232,0.043702403003754615,0.0065806993454367736,3.537553554875245,4
79.17089743589744,7.29419819695512,-0.76244513477516,-0.5186574839360443,0.04209588858679714,-0.007286530618545686,3.5112405407882314,4
79.18757552678345,7.612064139959106,-1.0477217435771076,-0.8340559856641803,0.07944659123827347,0.01954006714844992,3.4798924494409196,4
79.20425361766947,7.70706322552511,-0.9842390704928676,-0.7975360163389382,0.07991616849608225,0.016875874288909517,3.478533747301241,4
79.22093170855547,7.515216592434085,-0.5937370292331461,-0.4640848033665228,0.03549199072517314,0.011817529148001648,3.454547381709158,4
79.23760979944149,7.8183357475886766,-1.008968961019449,-0.8003817161956692,0.04446328229227438,0.03860836991116957,3.4542917571398433,4
79.2542878903275,7.772221105543885,-0.849737317828263,-0.679988342621646,0.05387227928271406,-0.0007364692183977105,3.40280767593157,4
79.27096598121351,7.802221268675721,-0.7729091989280499,-0.6264709364419243,0.04796332912106853,0.0037368017066698395,3.374065492750243,4
79.28764407209952,7.822024199836774,-0.7675254421918329,-0.6332790234446408,0.05974962589430148,0.007414194225019992,3.3464148363568635,4
79.30432216298553,7.881050950883459,-0.6536869142725994,-0.64346566058776,0.0730765922789035,-0.002008327565956737,3.2987439969985086,4
79.32100025387155,7.898400641734414,-0.717994692714254,-0.6175243179368883,0.06931298696689163,0.034771407955455656,3.276195512512202,4
79.33767834475756,7.852546060098687,-0.7056513203862891,-0.48669773951811646,0.07796591665696984,-0.00021281779887317515,3.212273794289615,4
79.35435643564357,7.793251859421128,-0.4940574949616696,-0.32916263856987404,0.05893168398718408,8.47513287574065e-05,3.204141467056006,4
79.37103452652958,8.025231747471828,-0.722630360001761,-0.5189156674411501,0.04305693195034665,0.03280288569149413,3.1497580316511757,4
79.38771261741559,7.949282554811717,-0.674604766350269,-0.42406913434255644,0.061262199033615884,-0.000788188063074826,3.0889490606673333,4
79.4043907083016,8.189725675242718,-0.6920107690667789,-0.5638844106985177,0.05855822067066245,0.0036873204683971323,3.0521281202274273,4
79.42106879918761,8.077874785832847,-0.6546910728012878,-0.4832056028518368,0.04644865908837332,0.005013550473787905,2.9881717577299347,4
79.43774689007363,8.275572992105788,-0.823580212484869,-0.6923522288289812,0.04829107166897214,-0.0024101673225397258,2.9226936132005457,4
79.45442498095964,7.999828319989435,-0.464872006116277,-0.35415073411128306,0.03174947685520045,-0.029322947511552514,2.8618103850901786,4
79.47110307184565,8.028776271897703,-0.5156309624361861,-0.4215571864995704,0.05496927968372321,0.017480237699093674,2.8037599315321797,4
79.48778116273166,7.883852210339282,-0.506965457438922,-0.31637493286987706,0.04806840250929684,-0.015478086839172697,2.7414954571540546,4
79.50445925361767,7.908871786162759,-0.5250900066484565,-0.4660989167965006,0.02170087176534395,0.00746711419919876,2.7036161280613773,4
79.52113734450369,7.8868652746861185,-0.6522675845692958,-0.5776410666788419,0.036923127575789846,0.03371171009514766,2.668498803068106,4
79.5378154353897,7.49719084510528,-0.48638631038639746,-0.3185877668352508,0.033028381848399624,0.01064131281540545,2.6168498132781846,4
79.5544935262757,7.390281438021918,-0.5886415498947926,-0.37186112503158375,0.04449129388529765,0.0015065301909014347,2.5531334091038542,4
79.57117161716172,7.344393798804942,-0.8015042412837137,-0.5749175745041919,0.0333602744304438,-0.0002475893961714433,2.4949338096212337,4
79.58784970804773,6.908153604009698,-0.3677104147788879,-0.15566881043690506,-0.007793678324605998,0.018118320064271713,2.4683065036366836,4
79.60452779893374,7.030650837927784,-0.8505063841078973,-0.5828478150847376,0.04203038256052148,0.008210366429206965,2.3919723733872216,4
79.62120588981975,6.791843358018059,-0.6899537890397742,-0.4083065395442005,0.030506635665061742,0.0016735265516132775,2.3215471559305416,4
79.63788398070577,6.812237049945945,-0.7315021394196146,-0.5380568043715019,0.06493670136538202,-0.008980348608429367,2.2291728028203934,4
79.65456207159178,6.527861360347111,-0.42206644701819807,-0.2762316467817407,0.03369928510856161,0.024007093610019223,2.174022043292507,4
79.67124016247779,6.5208598848998065,-0.6134515286147912,-0.5116414411471306,0.03612458609575863,0.004079744147980682,2.074710596159122,4
79.6879182533638,6.1466701433335995,-0.33575192797494435,-0.1683548974158624,0.0173058457226574,0.019572511434438538,1.9890775984682607,4
79.70459634424981,6.007713724108174,-0.23048365735217513,-0.030225498677767026,0.012183985556213922,0.007336659551534197,1.905562224277252,4
79.72127443513583,5.889008620517328,-0.28917295095395557,-0.054138182397258205,-0.0032804445419753556,-0.005461813502012579,1.8128459498324454,4
79.73795252602184,5.821622102364309,-0.3020866322081672,-0.09638981210867636,0.030289432909530296,0.01006399930837661,1.7409898185579262,4
79.75463061690785,5.8500422385879425,-0.5381295759674756,-0.3032646723966208,0.02542623761868288,0.006281552815511647,1.6487687222159546,4
79.77130870779386,5.783402063391261,-0.5456792836019282,-0.3728090160251092,0.018974913760447406,-0.009514979505444027,1.5458060519576293,4
79.78798679867987,5.461965342975753,-0.33326768155245223,-0.22106009777666746,-0.009578755829364878,0.012795142361678934,1.470949832448212,4
79.80466488956588,5.254416188461379,-0.3051394273297061,-0.18799125425672458,0.02605300716936741,-0.025588002813349407,1.3701287128600765,4
79.8213429804519,5.36788188570455,-0.4259208246621826,-0.30099593845637185,-0.007422792489217836,0.0035674856563672384,1.2812205416023261,4
79.8380210713379,5.295253914385169,-0.3333484681954093,-0.22917445196577235,0.010320012106049927,-0.008655456332223262,1.1467431801362624,4
79.85469916222392,5.221269067333718,-0.3570467614600201,-0.10604296612806308,0.013897598833972182,-0.02238652773769092,1.0367942228395528,4
79.87137725310993,5.4066089174178344,-0.5210008649152285,-0.3305995382764255,0.01688163318419054,-0.007843643035751774,0.9282961180111826,4
79.88805534399594,5.268973411693516,-0.3701838033218592,-0.09555816968559938,-0.002243633628926622,-0.0005962370595415659,0.7995002917667623,4
79.90473343488195,5.335577534683207,-0.30504342024898,-0.09058413961729284,-0.010026098474461106,0.008156787254621328,0.6985178576897382,4
79.92141152576797,5.228056738810126,-0.08388228091244065,0.027375102338710322,0.004188268382727197,-0.01346914552862173,0.5533649903792848,4
79.93808961665398,5.331557122503774,-0.004189657501623589,0.015425361164882467,-0.01441704438179417,-0.013933959400529947,0.4110132832121192,4
79.95476770753999,5.467070468635786,-0.05931057294324993,0.07995924279587396,-0.007568848740835544,-0.046225052965219435,0.2555088335637845,4
79.971445798426,5.666724331512829,-0.15157683695580504,0.038403050688751605,-0.03287024034342118,-0.04068399788073596,0.10983731525652077,4
79.988123889312,5.870377442646669,-0.12773249437919199,-0.08435031770498735,-0.03352644513777593,-0.03687864515170349,-0.028555486184066822,4
80.00480198019802,5.909391115881222,-0.0050171098284108595,0.16686972921950383,-0.037293124483644205,-0.011650379633008561,-0.1858626051143304,4
80.02148007108404,6.172055263324703,-0.06970021310904362,0.05772333495815185,-0.037622596374345604,-0.03946150636807844,-0.3570310836547863,4
80.03815816197005,6.396180612304134,-0.11696514816581449,0.1283126002558419,-0.03565837099523113,-0.05403154510057142,-0.5132720168005186,4
80.05483625285606,6.587208300932082,0.0845658087183292,0.26926589958932445,-0.04875432727123214,-0.023937822308731555,-0.6417415560332106,4
80.07151434374207,6.915619117246645,0.17432409492678147,0.24393329936303343,-0.04097054973845468,-0.03631301109984969,-0.8624045657770609,4
80.08819243462808,7.313251356624152,0.041661969589702696,0.12057866668321449,-0.04959250701018001,-0.055868281042459486,-1.0137351514327406,4
80.10487052551409,7.4509339082436306,0.19310987438526617,0.20690689014239272,-0.07601416489566279,-0.04539319406882564,-1.1974586525527184,4
80.1215486164001,7.868889445618668,0.11376626854816507,0.18417874877225682,-0.04852911474356941,-0.018085201627539186,-1.3681006198975547,4
80.13822670728612,7.853640158123707,0.4101869389802648,0.5150033992066065,-0.07818089724363389,-0.0014023675982987932,-1.5133117188558987,4
80.15490479817213,8.258007994616388,0.4244037779515941,0.42692785328990235,-0.07710086654836125,-0.047625886220389387,-1.702294556095799,4
80.17158288905814,8.556219840393286,0.42782426099710547,0.46584094517610675,-0.08041571967942407,-0.039261935870921624,-1.8471107753151048,4
80.18826097994415,9.014089725554388,0.30005463866153814,0.3624938727386082,-0.0756721764447036,-0.02890341644327934,-2.0249198377801063,4
80.20493907083016,9.219767595002061,0.46978421885482424,0.5711704816040388,-0.09460846770848987,-0.034709243049342836,-2.1546196858256534,4
80.22161716171618,9.685821112260387,0.25336324518683107,0.38727632951747015,-0.09225575109177232,-0.03349855418281871,-2.3024070557574414,4
80.23829525260219,10.021695382280674,0.36100091914984755,0.5175427524933136,-0.08914922892990722,-0.029149288463305775,-2.40984682231035,4
80.2549733434882,10.46280281796619,0.2829762256916153,0.4786915537278298,-0.10513995285143114,-0.016168715875719837,-2.558191377772741,4
80.2716514343742,10.964936127883105,0.315997667375977,0.4484383500352096,-0.10872455166622148,-0.024468351840393275,-2.7229309392048173,4
80.28832952526022,11.37319490380616,0.5528234922171609,0.6629902456796812,-0.12387747791327529,-0.06239479042173743,-2.8785254053349707,4
80.30500761614623,11.89033254904707,0.5357525964926007,0.7428188353548806,-0.137786523909985,-0.04427641698439889,-3.052728842600896,4
80.32168570703224,12.39487399506332,0.7112316855707008,0.7988461723523885,-0.12698426000955154,-0.045815939188365476,-3.2068441783110293,4
80.33836379791826,12.973615900842107,0.560397222672409,0.7398084231247095,-0.15500196931334398,-0.03376454531060439,-3.34243288204526,4
80.35504188880427,13.684720280952305,0.48478418268768797,0.7109557148186822,-0.10242870339092465,-0.034133884169826975,-3.5072274383624804,4
80.37171997969028,14.078095734624181,0.7970436575537692,1.002210030418329,-0.14391854427705075,-0.07972185343856218,-3.659503153711863,4
80.38839807057629,15.021731571805997,0.4644589399166188,0.7651933864806777,-0.14446501768432318,-0.04937356962120017,-3.7811974148275365,4
80.4050761614623,15.950175385885695,0.3299251548193629,0.6096967515789009,-0.13086635571008226,-0.03682214926392182,-3.982260745695907,4
80.42175425234832,16.712123953207282,0.451971268251409,0.7649938713098479,-0.1341154038097901,-0.05499081475937278,-4.1213529596094185,4
80.43843234323433,17.314512714901753,0.773952148006968,1.1475189025692778,-0.18908140132228454,-0.06836590518976912,-4.270907033943164,4
80.45511043412034,18.533993925612325,0.49944261481037433,0.8779555053888854,-0.14069924026928998,-0.0668195943935486,-4.424569760792432,4
80.47178852500635,19.045159067409415,0.9935184746249188,1.3412496866826205,-0.1409754606650951,-0.08533448791107506,-4.621413001567244,4
80.48846661589236,20.195199445301405,0.8154153218684863,1.2369277292515015,-0.1551818656939393,-0.08261878926895998,-4.756448911666533,4
80.50514470677838,21.484193824901777,0.7702555797291026,1.0906522812893282,-0.1461909350046394,-0.07085543806927254,-4.92832725988377,4
80.52182279766438,22.487718143682287,1.0757380160449932,1.4023646117030104,-0.17398849705939878,-0.07380862561275094,-5.040201437118292,4
80.5385008885504,23.959215977143597,0.7357656095388077,1.0630211616120073,-0.14099757625818535,-0.023618378404476857,-5.203951346788868,4
80.5551789794364,24.95059814033373,0.9501043255627772,1.2987927699609392,-0.17030005143643978,-0.054613135643550526,-5.348716169374547,4
80.57185707032242,26.22662722787876,0.8094776975860221,1.154200020703474,-0.17977966914900756,-0.04760094179456768,-5.466973838171159,4
80.58853516120843,27.209232105586146,1.0633317211038564,1.4985095140260665,-0.18057385776753618,-0.06037448996584079,-5.58997084134523,4
80.60521325209444,28.596042341821768,0.8674449797300756,1.4343859360583595,-0.19779875579674158,-0.0688273767201663,-5.672037998960892,4
80.62189134298046,29.65844963032451,0.9440287545550898,1.5102696984038353,-0.20063789284033,-0.06755100084582265,-5.744013925012666,4
80.63856943386646,30.809855714009444,0.8308203602086621,1.522320565145261,-0.2323920740619897,-0.07005245700608399,-5.7705196844895905,4
80.65524752475248,31.810828381191108,0.9157338204866257,1.6390820576443197,-0.23299101576461498,-0.0413991933802074,-5.798419969934634,4
80.67192561563849,32.93625713277809,1.110099753200851,1.724929770972821,-0.23453448802205706,-0.07063248640816637,-5.794740313261516,4
80.6886037065245,34.299663825095635,0.8761597487374466,1.4673417044495345,-0.2038357065605648,-0.08343263802608034,-5.816190689610602,4
80.70528179741052,35.4073006098752,0.934323922687442,1.5608512822526404,-0.20367704749758223,-0.06950366036804133,-5.8122127426601935,4
80.72195988829652,36.744261872620186,0.9217158311758347,1.545002630541477,-0.1787840667766146,-0.05837652792093455,-5.777709899168738,4
80.73863797918254,37.883160105256906,0.9781564285124755,1.666668804506525,-0.21666906166054406,-0.07451357064556223,-5.7225743293068625,4
80.75531607006855,39.077640903549394,0.960034322454483,1.6978869937066303,-0.19738437508809456,-0.08959776358193958,-5.744027902891139,4
80.77199416095456,40.43320093800409,0.9965887654116461,1.775702538845934,-0.19736350982626732,-0.11152940962470084,-5.711576074364893,4
80.78867225184057,41.94473805918477,0.6119086056878995,1.5006276176683304,-0.19908445124539023,-0.07696903294200359,-5.675170822644025,4
80.80535034272658,43.19204367084812,0.7548784586785668,1.7249222299301614,-0.2169496642445241,-0.06968402984476157,-5.61150561288859,4
80.8220284336126,44.660564624538864,0.5642017900953391,1.562672630575209,-0.1977018401240719,-0.0879934297778822,-5.583845475734091,4
80.8387065244986,46.042310438427634,0.6556909077616702,1.5172711383960102,-0.19991286110135265,-0.0773565012293779,-5.523874905954969,4
80.85538461538462,47.06021083797671,0.7648805776237868,1.6933364607079522,-0.206978539586845,-0.06109663829420933,-5.390390061608348,4
80.87206270627063,48.47550432462945,0.48914449442030694,1.4961504926060787,-0.1825571452845034,-0.053646359891924296,-5.244214873186586,4
80.88874079715664,49.49405080437145,0.5252900659028796,1.5552719204857333,-0.18059836524047834,-0.057109338633239234,-5.103617680814768,4
80.90541888804266,50.745785548457874,0.4675481216702906,1.5165811074930797,-0.2022467866874903,-0.02956107411932867,-4.942216391264574,4
80.92209697892866,51.86167642792968,0.5578976498581358,1.5121629246188206,-0.18646437676464248,-0.05572199980939755,-4.772683519379134,4
80.93877506981468,52.92590621944913,0.6087029332336531,1.6344268102300568,-0.1928152906661837,-0.07665156883785128,-4.605061751956381,4
80.95545316070069,53.91976063051674,0.7949283124070483,1.8492932876498536,-0.18035590470300086,-0.08687002041626943,-4.459579232624563,4
80.9721312515867,55.36035419740417,0.3051668830445404,1.4700531982975384,-0.1400111492066008,-0.0668592079301015,-4.308093482336662,4
80.9888093424727,56.342043768923105,0.5252342347894228,1.7805589934963457,-0.17603016694727355,-0.08704298996793211,-4.1120087795734355,4
81.00548743335872,57.617564405819465,0.3448633622088515,1.6691391957194632,-0.14558593627888108,-0.04073362820981046,-3.9084577809435075,4
81.02216552424474,58.804620257482306,0.4393254112385847,1.6247560570737,-0.1920459318010917,-0.07844993606009676,-3.703138313373706,4
81.03884361513074,60.10642797723213,0.2981098452553681,1.5249841899511836,-0.1642046585637075,-0.0429634471101163,-3.506883055215314,4
81.05552170601676,61.158811253224805,0.4168861627258451,1.6932824648629357,-0.1877082909552603,-0.04794000563829665,-3.3063846563074337,4
81.07219979690277,62.446092699999376,0.21752522759802417,1.4932034301306558,-0.15515823558056155,-0.03367317328209179,-3.093009095034215,4
81.08887788778878,63.60231648369658,0.20234914131928505,1.5103425567551305,-0.16935715877483218,-0.02992055401537547,-2.851363728628905,4
81.1055559786748,64.68095565628342,-0.04484668929154978,1.3661368107935452,-0.12643108219630883,-0.049279322820256675,-2.6478882772423713,4
81.1222340695608,65.47563256136277,0.27617754117694204,1.6652895566904675,-0.13844907333525303,-0.07100224613341684,-2.3995439646428336,4
81.13891216044682,66.5775550291999,-0.033228204331607,1.3688054077672405,-0.15194051313387258,-0.08159953459446072,-2.1550549352568806,4
81.15559025133282,67.4666720229199,0.05081922745095113,1.439988433432081,-0.11041659718579326,-0.07043318965785596,-1.916460524511287,4
81.17226834221884,68.38485350970919,0.08944666292219239,1.414940862606926,-0.13115021923817177,-0.03880764142316447,-1.6399441719769097,4
81.18894643310486,69.36289377998698,-0.08228091882195798,1.2896837632765212,-0.12138062502732724,-0.06019421315975803,-1.3888817578824428,4
81.20562452399086,70.11814940002,-0.05964388401645948,1.3433238115715795,-0.10849296730950761,-0.04061253805447309,-1.1139931424573166,4
81.22230261487688,71.11245780435368,-0.26455182216493256,1.1148114416984392,-0.12709274487310637,-0.02380466838043055,-0.865388586003154,4
81.23898070576288,71.66043944687678,-0.21658258632801264,1.3400555061438268,-0.10274338698742953,-0.017744375407275106,-0.5878852959422715,4
81.2556587966489,72.62796893422018,-0.41848992117227013,1.1339384943421535,-0.08244200424413944,-0.05026154476490786,-0.32799704896709064,4
81.2723368875349,73.41872836869013,-0.5134429037769763,1.0756757308641696,-0.08357148637361295,-0.050266773008427176,-0.05629260244352109,4
81.28901497842092,73.90136935320079,-0.4461947358777536,1.142808838078608,-0.08125172175858263,-0.0614267030966499,0.19192174337716064,4
81.30569306930694,74.41033963687778,-0.31305259738848434,1.157912178675705,-0.10231432208028216,-0.03659561476441026,0.468619684197864,4
81.32237116019294,75.09016054804388,-0.4606917970959685,1.0513442780570301,-0.11077152007855808,-0.02743555406089052,0.7135085196472256,4
81.33904925107896,75.69375881770185,-0.5797495285794803,0.930113531985608,-0.10477942192381769,-0.008944307454981443,0.9635607879870497,4
81.35572734196496,76.17005418212815,-0.7121741424560284,0.9396722554484924,-0.08864473941777559,-0.0048907839565860926,1.2194189303953042,4
81.37240543285098,76.53134363019936,-0.6273728506969718,0.9103737479982499,-0.040470854935536774,0.008252637077912408,1.4431199734289986,4
81.389083523737,76.79969675433647,-0.5362735053437042,0.9483787517413873,-0.06650420282986166,-0.011809145592654842,1.6903130599680904,4
81.405761614623,77.42017920247132,-0.9379590079648317,0.6837120942549859,-0.030414037799444207,-0.026749238200715526,1.8761762228071432,4
81.42243970550902,77.67484836208467,-0.9496945913649029,0.7248056579490125,-0.024784383079624564,-0.018701246119608318,2.1182664491236,4
81.43911779639502,78.05478277294415,-1.1723704287023722,0.5033166441580796,-0.04507840311341579,-0.024155770350260664,2.3268514712549178,4
81.45579588728104,78.18568937018233,-1.1424679255071766,0.5077881228152634,-0.025420522554481677,0.0020434591970349895,2.5124512460502113,4
81.47247397816705,78.21157335124377,-1.1897777269298508,0.5932144272625095,-0.022854200852068813,-0.0212920579349847,2.6996089463261135,4
81.48915206905306,78.4361956802295,-1.2572083982003335,0.4419913834617333,-0.015445322566442756,-0.0031925569605546484,2.897428449641165,4
81.50583015993908,78.39963344295954,-1.2067367985534254,0.4906915885966967,-0.024380600234138704,0.04047628493502415,3.0696378988335113,4
81.52250825082508,78.25719223360502,-1.0849745470190904,0.6583068045611711,-0.012600258446216124,0.038939447507904776,3.244342462560622,4
81.5391863417111,78.5125545271544,-1.4388890730012491,0.28331641846795463,0.0022780460000982506,0.014337932690090744,3.3894385762731454,4
81.5558644325971,78.20261186591136,-1.0908268826257235,0.607484963381502,-0.029643352240766932,-0.013893844246885447,3.4943179610732513,4
81.57254252348312,78.39825513599963,-1.466922807947718,0.3455250978862061,-0.02898139151108878,0.007720426640945272,3.630614542521771,4
81.58922061436914,78.20113251874012,-1.3741545019331802,0.3767563662791211,-0.007718211209406757,0.017139021575933045,3.728727434509288,4
81.60589870525514,77.98408416917185,-1.2036926926943323,0.5840299168188281,-0.00344723105678486,0.016424700721885812,3.837643461250839,4
81.62257679614116,78.11869871034541,-1.3394775094501448,0.4126180039334706,-0.017865818043207173,0.00530449742359153,3.9118268571111647,4
81.63925488702716,78.14714540663984,-1.2329860428061785,0.5584269601459937,-0.02167271718509824,0.011291063750980391,3.9972297538922787,4
81.65593297791318,78.1509315176874,-1.2786577376912973,0.42694190416743183,-0.06018960743254144,0.03475968939409411,4.032726697404766,4
81.67261106879918,78.26016915106099,-1.404359131517829,0.18245498563035767,-0.00493432551110249,0.03771805233804448,4.072609714048966,4
81.6892891596852,78.00007787115166,-1.2959571340947242,0.22981938822772463,0.021176698021212147,0.03892540267240676,4.1144063953072125,4
81.70596725057122,77.1425111949443,-0.8885123671208959,0.642659844749847,-0.003917587328454152,0.009692375217965237,4.13350147639435,4
81.72264534145722,76.73166538277731,-0.7886925380749261,0.6581125270825119,-0.004343398749745186,-0.011941786509060635,4.151128317396095,4
81.73932343234324,76.36702819360869,-1.0355081352361601,0.5300525125264208,-0.004258157264483853,0.008128980913511443,4.205333575240688,4
81.75600152322924,75.98302015727357,-1.1412864643667433,0.39500023541179274,0.001292223971655741,0.02413360034319374,4.241155170552861,4
81.77267961411526,75.40338518369884,-1.093333766101889,0.442280714549085,0.006370656376862555,0.0041503862527034726,4.264759659377296,4
81.78935770500128,74.60335742661493,-0.9496534085979782,0.6319060663978782,0.006643053161471074,0.036105895306372024,4.279214605295951,4
81.80603579588728,73.98600145093641,-1.1987427003363962,0.358728920032636,0.015188810646230051,0.03825139949021209,4.2850292362545375,4
81.8227138867733,73.11936221430341,-1.06509201169224,0.45101766279350386,0.002100446297701908,0.05123281792845142,4.270378981743041,4
81.8393919776593,72.1155775986357,-1.0776696835889616,0.48229366582716793,0.006189257916933089,0.03290929454359628,4.263225267982258,4
81.85607006854532,71.14880705545498,-1.060157358539108,0.29123719782320023,0.021362360848970915,-0.0019953009436798593,4.284031689261452,4
81.87274815943134,69.94627844129334,-0.9926269837263497,0.3946687123197812,0.009529330903033706,0.004844338902525644,4.248572776772743,4
81.88942625031734,68.68494909571318,-0.9152687798266363,0.5113448858881817,0.017427961881184492,0.016000895338727384,4.258375685453297,4
81.90610434120336,67.60131489571629,-1.125937134646854,0.22348062759908416,0.006259850405427154,0.01800961186405841,4.26242656535799,4
81.92278243208936,66.29481031763446,-0.960076172434551,0.3422661315701099,0.013077183149493686,0.014778782297778932,4.263442063480122,4
81.93946052297538,65.01571964622231,-0.840656799943897,0.4416546815138176,-0.019343431342165058,0.03364999624407495,4.266083148342305,4
81.95613861386138,64.01714363499552,-1.011404715295054,0.23897049025431016,0.0139726550619274,0.013808550337346216,4.25424081623664,4
81.9728167047474,62.889567445312025,-1.0876001595836229,0.10507421560851427,0.02253509343443653,0.019410073816506182,4.259678613510722,4
81.98949479563342,61.3754948204746,-0.9244605476914707,0.3286778601247171,0.012322713245009456,0.002915005948196252,4.238565893639573,4
82.00617288651942,60.23492812895917,-0.8732892454994499,0.2993914295149658,0.009319076201864876,-0.0007126004274056939,4.2595548516932595,4
82.02285097740544,59.03006728950455,-1.0740747823921097,0.0860266541693342,0.007687808745272437,0.04049449290599886,4.259584701097825,4
82.03952906829144,57.67275954040605,-0.9884787032063791,0.09056432782409374,0.004502524569554096,0.04442173213763972,4.2763525460638085,4
82.05620715917746,56.17549981069108,-0.8594703588473234,0.14500904705120377,0.020030552329953943,0.03586674020402805,4.260719567715936,4
82.07288525006348,54.53293667100506,-0.7256541962940695,0.2977464693713934,-0.021255453464269814,0.03877838441021542,4.29759224174951,4
82.08956334094948,53.172650040042505,-0.8010346751582524,0.2672143724873628,0.0086204748065397,0.05610736446461096,4.281876620637503,4
82.1062414318355,51.76647281811871,-0.8197777270996447,0.2422146482101084,0.015062156429332847,0.05061267550637136,4.283931907204247,4
82.1229195227215,50.41081882178191,-0.8237471322402303,0.12749647916541917,0.0357706593907601,0.036701480034701396,4.248586515670039,4
82.13959761360752,49.03101226873143,-0.9546484019046577,0.02295087187160405,0.04520853486407282,0.029938588332041757,4.253142899215026,4
82.15627570449352,47.46703436198192,-0.6934550750693838,0.24380885546122144,0.03477504174317304,0.041271734333718356,4.249752652648215,4
82.17295379537954,46.25315930535572,-0.8519816211084095,0.09249631947282566,0.04857967140516285,0.036931971915711716,4.229088864736327,4
82.18963188626556,44.97656576866949,-0.7197400187314518,0.06375268311496107,0.021562352380109114,0.035902414687373374,4.249229507257824,4
82.20630997715156,43.90192002574939,-0.9227728944241953,-0.08430956681385204,0.051634855236572526,0.05312915706239897,4.241475838450115,4
82.22298806803758,42.5920019186967,-0.6929386316730639,0.15955050130234305,0.02309203041530523,0.03451271962369901,4.2496026291781686,4
82.23966615892358,41.69437556391466,-1.0154035142069464,-0.15109014624036377,0.050811773272863965,0.024110759989435866,4.243871260851785,4
82.2563442498096,40.394357624963675,-0.7737631922129715,0.02715768122535067,0.03528808647202205,0.03919087628720286,4.258193622485936,4
82.27302234069562,39.22016238113801,-0.7473617023571659,0.04092277114459186,0.06459762878409009,0.054020337239959706,4.251232548428204,4
82.28970043158162,38.153525509075244,-1.004583542245534,-0.29367176658590743,0.06510535441726152,0.04535871275189135,4.245957522143029,4
82.30637852246764,36.887220360821544,-0.9797975052745187,-0.2813667425946438,0.06724199887234414,0.0365640806193467,4.238499289819088,4
82.32305661335364,35.42553015395312,-0.6375397202278386,-0.1106772861482721,0.005104330263796582,0.03427810206914369,4.246139005682762,4
82.33973470423966,34.41616370195966,-0.8351515134993566,-0.28366018363274925,0.07181770926014575,0.0347604650393973,4.239757978098328,4
82.35641279512566,33.08899059774348,-0.7171052285841633,-0.21084463076354076,0.04363912104212655,0.03073333061347435,4.223733516099118,4
82.37309088601168,32.13680538614689,-0.7894924782446839,-0.2704772419973551,0.04403644453205803,0.045444967542745233,4.250192850656073,4
82.3897689768977,31.250911406294616,-0.9259481300444996,-0.37398034474298036,0.08223420583635259,0.06266888886021148,4.235117308753864,4
82.4064470677837,30.304768067306693,-0.9599296233770929,-0.4167303931103543,0.06389151714448058,0.04238466028789702,4.225073097364519,4
82.42312515866972,29.3089586350457,-0.891351096908032,-0.32096497606683805,0.05361676918478552,0.045690574018498825,4.196515842351819,4
82.43980324955572,28.405218741881495,-1.0898171849853986,-0.30125695258707275,0.08055510843893074,0.0556417751116673,4.186902609423041,4
82.45648134044174,27.34010379024782,-0.9123320194840971,-0.17895772056278858,0.06656735388786568,0.057819663652891415,4.149000071103297,4
82.47315943132776,26.47330826477852,-1.0713351066182941,-0.40503393702158164,0.07680179321999936,0.06959399986020327,4.129217737409114,4
82.48983752221376,25.483590005847795,-1.137538319816759,-0.39254182404241256,0.0573517374929064,0.04180638676876422,4.032090545228669,4
82.50651561309978,24.399034341854914,-1.1926253485506653,-0.49508623856986844,0.04863398957000233,0.04169356502995554,3.923783309443069,4
82.52319370398578,23.27674118232136,-0.8759010777282148,-0.25530473743138504,0.04341096208933983,0.020193596210174275,3.7974865385637306,4
82.5398717948718,22.49253590105141,-0.9507738535108761,-0.37341361902862147,0.07258609159907412,0.03781143177607922,3.6477846934095677,4
82.55654988575782,21.586881647056792,-0.8561960737895449,-0.4105200712195378,0.030727507629818466,0.021442994028369213,3.4927479374417114,4
82.57322797664382,20.62451053596907,-0.7759958472030606,-0.2949074585116893,0.054339557614899996,0.010944548589584715,3.291793040054826,4
82.58990606752984,19.846107010053167,-0.8814209776624269,-0.4116895548862365,0.053840326900391484,0.010712882345721578,3.093630615489246,4
82.60658415841584,18.992002993753264,-0.7899479628016168,-0.2488038502570653,0.03280505168462361,0.011881355989564791,2.901645490580486,4
82.62326224930186,18.363477235127625,-0.9883762278067634,-0.45092923308132526,0.06716468421481532,-0.007879709430051805,2.640309334707904,4
82.63994034018786,17.28906943835959,-0.6186722568294707,-0.12968574047704617,0.0321394067506057,-0.004450850057977847,2.3956258458141826,4
82.65661843107388,16.476105411075814,-0.5686260513210879,-0.11470996591202365,0.0024558499953237444,-0.008621239007518667,2.09337101541434,4
82.6732965219599,15.604801463910471,-0.3761707810518322,-0.08189561463742745,-0.04577013029630409,-0.0010520913619943217,1.8156306577836958,4
82.6899746128459,14.66291778124588,-0.10359290700630197,0.19301326079938885,-0.01965361045168568,-0.015622020760511543,1.4636438422901827,4
82.70665270373192,14.040224765531597,-0.15070516222367836,0.12500404536351972,-0.008761887794526831,-0.015227081841060669,1.0788233482096254,4
82.72333079461792,13.510497788004457,-0.07379437350499751,0.10693943923559424,-0.03838327774814415,-0.01870835686995045,0.6934824074262603,4
82.74000888550394,12.90481084223332,-0.31300142992253344,-0.008901413365748567,-0.022563394270283622,-0.003801588208425145,0.2710759229344498,4
82.75668697638996,12.203496220115564,-0.040734464557920624,0.2054453247944772,-0.06873513367738164,-0.010618865626052795,-0.1684426862576667,4
82.77336506727596,11.631014812645132,-0.05898492629316188,0.15486311922727136,-0.05229874830578562,-0.0016192756249825719,-0.6703937616264763,4
82.79004315816198,10.819039966965764,0.21186789654301785,0.40159957948201574,-0.06732390001073876,-0.03659501444845737,-1.19124208555473,4
82.80672124904798,10.371894264935836,0.002788578888851756,0.21795849168652381,-0.08836144724012537,0.010714770143043407,-1.70660503300136,4
82.823399339934,9.578650086780717,0.36652453070886315,0.4143976319501146,-0.10757995359621259,-0.01917862662931645,-2.2625150308956172,4
82.84007743082,8.956260120977015,0.46832033968155695,0.5109485300010377,-0.12728475510470466,-0.026453975928337568,-2.8305936934869744,4
82.85675552170602,8.18427662837468,0.6721516327515686,0.7997468173900553,-0.11753209799108986,-0.060994997577419365,-3.471738110195174,4
82.87343361259204,7.623038347688382,0.7772737651086279,0.7639899710213138,-0.14111445811016313,-0.034362028870544126,-4.134971366323674,4
82.89011170347804,7.214894133145098,0.5574022560618224,0.524021300229381,-0.14719250563976966,-0.06840279985402267,-4.802235964144994,4
82.90678979436406,7.114100792346855,0.22690003561097627,0.22472767571782581,-0.12210411275673111,-0.1278484453535684,-5.4933206879509875,4
82.92346788525006,6.8481203100634485,-0.0606940333741417,-0.0056400565343794895,-0.07580824600270077,-0.15921195983363426,-6.181250459930428,4
82.94014597613608,10.793267839404978,-8.979726436467056,-10.183353556160073,0.8584729705204596,-1.6930363728226816,-7.728033838762593,3
82.9568240670221,10.436320147193634,-8.629079710999317,-9.975752377880896,0.8226380124291531,-1.7404793665999074,-8.299539713093013,3
82.9735021579081,9.813664830795263,-8.262315851044022,-9.589926975833936,0.8105377952150319,-1.7433390144886338,-8.904279038084148,3
82.99018024879412,9.239886245583993,-7.997996853789031,-9.321745797020645,0.7762241821605564,-1.7615077274135216,-9.463348175969625,3
83.00685833968012,9.015289627000552,-8.108564297278798,-9.40008665837052,0.791950077738371,-1.72279263012639,-9.989308112971507,3
83.02353643056614,8.403795530696327,-7.490305799317968,-8.983106311053033,0.744471786267509,-1.7849793445402842,-10.495754472263611,3
83.04021452145214,7.671921825704749,-7.021939184334999,-8.34546087998784,0.6778471789814222,-1.7289929844508194,-10.938522004585137,3
83.05689261233816,7.3094063653438015,-6.972694074969504,-8.37926494623916,0.7323967744276182,-1.7734440828805083,-11.431742118316723,3
83.07357070322418,6.452860217741346,-6.182908159004434,-7.656833896583881,0.663895143142217,-1.7971660532152591,-11.849237519462406,3
83.09024879411018,6.2597194701418974,-6.060268790424521,-7.604472031289283,0.6556385183633695,-1.7850662260541843,-12.242589138514951,3
83.1069268849962,5.900272415867095,-6.083673382315067,-7.590325456664113,0.6311903637754969,-1.7715010404421,-12.628244205408487,3
83.1236049758822,5.514138215782583,-5.939213873971626,-7.497415908666825,0.6220182741155547,-1.7760399358607712,-12.979038268818595,3
83.14028306676822,5.283179560631138,-6.009040922268113,-7.529315196718682,0.6063073974845553,-1.749911825270162,-13.270608478699485,3
83.15696115765424,4.754111872861376,-5.856097133607511,-7.369321987160065,0.6384786341833462,-1.7549128063597907,-13.584442244128548,3
83.17363924854024,4.359103416335737,-5.714024184309057,-7.404675068606973,0.5844983950975454,-1.7950023573003193,-13.809529430787428,3
83.19031733942626,3.821502417824071,-5.456363405109392,-7.011730999692727,0.5805660325124836,-1.7494673291290714,-14.010606199770393,3
83.20699543031226,3.341478695461292,-5.353216906593959,-6.872876746833718,0.5764728012675462,-1.7853662752889554,-14.250132523419541,3
83.22367352119828,3.0585641276166564,-5.531510873541889,-7.027582304492289,0.5489088549842664,-1.752380585562458,-14.392309033638675,3
83.2403516120843,2.5668691785151525,-5.2248744746442135,-6.809049782024744,0.5459620245296588,-1.8227577553879126,-14.55604358181002,3
83.2570297029703,2.2756480504173098,-5.279549506875508,-6.896088878655375,0.5223420480525127,-1.778485640705664,-14.643034620697325,3
83.27370779385632,1.7715157856344845,-5.18063369322968,-6.790366879209924,0.550600278269266,-1.8380136326700236,-14.799844482198548,3
83.29038588474232,1.726850558875297,-5.366287669326471,-7.012927459817261,0.5480812271155041,-1.7959650855895104,-14.873994295979971,3
83.30706397562834,1.3976038356695382,-5.068635415683271,-6.744852491048255,0.5541311566302708,-1.788839020142931,-14.941401355138906,3
83.32374206651434,1.3556934055599807,-5.362902781692812,-7.066127662913946,0.5378502528518967,-1.7703647425533882,-14.972632498524716,3
83.34042015740036,0.9970659785555713,-5.093356210680568,-6.755165854005788,0.5328305448031011,-1.7734285739391786,-14.972954632455178,3
83.35709824828638,0.5692510919722942,-4.907773648133528,-6.524745808553457,0.547697577767125,-1.8357423997880744,-14.996661664230713,3
83.37377633917238,0.546428015837567,-5.1608602044134155,-6.749562571289801,0.5531899527834611,-1.7759038277149646,-14.952450462558874,3
83.3904544300584,0.134687177512828,-4.897427788935895,-6.4272076504001525,0.5237427685077969,-1.808105445203745,-14.887170144453092,3
83.4071325209444,0.03745806079417058,-5.146246615280315,-6.812053100801684,0.5745363185412481,-1.8164623788630985,-14.80865420470513,3
83.42381061183042,-0.23207176461123025,-5.244290425265008,-6.830262654831606,0.5621356147224847,-1.8209279824205202,-14.690733065815742,3
83.44048870271644,-0.4853637629340004,-5.250476797936847,-6.982328277746668,0.5512381682344132,-1.8123633457182577,-14.505846795191191,3
83.45716679360244,-0.7782584324919237,-5.370298727870415,-6.901548796911248,0.5825666573829235,-1.7529666611596662,-14.343385986356397,3
83.47384488448846,-0.9769774960139745,-5.541029011079217,-7.182362239982846,0.5692973583586964,-1.7767055434868118,-14.140996390121966,3
83.49052297537446,-1.219582416423834,-5.798015429127635,-7.491544936798638,0.6081971186812953,-1.7774923796055453,-13.9358986440674,3
83.50720106626048,-1.6173310280066482,-5.734767459424391,-7.390565197536256,0.6118911595909966,-1.8669392722722666,-13.692092719431338,3
83.52387915714648,-1.929808334770569,-5.799852291102298,-7.44758684972286,0.6067560114260931,-1.8069773475964346,-13.393623580217007,3
83.5405572480325,-2.1581460143715083,-6.0196313106764965,-7.827710958121367,0.6179273880991982,-1.8582418941380439,-13.11341173594338,3
83.55723533891852,-2.4330420961227754,-6.14640622883822,-7.815940865114239,0.6187057710616384,-1.8002083296080351,-12.76891922905303,3
83.57391342980452,-2.702951408113654,-6.476197312297635,-8.241002520288655,0.6978829832501156,-1.821226114292234,-12.468516070609384,3
83.59059152069054,-2.9829647892042503,-6.72555338078928,-8.486622853125334,0.6921618736294062,-1.8582353052852358,-12.101028850776384,3
83.60726961157654,-3.269387662076375,-6.940880896844867,-8.637101517121206,0.7098265057338152,-1.8097594063378915,-11.707437198774304,3
83.62394770246256,-3.472006002907569,-7.298754648035291,-9.103613327593994,0.7440865927699618,-1.8500346072017102,-11.27976000156543,3
83.64062579334858,-3.6801028520966197,-7.798296690529296,-9.463252877794027,0.8021022212670963,-1.8565583055692791,-10.882708789054355,3
83.65730388423458,-3.8997621115821666,-7.896414253318622,-9.643696757742008,0.783518604783263,-1.835428963532172,-10.406803275957884,3
83.6739819751206,-4.1771940822357845,-8.316816780726809,-9.880005776618066,0.8536853137392036,-1.8189831127847946,-10.013656257825732,3
83.6906600660066,-4.23775965966574,-8.802626598235403,-10.530747129603133,0.8772161739956126,-1.8734685853233777,-9.552911991512486,3
83.70733815689262,-4.566555204262485,-8.852000740005263,-10.503322406463022,0.8858706276589723,-1.8391020071976252,-9.028142513113067,3
83.72401624777862,-4.781543386779883,-9.122740524626412,-10.72471507074964,0.9332528571540261,-1.8217456230544118,-8.52769712500256,3
83.74069433866464,-4.855967124892134,-9.548076647551174,-11.262734327404186,0.9537009817413925,-1.845850302100542,-8.017688765304714,3
83.75737242955066,-4.984636476544683,-10.064673209108104,-11.901999209397484,1.0011544980796805,-1.827092840383797,-7.460199118305227,3
83.77405052043666,-5.3714184289979885,-10.397208223911273,-12.088317913929867,1.0059879158244645,-1.8762472594053528,-6.885391625797421,3
83.79072861132268,-5.302769563156523,-11.250761650211,-12.961910875898697,1.0742764892164731,-1.8420297811786892,-6.303899751473444,3
83.80740670220868,-11.280781250236123,-0.5490101039443993,-0.7885064173063414,-0.03551208881973314,-0.12045277461193174,-4.660239646636846,4
83.8240847930947,-11.690900769857237,-0.5670520733228885,-0.8075064036030932,0.049434879997085956,-0.11985787476890328,-4.0599701558351615,4
83.84076288398072,-12.773362897753453,0.3304454160871395,0.07045720849515913,-0.05496760428774033,-0.03522088841437692,-3.326213577078865,4
83.85744097486672,-13.606399578424238,0.5291886300479542,0.21007528482890514,-0.07146382022391425,-0.03337969469747918,-2.6889194830289123,4
83.87411906575274,-14.068306699727142,0.2864345039781049,-0.04515226791428706,-0.06909334584612123,0.024488784596254733,-2.05311324231109,4
83.89079715663874,-14.574591813506752,0.05429541642349367,-0.2497537345065215,-0.02093179306013868,0.004431618801641474,-1.5636812232488064,4
83.90747524752476,-14.818029030299243,0.029070860843130042,-0.35038258278327117,-0.016325929630537493,-0.02155287842226159,-1.1182762214185051,4
83.92415333841078,-15.108987449159148,-0.15942950575785808,-0.4973029849933086,0.0013927632658597073,-0.0004883241800333941,-0.6713679078844254,4
83.94083142929678,-15.440381719822556,-0.37016037614877195,-0.6125783090890611,0.038334803953385184,-0.007054206723098976,-0.2762731701847559,4
83.9575095201828,-15.771048967711149,-0.332854038774534,-0.6262207016870223,0.029098948345436547,-0.0021960762566994242,0.11887716116116301,4
83.9741876110688,-15.976456084786463,-0.5881266186919314,-0.7641239937348123,0.05079077525460214,0.005984982318825827,0.4910800922227434,4
83.99086570195482,-16.274150807991443,-0.6455088096313242,-0.8050313098301896,0.061853615560494395,0.020380969731504033,0.8635060643928297,4
84.00754379284082,-16.706928214870363,-0.6503809466807491,-0.8177719885928116,0.048304277345633584,-0.012438930055633013,1.175395988166421,4
84.02422188372684,-16.987097850135378,-0.568288689877126,-0.8557835257229218,0.033032049271816584,0.01895110403640518,1.5011445584831882,4
84.04089997461286,-17.411277093904616,-0.6052589326186801,-0.8849581139327993,0.07761679409542291,0.012694131905132354,1.789844648208838,4
84.05757806549886,-17.635791450022055,-0.764916120760323,-1.1044858375445061,0.0690314220117931,0.034144740114881895,2.043341767441071,4
84.07425615638488,-18.03382135998461,-0.8372248231246582,-1.1480807513092621,0.0910589522980413,0.01448179056820861,2.2790356117389874,4
84.09093424727088,-18.548225942313717,-0.6930898710285316,-0.9943693769651425,0.09446860874464949,0.031306843238924374,2.539897758874516,4
84.1076123381569,-18.910976784008042,-0.7888388326267952,-1.0729228871497911,0.10199631490739683,0.025398486715831305,2.739012768423358,4
84.12429042904292,-19.21444281591667,-0.9308889183727551,-1.1621102503444343,0.09375894413640831,0.03892088855032066,2.9448338256162727,4
84.14096851992892,-19.58507363841839,-1.031076677547106,-1.2376457474438718,0.1273033551862738,0.013444959522473213,3.1229410420967394,4
84.15764661081494,-19.990063338620516,-1.0856912552061848,-1.2910555451849701,0.12997590520721747,0.0398827793832144,3.2995740638438114,4
84.17432470170094,-20.377220824125338,-1.061840459667021,-1.3584843849053057,0.11420534552692735,0.019720572760255135,3.4660398271745363,4
84.19100279258696,-20.836007158108984,-1.1421660263896882,-1.3968486454639173,0.14755473638249733,0.0605332976280195,3.599788480903402,4
84.20768088347296,-21.426587054647566,-1.1447277262948417,-1.4903343353193819,0.10983381316692498,0.051117075051515574,3.7350661778179615,4
84.22435897435898,-22.016041587272063,-1.1498824490074746,-1.4851781815670861,0.13016932752136567,0.06952666239006298,3.826300903122593,4
84.241037065245,-22.365906292135815,-1.3486380781118692,-1.7359339795559716,0.1302010577439012,0.05688045747562813,3.937776001195869,4
84.257715156131,-23.02284103109984,-1.137266129380163,-1.5602680594884513,0.12016811960295333,0.036518536554657956,4.0085432543298385,4
84.27439324701702,-23.44507801708304,-1.2434897150633963,-1.7573493763931367,0.13800839663545267,0.021560907841009266,4.08821813614638,4
84.29107133790302,-24.029520931455558,-0.989739049774605,-1.499838693655187,0.10407355516859462,0.041432145028882865,4.157374942154336,4
84.30774942878904,-24.418526066673888,-1.0913011706378049,-1.5652753490557103,0.1108438138619641,0.06726294861191069,4.176309880577649,4
84.32442751967506,-24.773720374828727,-1.0659683690259056,-1.6251006254573843,0.11675089205703966,0.04033680341144408,4.174460942705332,4
84.34110561056106,-25.175433193070845,-1.088844802397114,-1.6809594217787014,0.14634499935028805,0.0608451193156728,4.208821401299452,4
84.35778370144708,-25.97931885276792,-0.7750348556682853,-1.4359955166129197,0.09710034055730137,0.07773020020331599,4.219690394907003,4
84.37446179233308,-26.544652045765375,-0.866471263950884,-1.6682512661610431,0.11621732386546428,0.07623381900579594,4.234176924767589,4
84.3911398832191,-27.167483662635867,-0.8613401314950639,-1.7067846575909673,0.15030358187259665,0.04982498003496059,4.205713108819862,4
84.4078179741051,-27.859794782504252,-0.7645570169159335,-1.6066127668793175,0.12363565043150529,0.054543779352334065,4.212715394217316,4
84.42449606499112,-28.4535274032013,-0.6779720895338839,-1.5868600656736858,0.15968249507791205,0.02764271895039385,4.195821135661974,4
84.44117415587714,-28.898358464913358,-0.9812531929697785,-1.7521096261751676,0.14088719916636225,0.04793324887837143,4.215641130026771,4
84.45785224676314,-29.359956875467077,-0.8689070793566778,-1.8151740886469678,0.15128018913569113,0.06317583288289427,4.22736804798427,4
84.47453033764916,-29.882410807369833,-0.9884331348199726,-1.8189125209015984,0.14699866480525883,0.02953314010045666,4.22314533526252,4
84.49120842853516,-30.34792478226626,-1.0214382237529689,-1.8262120286278467,0.14468315919207883,0.048697946190435694,4.215455912198676,4
84.50788651942118,-30.908194769635834,-0.9297463823283447,-1.845366903181663,0.16132498102733447,0.046278780958113545,4.219613511216053,4
84.5245646103072,-31.3081195883464,-0.8591656044122473,-1.8507395844128816,0.14299055111058226,0.04322676860994643,4.232912264612454,4
84.5412427011932,-31.80800812175643,-0.9295986362498514,-1.811203844884373,0.14356940533800158,0.043446822048609536,4.225573939066718,4
84.55792079207922,-32.43865764917112,-0.7260639417015327,-1.7487407334684804,0.12512498899651192,0.05348859600160945,4.240006766117909,4
84.57459888296522,-32.68268560739645,-0.9287476755016559,-1.932195192450063,0.16561575164179396,0.051763778209682254,4.223873027284415,4
84.59127697385124,-33.19724943023438,-0.8180937641226453,-1.9220330291530772,0.11879249088504781,0.06056807457978263,4.231327931744412,4
84.60795506473725,-33.44187197936467,-1.1376431890529215,-2.128345341091089,0.16711680060952128,0.05588324011492016,4.208310875211264,4
84.62463315562326,-33.93745019732713,-0.8306026158568915,-1.881348433634816,0.14608101597172676,0.06907321662832913,4.231150297935241,4
84.64131124650928,-34.35331837437497,-0.8357786663744271,-1.8444675694757517,0.18136478695334737,0.047480787724377825,4.196286449412402,4
84.65798933739528,-34.60046465449947,-0.8508655043409092,-1.9150214024383612,0.1299292777229197,0.06886089401302765,4.228371721862294,4
84.6746674282813,-34.76062747313424,-0.7634644629673115,-1.8451000948618432,0.12459213238303128,0.04606973915419303,4.217255878220771,4
84.6913455191673,-35.07275039846145,-0.7925184585118146,-1.833085930843767,0.14834259310907938,0.05226593917294105,4.218153490233902,4
84.70802361005332,-35.11731552032471,-1.0013419948611677,-2.0348220511016333,0.17092707482357902,0.042945146248372555,4.213736690383925,4
84.72470170093933,-35.48292661682465,-0.7939574389814581,-1.8513630515511963,0.12731749845691306,0.045612211311245585,4.219181721382469,4
84.74137979182534,-35.776736297438575,-0.8137696753564647,-1.844270284505651,0.14328996864512436,0.037872888172558725,4.212836954935848,4
84.75805788271136,-35.93800722271009,-0.8649565248235547,-1.93130752977126,0.16043088993854443,0.06653340088798772,4.224321602278888,4
84.77473597359736,-36.36574896668434,-0.7601143924391653,-1.8499846305279437,0.11842372714240045,0.06584020900573019,4.23287952966572,4
84.79141406448338,-36.593280214835666,-0.8267775199625369,-1.9098200599337058,0.13512488248443713,0.05229282457410308,4.2044195177726325,4
84.8080921553694,-36.73626385673315,-0.9074632452026936,-1.9782518988795221,0.13474871835731658,0.023466764668011772,4.193940381097195,4
84.8247702462554,-36.97882733955382,-0.95038513950111,-1.9633640144182891,0.15295026009837884,0.06187343560299915,4.184379926915785,4
84.84144833714141,-37.25643780007696,-0.8668997550041588,-1.8541740000464184,0.1510179519471572,0.051680110078543146,4.1469600387839165,4
84.85812642802742,-37.43692583025336,-0.9053501034598135,-1.8533729569360986,0.139741794984913,0.03397171440577057,4.130446303663281,4
84.87480451891344,-37.689646419810586,-0.9529762369262542,-1.8420015563558518,0.11521226865846852,0.03573199899579709,4.1039631934930565,4
84.89148260979944,-37.59745362836475,-1.2118209827825623,-2.0771468098097596,0.16339378435194474,0.026189810293268685,4.06973361241924,4
84.90816070068546,-37.9083819046981,-1.0545144748002695,-1.8770079381587212,0.1432509313580307,0.07141898723205156,4.0612638277106505,4
84.92483879157147,-38.173887944033,-1.1026408254456062,-1.8834415744793187,0.12363650464836248,0.044719184974428554,3.991678552625138,4
84.94151688245748,-38.40590396103399,-1.1977204049751187,-1.9568680663910403,0.1420324796414545,0.04168569016929975,3.9205298543024276,4
84.9581949733435,-38.70928662946617,-1.0919462054332882,-1.8922007281471274,0.14068757734660392,0.03998521342043782,3.831703285600999,4
84.9748730642295,-39.07319479985108,-0.8886627442607242,-1.7109711357529616,0.11491637919565381,0.05668265147241858,3.72639979046206,4
84.99155115511552,-39.11592313460609,-0.863405821500919,-1.8630171537702847,0.14741333840209345,0.0508981898203419,3.6200488966871616,4
85.00822924600153,-39.46867103625952,-0.7551280148848267,-1.7217995749698431,0.1261360916133099,0.053820422078046534,3.5055444392977586,4
85.02490733688754,-39.56362858693393,-0.6818789186835268,-1.6723060873627809,0.12147483122309949,0.022843738632994475,3.367384344408039,4
85.04158542777355,-39.50880492246543,-0.8373828232187677,-1.7758222479857526,0.14225411072191602,0.01622530118577763,3.2240631511940343,4
85.05826351865956,-39.54545083144614,-0.9467312736062077,-1.9291059547712077,0.10161676319589899,0.004125268906816996,3.0733110484833293,4
85.07494160954558,-39.612263464586796,-0.9354757001093059,-1.930967459778108,0.13448688383648644,0.03752897839645175,2.8941870879015035,4
85.09161970043158,-39.68898545586534,-0.8256588648800474,-1.771872371893025,0.1092881519893957,0.01350351461795551,2.7095489346321235,4
85.1082977913176,-39.71593634582547,-0.7935876426052904,-1.7616575562167824,0.11287860443985792,0.01131536018287976,2.5147177636832914,4
85.12497588220361,-39.82929620321315,-0.6175353264088557,-1.540009477019101,0.10305268328417808,0.01593656630842896,2.296431923098507,4
85.14165397308962,-39.7992044061759,-0.7091323082622658,-1.615849264069956,0.11627937608346818,-0.0035772590419921864,2.0729790327014754,4
85.15833206397564,-39.83054734053195,-0.7355902862800701,-1.593534705347242,0.09645381341477355,0.010210207815055248,1.8251399619798703,4
85.17501015486164,-39.87714886438704,-0.5934939458905077,-1.6039544367976912,0.06841220019052204,0.002050792907912637,1.5856261939591123,4
85.19168824574766,-39.885774700443974,-0.4523397354300407,-1.4117726792723726,0.0641560584096426,0.00044145355670322005,1.2960874168022065,4
85.20836633663367,-39.76633398186459,-0.3910394824871979,-1.3430075187556074,0.07928085292501943,0.0033988054054485736,0.9560343512234108,4
85.22504442751968,-39.52698406585217,-0.35198742958620954,-1.335592390326811,0.06315575425147948,-0.02354400908237974,0.6087354333649034,4
85.2417225184057,-39.16358656103937,-0.4514081046564673,-1.3816369152071033,0.06584214843557752,-0.0037443553685952598,0.25019234360756704,4
85.2584006092917,-38.91445315665564,-0.43900778646015404,-1.2751791226645839,0.036543558042950806,0.006478784119556728,-0.12436098401693375,4
85.27507870017772,-38.72893746725886,0.05739981560414975,-0.8270541571858505,0.014819521685172386,-0.0011702738916490399,-0.5329785312760743,4
85.29175679106373,-38.41359063480955,0.015363673380010212,-0.8679643431436741,-0.014463898800590213,-0.06204601862131644,-1.000545501877182,4
85.30843488194974,-38.07305308955274,0.08997211654641468,-0.7669823568642506,-0.013621673498461792,-0.033463702654357344,-1.427676025245174,4
85.32511297283575,-37.694458063964184,0.044288484382022375,-0.7914369755975432,0.00024103936009964156,-0.034648629130878246,-1.918690478603317,4
85.34179106372176,-36.790037605752296,-0.7804307111172406,-1.6035098506832401,0.0810917304963842,-0.13327311729096247,-2.482060134532223,4
85.35846915460777,-36.046217879054645,-1.2003305667357846,-2.0411993506902295,0.122948745670707,-0.14036479736955837,-3.021456723479938,4
85.37514724549378,-30.23236673925592,-12.444783176225384,-14.900629373867531,1.2867961813143651,-1.9099841173734915,-4.524590422079489,3
85.3918253363798,-29.90784504025218,-12.284551651092347,-14.739836237313575,1.2592877201568222,-1.8598811191007794,-5.093862415159518,3
85.40850342726581,-29.648283174388474,-11.69716748717327,-14.091799416836976,1.1808698427379465,-1.8942879075440668,-5.698180625670465,3
85.42518151815182,-29.382199005403844,-11.212453711064613,-13.601737020031702,1.1147320508170462,-1.88821087930529,-6.247138482953583,3
85.44185960903783,-28.827710993536453,-10.97088036931701,-13.372782866262366,1.1009449274036065,-1.8458200333354884,-6.8254134185212845,3
85.45853769992384,-28.455574203147588,-10.512965796184773,-12.851478319213937,1.0596072544878334,-1.8619569355831214,-7.348590366175511,3
85.47521579080986,-27.925142861995568,-10.202685900045825,-12.550931609648153,1.0657128400549345,-1.8711553443099525,-7.910300889128364,3
85.49189388169587,-27.63451876723213,-9.525974189579633,-11.820964787995571,0.9738514235505762,-1.8708091101603126,-8.394933412594812,3
85.50857197258188,-26.89081482121678,-9.329506950420326,-11.711618215911226,0.9545859202267407,-1.8952490021801016,-8.9206437076785,3
85.5252500634679,-26.2941699620065,-8.966807245081377,-11.365021795367529,0.9360297163593734,-1.8851869586441328,-9.44030624364276,3
85.5419281543539,-25.8248126015916,-8.520904701649277,-10.872036979047534,0.9119349575232909,-1.8469460588653217,-9.833765870593774,3
85.55860624523991,-25.24940861930244,-8.290760307026225,-10.757839839325003,0.8612214656585321,-1.9043231332035009,-10.269645895711516,3
85.57528433612592,-24.539217130613377,-8.159205610764749,-10.666768580363282,0.8660704128344802,-1.8992382483370596,-10.706377937925541,3
85.59196242701194,-24.018616463118097,-7.718550524504678,-10.190792657508174,0.7969705862368864,-1.8156012509754282,-11.047162750569786,3
85.60864051789795,-23.344956941754116,-7.634799343669422,-10.071678293997433,0.8011255047811033,-1.8927511367581307,-11.417907532416347,3
85.62531860878396,-22.73364341088088,-7.381407457246268,-9.90077893283497,0.7819150135296861,-1.9045939109772951,-11.760259683246534,3
85.64199669966997,-22.051686366743922,-7.238346857501311,-9.659960849978228,0.7541835674361153,-1.8476596404978018,-12.040923646425123,3
85.65867479055598,-21.420949472710326,-6.921728846329783,-9.338397949454567,0.7516328639847858,-1.8816327930589978,-12.363014938852196,3
85.675352881442,-20.689009802145225,-6.793107899624894,-9.098810748898256,0.7332582367679724,-1.8416892883272156,-12.640399845646293,3
85.69203097232801,-20.113744843906982,-6.465842429101892,-8.697801997112942,0.7096705652253239,-1.8521210406342858,-12.876787905407754,3
85.70870906321402,-19.463725829437703,-6.252168451752421,-8.548353008922938,0.7189231176212201,-1.8807172395451905,-13.093065737969573,3
85.72538715410003,-18.787517209544223,-6.130234920309791,-8.35514093062881,0.6858677259580238,-1.8476585764601614,-13.269977529499842,3
85.74206524498604,-18.118958049406125,-5.898197961560874,-8.189588338850909,0.6724313687857807,-1.8684028423455943,-13.445296670914457,3
85.75874333587205,-17.090388518901953,-6.040631354411281,-8.357398035151384,0.6576495102486221,-1.8126755599349413,-13.547397109664228,3
85.77542142675806,-16.456337765953688,-5.782312311109184,-7.978018995570555,0.673842058793616,-1.8664422456628051,-13.705640815318462,3
85.79209951764408,-15.727274250561608,-5.611108395115759,-7.840050322709992,0.6081403237061558,-1.8259852600268331,-13.778495942536654,3
85.8087776085301,-14.784163459443443,-5.675807622892854,-7.812948508524091,0.6077290418997356,-1.8448585557667918,-13.87625905756507,3
85.8254556994161,-13.819928331797872,-5.731654862052582,-7.804098833745461,0.6074054043362563,-1.8612487336330177,-13.94849403726943,3
85.84213379030211,-12.93002512962608,-5.72032045121861,-7.966286766299168,0.6160378481211635,-1.8793328060121373,-13.971176575349958,3
85.85881188118812,-12.06367928888892,-5.716463154089233,-7.854086866154055,0.6190836147055347,-1.8361917178648834,-13.969395105192856,3
85.87548997207413,-11.22006537445814,-5.680876483184241,-7.879496543402625,0.6382515745737356,-1.862803598000165,-13.946684696399252,3
85.89216806296015,-10.15781798340724,-5.962565620863997,-8.149999460884505,0.6445304178854486,-1.8354495500951598,-13.897685994242433,3
85.90884615384616,-9.35848211827234,-5.952352963006105,-8.014237794303275,0.639798955907886,-1.8841135390186128,-13.855730890545997,3
85.92552424473217,-8.626560478773627,-5.799060941312353,-7.8661104591235915,0.6011605926749488,-1.8444368089397667,-13.742712930910058,3
85.94220233561818,-7.6806124171535615,-5.915369786574453,-7.8484837847404405,0.6258637342214732,-1.8107902864604708,-13.641647479563686,3
85.9588804265042,-6.732108042853637,-6.000037191242637,-7.935077284659297,0.6157075747341141,-1.8286171004549505,-13.512719436906002,3
85.97555851739021,-5.82021064139515,-6.008351580861596,-7.7808982896693415,0.6058293850401586,-1.7974227956295181,-13.390356589056946,3
85.99223660827622,-4.987734696547806,-5.78882058361361,-7.757752185392801,0.6253926216051742,-1.9090807461373285,-13.262015815670496,3
86.00891469916223,-3.8271723269358926,-6.120981888999527,-7.87173603919125,0.666094081732141,-1.8589011006392337,-13.11940595981465,3
86.02559279004824,-2.7637266172861006,-6.150182701940823,-8.006497630881851,0.660374917283299,-1.8365930667611412,-12.920170529661839,3
86.04227088093425,-2.01801392675671,-6.028645155230349,-7.823940467533048,0.6563059222313798,-1.8369094407304827,-12.720929322408066,3
86.05894897182026,-0.737242526114497,-6.485965226578769,-8.246177718424445,0.6982226826000073,-1.830913711413527,-12.52148708661385,3
86.07562706270627,0.27965422964281395,-6.484329977571592,-8.147978631505127,0.7052119648114838,-1.7938947358051487,-12.26623583672916,3
86.09230515359229,1.2445341006537585,-6.518680439875315,-8.303044125917513,0.6860645445203518,-1.8670158330670057,-11.998804739679926,3
86.1089832444783,2.1880279104049167,-6.5748182014398795,-8.367272853818482,0.6765034785068217,-1.8441340990078057,-11.665508100682498,3
86.12566133536431,3.470556578608784,-7.109223664550255,-8.726572838530958,0.7135499885719517,-1.7838587410320097,-11.367715723379638,3
86.14233942625032,4.308758430946288,-7.033609558080465,-8.691184821878762,0.7052575751269772,-1.8377886151708849,-11.024107451775183,3
86.15901751713633,5.3786884410007705,-7.252014302413729,-8.835046400130071,0.7436145006841575,-1.8004224370677637,-10.701779122801467,3
86.17569560802235,6.494117106053027,-7.630296739043865,-9.10861847642661,0.7459069073001674,-1.8087903203238203,-10.328568257213895,3
86.19237369890836,7.633459450006301,-7.903413205737444,-9.455076323484072,0.7899196487755953,-1.8308022239608897,-9.982989812942968,3
86.20905178979437,8.711679020837575,-8.316956936994428,-9.783356551681546,0.85629407457188,-1.8547335569483168,-9.597365639130905,3
86.22572988068038,9.821108327903376,-8.714110613920658,-9.99476108350165,0.8553607873959391,-1.811047098979673,-9.172396940766314,3
86.2424079715664,10.849600818930107,-8.798085403590981,-10.255334403158967,0.8459257673019884,-1.8185875963086215,-8.70498186298406,3
86.2590860624524,11.762751508543143,-9.092304056981412,-10.420604289828624,0.8749366624489566,-1.8196290609500403,-8.218402116074442,3
86.27576415333841,12.57908017124905,-9.197495042812989,-10.421896645092266,0.9026734933921328,-1.835169860049343,-7.746595923123897,3
86.29244224422443,8.928782636320395,-0.3399528397180487,-0.2575312519478219,-0.0529176877464908,-0.19848741190802197,-6.280583411114253,4
86.30912033511044,9.08613057194765,0.26669856508395595,0.44434973994398685,-0.11013110586890108,-0.14114551815399548,-5.677529158211464,4
86.32579842599645,9.651813818260436,0.6321416091978849,0.7822765363362674,-0.1539378628030795,-0.06880725196812701,-5.050792005349133,4
86.34247651688246,10.16077694764419,0.8309488922207691,1.0037099313695217,-0.159238222949312,-0.04671762043977295,-4.455152480875599,4
86.35915460776847,10.91536197163875,0.6901700410573555,0.8866462952883367,-0.1458136292575274,-0.04753011379082873,-3.849276000834287,4
86.37583269865449,11.631134439502713,0.6239100546150187,0.8111393395449062,-0.1363512182180225,-0.034787574750407536,-3.2454108767903196,4
86.3925107895405,12.296326392632093,0.468669072327784,0.6626484817307712,-0.11600259780070986,-0.07916401130683311,-2.7260624291802316,4
86.40918888042651,12.992390260505104,0.25352169668451063,0.48395295730631105,-0.0943143908588247,-0.06644465304248814,-2.179080755729113,4
86.42586697131252,13.804524040426852,0.02199339001999867,0.36105027132763734,-0.05870856489825841,-0.04327954717434738,-1.6713490190034916,4
86.44254506219853,14.686485596486417,0.11148090756411921,0.31609135403172495,-0.048859405754500915,-0.014639967706332482,-1.2352210733379791,4
86.45922315308454,15.598263051434671,-0.12371521413261544,0.1581238727448504,-0.057203713007373265,0.004828086529781264,-0.8061966487206613,4
86.47590124397055,16.04653653945221,0.14081172318435353,0.5732209687913628,-0.04597709849410609,-0.03560774041532709,-0.4100151370462564,4
86.49257933485657,17.081678667827493,-0.21856285017004584,0.22837005104045627,-0.013038260762292449,-0.026535154962131272,-0.0016215574676127563,4
86.50925742574258,17.84677579858779,-0.2791973893046098,0.15731523606426823,0.0010584282105376725,-0.014097099886257689,0.35397753238297197,4
86.52593551662859,18.629912049565768,-0.45394435276595235,0.05267383250291946,-0.03736103974648358,0.0025028211981323,0.7642617616593632,4
86.5426136075146,19.306323660524885,-0.728809762306339,-0.19530592186662332,0.010530703030488345,-0.042631095777459486,1.0808711051927438,4
86.55929169840061,19.904993004639856,-0.6855567391286437,-0.16527329557039838,0.018913079683402844,-0.024329406046223086,1.4445176094402286,4
86.57596978928663,20.427571414980285,-0.7887239688480827,-0.25579683083298477,0.018772417297730225,-0.013727501306647015,1.7495297018409963,4
86.59264788017263,20.945868565265137,-0.6146130279039523,-0.10495238725843681,0.021317752386819433,-0.0241312499478248,2.0437203231558376,4
86.60932597105865,21.6524831903951,-0.7268150789193735,-0.22430098864989922,0.047811089397377715,0.005549099822355695,2.267656992345163,4
86.62600406194466,22.244788475962668,-0.6729430311050804,-0.13982439471940467,0.014140760609111836,-0.0034142520061136838,2.506312768294068,4
86.64268215283067,23.034563803454784,-0.8293652925616977,-0.2285793153312241,0.046705037994456584,-0.009741390460083476,2.7412134982938197,4
86.65936024371669,23.653433987989047,-0.9203683617550809,-0.31177365925733636,0.054889201739575455,0.0001367834863476579,2.951669749653554,4
86.6760383346027,24.30549103602652,-0.9234029056609332,-0.19238853803012024,0.030375198276036568,-0.026404526395387883,3.123227974677683,4
86.69271642548871,24.948700121858735,-1.0199166516472227,-0.2192850543384406,0.04370114459728465,-8.608417716426234e-05,3.3136603595348935,4
86.70939451637472,25.51737236277075,-0.9446526820037633,-0.13087240204600725,0.02413688642683749,0.01313581262205832,3.4779478569528433,4
86.72607260726073,26.183810271367165,-0.9890755398108091,-0.26011266792179555,0.04936846800258438,-0.0009132215185717169,3.597606508925398,4
86.74275069814674,26.90263496254323,-0.9896349633764006,-0.2714916907644884,0.03859777996693401,0.007606422135661426,3.71809579152567,4
86.75942878903275,27.397252327989897,-0.9257138502095685,-0.19876123179858318,0.03618697694523154,-0.017558570714832914,3.824085308863265,4
86.77610687991877,28.06633423709924,-1.1137808675423857,-0.31516399554419294,0.0422588518771982,0.03277737949559561,3.9139643388857612,4
86.79278497080477,28.681373001834082,-1.0078363604552987,-0.32670606057357077,0.07445400687637448,0.008357963585233746,3.993009963739154,4
86.80946306169079,29.571689701213895,-1.1454811497369946,-0.4370282839551951,0.05047908916177416,0.017419005953804644,4.074912205924059,4
86.8261411525768,30.280590147097755,-1.1550027224245731,-0.420060005611683,0.05709644947126879,0.01856829336672666,4.111937249955476,4
86.84281924346281,30.959708826098968,-1.1241559010658495,-0.36763576027039235,0.052744467546569175,-0.011577628571191947,4.134394598632107,4
86.85949733434883,31.629039982441796,-0.962141672446144,-0.17880368543393566,0.04155746148859767,0.021767934558018377,4.163205923100451,4
86.87617542523483,32.59142854807369,-1.0691503963275544,-0.3801082489968639,0.03059181050458178,-0.014978433885887266,4.196108515108784,4
86.89285351612085,33.24306194198796,-0.9072453215772267,-0.2567374784056451,0.029745248031889535,9.868517498177352e-05,4.189956440367481,4
86.90953160700685,33.97888012150747,-0.8890039358626414,-0.25854818396549817,0.06112872299195405,0.018221237612828914,4.184232720571296,4
86.92620969789287,34.92581341982459,-1.0310927548451012,-0.4681130216079197,0.084104287550928,-0.012413829920796555,4.171164372179777,4
86.94288778877888,35.53606132045022,-0.8490613314387954,-0.3376500503584978,0.061202671783827683,-0.012396219073553438,4.181851214146586,4
86.9595658796649,36.213809497494275,-0.836386109107865,-0.2418099277843062,0.04887269518144848,0.019519796797798278,4.192719678071489,4
86.97624397055091,37.009695561405344,-0.8542552208532559,-0.2760475869329646,0.04246685148556402,0.01935573851416162,4.193117921533851,4
86.99292206143691,37.60142556796545,-0.7049618350583184,-0.05622643427428464,0.015626583836727496,0.0029132214460228247,4.2183772686622305,4
87.00960015232293,38.67322450597971,-1.0224745288728023,-0.3344663719117875,0.023856786012923153,0.005802786986366103,4.213668404220469,4
87.02627824320894,39.49787679996473,-1.0238518959474519,-0.2964804707325541,0.013404653364632833,0.03837622916074261,4.237556199028001,4
87.04295633409495,40.24950762750334,-1.0047044096304543,-0.2797865086096465,0.044502402142817456,0.0196185424178791,4.233405085687132,4
87.05963442498097,40.9342321874101,-0.9578670962868632,-0.19203179793545821,0.02256763192587646,0.016349621680185705,4.2314686868654885,4
87.07631251586697,41.73195885800114,-0.937416760750903,-0.1505972341640529,0.04077077493845705,0.005584574527629427,4.224426753300363,4
87.09299060675299,42.58836160173118,-1.0139682274839465,-0.24292550361342968,0.06543058654396922,0.009084320486817241,4.225816889400428,4
87.109668697639,43.12510454875369,-0.7543064226287068,-0.03301757978815267,0.004863032278529297,0.010032472389832868,4.222098118153976,4
87.12634678852501,43.944059150931054,-0.9566051192164373,-0.20231953523305357,0.04447537741096481,0.01627343538404497,4.226601430763155,4
87.14302487941102,44.60438133369807,-0.9505229361288716,-0.16977019582196462,0.07279072720209694,-0.001990363433807173,4.186537193808073,4
87.15970297029703,45.14854352598021,-0.7845307723654038,-0.089118386567554,0.02461803683540072,0.009583638029332047,4.216175162673966,4
87.17638106118305,45.75139478760379,-0.8425221458737457,-0.06607131339517025,0.020933157408307125,0.015403801151623844,4.207895976352238,4
87.19305915206905,46.67267445721573,-0.9646907491759507,-0.3431231379448292,0.02113916251271777,0.04066857788972302,4.241388141870396,4
87.20973724295507,47.21289803009183,-0.9152201148286991,-0.17349924418027562,0.04453360968790279,0.016248461213681606,4.1984567718077,4
87.22641533384108,47.72267751974262,-0.8737145356501017,-0.040102509887084636,0.05480903087183963,0.03109995341449226,4.22637814424149,4
87.24309342472709,48.21198210265432,-0.9741796141959025,-0.13265716847490872,0.05285411455128952,0.016884614039965277,4.218773615831837,4
87.25977151561311,48.83963215450277,-1.026202461670131,-0.21201699901001447,0.08020155491103877,-0.03280042925232915,4.194013417040623,4
87.27644960649911,49.044260749045506,-0.8165265298395088,-0.005346356769649674,0.014863345955246493,-0.0051275119589803825,4.236431380038653,4
87.29312769738513,49.3718023364448,-0.728985023960794,0.1966372255573674,0.0015811232419635328,0.017747310208431052,4.248700817259362,4
87.30980578827113,49.969123807341035,-1.0555357233997942,-0.10141947394746786,0.03415361539500041,0.022460187871221067,4.215753742207301,4
87.32648387915715,50.27659318589849,-0.9284530927246095,-0.11567873029155074,0.02847404779639638,0.00808224013853321,4.198109413399893,4
87.34316197004317,50.52945153835418,-0.7751903397061373,-0.010379971963040191,0.005985276339792511,0.0018713882776885153,4.219559911688648,4
87.35984006092917,50.864616206334574,-0.9289397540316866,-0.07112920538795464,0.04130758910422542,-0.0013781186508989396,4.166164816710886,4
87.37651815181519,51.06211528063754,-0.8368765838234182,0.052794535653188035,0.026507736575307802,0.01276836455738839,4.183165457841463,4
87.3931962427012,51.59679033942327,-1.0310163019005714,-0.2144717871108881,0.0213586597111776,-0.013418127632313374,4.167725570875578,4
87.40987433358721,51.79003239449751,-1.0480172283948654,-0.07663517794210861,0.02848121111263902,0.001529379785088509,4.182642383509895,4
87.42655242447321,51.9494893000584,-0.99797855950289,0.018311580857321985,0.017660786887047884,0.008393288317364196,4.157707041048568,4
87.44323051535923,52.21912719026355,-1.1723886870670501,-0.1465021297297966,0.03377972872751232,0.012276367040356343,4.118514332093048,4
87.45990860624525,52.301324572607136,-1.1019259190497657,-0.07606843512618866,0.0064482993484034495,0.033000587001589775,4.129349604331226,4
87.47658669713125,52.42338794153582,-0.9984620322088169,0.04320879240439268,-0.0026081884452806166,0.0016354076581943202,4.117925133226491,4
87.49326478801727,52.74180435317328,-1.201552846135023,-0.13783117922202948,0.023761339022204956,0.022160332343946952,4.104983912917496,4
87.50994287890327,52.67136052554766,-0.9548814650145125,0.11221955130399053,0.0006696766731526304,0.005631257981575361,4.087944049684407,4
87.52662096978929,53.040602694570694,-1.2306470812040455,-0.11276588460921033,0.007604157901703367,-0.0031320902350416946,4.07377943837153,4
87.54329906067531,52.97254925157101,-1.1578256064336685,0.09002746865345301,0.02271737554584765,-0.005637626313288362,4.021937510349885,4
87.55997715156131,53.116783549682054,-1.2799966774698728,-0.030637341275252084,0.0257864277109579,-0.014605338227500406,4.005793683964768,4
87.57665524244733,53.049495624442685,-1.0786302870928122,0.21625255474418026,-0.01032225541214296,-0.004875219335282962,3.9658493809300404,4
87.59333333333333,53.39809866522191,-1.1686659490412268,0.03849707185666773,0.03142987762941653,0.024261355652949932,3.8901279711076966,4
87.61001142421935,53.36859511998275,-0.9905465018555901,0.17903047915703496,0.010095198215175964,-0.006810520348460917,3.8101821365909117,4
87.62668951510535,53.56320960133326,-1.047692115841702,0.09482576968051859,0.02582780872210753,-0.019857187745218854,3.716303145411191,4
87.64336760599137,53.675288369004804,-0.9148302887512418,0.2121277828928676,0.024103910501333037,-0.023175334158671845,3.6433225958998765,4
87.66004569687739,53.799031835507655,-0.9277487567569285,0.26259914221980196,0.0018478092447043336,0.01816173097996503,3.575396376938673,4
87.6767237877634,53.94980636059385,-0.9154342041795172,0.3133975960640889,-0.010665050134831497,0.0015074214169645008,3.508613014178504,4
87.69340187864941,54.03369823711347,-1.0279609616496543,0.37946561347365204,0.009764464957444124,-0.015056651192178565,3.3926336013006213,4
87.71007996953541,54.14254327347609,-1.0289907543719181,0.3734664148310678,0.01095853926933076,-0.020831309559298135,3.289646513757479,4
87.72675806042143,54.5652272952354,-1.378495093676566,-0.09455245795504652,0.02334793288892028,0.025441671616761547,3.2166562128278215,4
87.74343615130745,54.22082780312313,-0.8944718429081746,0.43123118138591465,-0.00539663059398357,-0.015242182621345541,3.102008065952962,4
87.76011424219345,54.47916603238121,-1.0907399677699576,0.18753928154799127,0.007976429405359772,0.013008863975264783,2.9996438327914943,4
87.77679233307947,54.26890974002955,-0.8385600530431763,0.3875501686876426,-0.009601305461787904,-0.0015088340501839739,2.851305503336935,4
87.79347042396547,54.307580549559844,-0.7778618063765421,0.45008600893350703,-0.03656110069401727,0.010872003489303417,2.7336054330980892,4
87.81014851485149,54.33274605440368,-0.735052660813377,0.41318212369941776,-0.018009151947464854,-0.012653178923989504,2.571932488766997,4
87.8268266057375,54.17763998072099,-0.6296881946480006,0.6016695632179712,-0.024487286923559497,-0.021477199999158654,2.4426040707469268,4
87.84350469662351,54.14555917669446,-0.604232549215153,0.532631080469109,-0.03589717755345892,-0.0006589803734373819,2.3222763348232363,4
87.86018278750953,54.023232986674785,-0.6640799586063189,0.5087101761132153,-0.03058968265416919,-0.02955979974074637,2.1410755138261446,4
87.87686087839553,53.962136141668196,-0.6721415840361296,0.38625916511705327,-0.0338900741465349,-0.05408003902746917,1.998549047756866,4
87.89353896928155,53.793359739432766,-0.7308693155374648,0.367473742906121,-0.015418445088096398,-0.013655806398038726,1.8589831710641995,4
87.91021706016755,53.40938311132773,-0.6025467540892873,0.4381260890592138,-0.04635466186778584,-0.03142630711184044,1.7092992199998982,4
87.92689515105357,53.0842937818006,-0.4455146818162561,0.6466848012079858,-0.03957238449275075,-0.06091060694329422,1.569333892957682,4
87.94357324193959,52.83096938277291,-0.4724954977890192,0.5889589026470858,-0.05161035651139538,-0.022427000659529482,1.4270131121658036,4
87.96025133282559,52.41805166457608,-0.34818942872408165,0.6984721982562903,-0.06459995181461987,-0.015925284297133333,1.3001318265378508,4
87.97692942371161,52.10268284746993,-0.37326545228943786,0.6290528334035219,-0.026434179572061196,-0.0034683132710068756,1.164892784319676,4
87.99360751459761,51.886286230405005,-0.5391335837908713,0.49393988647323184,-0.039284034830563704,-0.00983474507193248,1.0453346331082358,4
88.01028560548363,51.27761872427136,-0.47790684271110706,0.5471770720931701,-0.04036634234767886,-0.02030536455242389,0.8971117636817058,4
88.02696369636965,50.82938266197817,-0.47094088177605187,0.584781056566209,-0.0341134347590707,-0.04167893077667721,0.766180104827448,4
88.04364178725565,50.0887064606347,-0.34703271099871813,0.6639977596403988,-0.0787157795359967,-0.014724002689383483,0.6581357451160326,4
88.06031987814167,49.815802094921864,-0.6197395753531652,0.502891583760471,-0.03920903864459548,0.0019637858092980127,0.5200727625446193,4
88.07699796902767,49.28047913291832,-0.5014448562320606,0.5515116268980531,-0.04690042439030641,0.005422200553489089,0.3956272895518549,4
88.09367605991369,48.67000914261797,-0.4326717926442498,0.6843811048069366,-0.0382123731353604,-0.011510731704911695,0.2772975691861295,4
88.1103541507997,47.971515312609306,-0.19699743437655215,0.8066619674747582,-0.08007154267875707,-0.018954558953945426,0.1826528400032391,4
88.12703224168571,47.34473823966056,-0.1139676040221147,0.8092476435516254,-0.07451659487482555,-0.021502834871400898,0.04859217889923178,4
88.14371033257173,46.82212971675732,-0.2079989862531022,0.7540374964361067,-0.07820503621597588,-0.010102651776161176,-0.054520625498739,4
88.16038842345773,46.21839417005879,-0.12027363375331213,0.7461354869477859,-0.08222401274759314,-0.020893454739353036,-0.15614081504651323,4
88.17706651434375,45.65756125031072,-0.2829013418380093,0.6737064308643657,-0.06617616596625167,-0.0024229358430413782,-0.2737329725177773,4
88.19374460522975,45.02380881292139,-0.2149392811043498,0.7695800228178502,-0.07559746137123975,-0.029495247758130082,-0.388245531281141,4
88.21042269611577,44.18610267328019,0.033410078045399416,1.0277505812486947,-0.09658626404090159,-0.026644165311205423,-0.47016043614665287,4
88.22710078700179,43.859130092881344,-0.17567240273563378,0.7810092636594028,-0.07969679369350917,-0.028884780061779768,-0.563692851287299,4
88.24377887788779,43.418820760630275,-0.311005563657476,0.6847674993158854,-0.0546006302402399,-0.04507968790864773,-0.7252702211082229,4
88.26045696877381,42.65029987599273,-0.0694670556872925,0.9254039169549397,-0.09868255207853732,-0.010083145945904216,-0.8139546727982389,4
88.27713505965981,42.12185406714844,-0.11293585180399113,0.9042120014854635,-0.09910527881118245,-0.028325981275261907,-0.9209485189181416,4
88.29381315054583,41.63266325073243,-0.024531924240331904,0.9150325876594145,-0.0759513479322545,-0.046044681856915674,-1.0430090072161078,4
88.31049124143183,41.00062099128674,0.19335998426749157,1.0971097775400658,-0.1122673568046611,-0.025007209801000435,-1.1365219454969722,4
88.32716933231785,40.568993255959256,0.1782315728141768,1.1630971973283373,-0.12032167832714674,-0.027747506077454312,-1.2796624341706326,4
88.34384742320387,40.39566169652169,-0.09364515636921489,0.829711715673195,-0.05142546880833762,-0.053365900552962246,-1.4288896421016206,4
88.36052551408987,40.06231808022964,-0.023678981703644908,0.845123528926468,-0.0700293806545666,-0.03745352500879527,-1.5458424303983112,4
88.37720360497589,39.4676139096679,0.22129145962552954,1.069831981065036,-0.11848889844865916,-0.05390432503934542,-1.6379396371556851,4
88.3938816958619,39.21363444366389,0.15215358626755382,1.016457936446395,-0.10284980312580791,-0.03265373748135865,-1.749256426341787,4
88.41055978674791,38.99205073038643,0.06475979866073267,0.8333071630682785,-0.12495324021561366,0.0013011424899964455,-1.8430943038968957,4
88.42723787763393,38.686957823454804,0.09537651465450736,0.908696844979513,-0.12421907589764238,-0.029018836502491208,-1.947560008111957,4
88.44391596851993,38.27383779200248,0.2344030532090411,1.0350248489109468,-0.1168118055331785,-0.027466320603562768,-2.0435765035963818,4
88.46059405940595,37.90249285175617,0.44215081294018255,1.1756288035664877,-0.13792271099407138,-0.045327010000957686,-2.1368574169245966,4
88.47727215029195,37.748615829459055,0.2373579053900574,1.0158410119274244,-0.10954482297297466,-0.017959685926221054,-2.239529077255701,4
88.49395024117797,37.70953594011308,0.1047499911439509,0.8829830280790816,-0.11845614064528105,-0.01182197071773838,-2.313922666269687,4
88.51062833206397,37.24629684030216,0.31688648510307793,1.1245343854783414,-0.1430213380948348,-0.006927462192138426,-2.376585756966322,4
88.52730642294999,36.92758941047994,0.4231948405637276,1.1827358467512923,-0.12433427745261648,-0.02496621118064318,-2.4492192901950713,4
88.54398451383601,36.86058663766593,0.43557975098852175,1.1240700034960138,-0.13256911787287387,-0.023051122920552586,-2.513648848485221,4
88.56066260472201,36.663205316985014,0.3196504508090996,0.9391807894052704,-0.12131270772015285,-0.03892034887947911,-2.5783634731617813,4
88.57734069560803,36.3707695264792,0.3259142036729088,0.9230572065649056,-0.11690132423817212,-0.03356494396876795,-2.6129506433212106,4
88.59401878649403,36.16762894953106,0.38265350183056945,1.0372725633766482,-0.11400330026492539,-0.040964941761201454,-2.6180213647104664,4
88.61069687738005,35.7157155796821,0.461014597919128,1.170094976824707,-0.1453571754976714,-0.016099275521043434,-2.6197810570138627,4
88.62737496826607,35.60828133653578,0.5281720387187345,1.1435812759746824,-0.14922872556447161,-0.03013031183644665,-2.62150811970084,4
88.64405305915207,35.40996157905735,0.5645004034636116,1.147451208373349,-0.10907783541642006,-0.05804737296207265,-2.6546149784717197,4
88.66073115003809,35.05952212307849,0.5382000062030485,1.2417043669023062,-0.13206105622501926,-0.03660637112731475,-2.652316985202091,4
88.67740924092409,35.211871500252116,0.19356334632305483,0.86291167841493,-0.11067795385985774,-0.005015281669059742,-2.6386705554949184,4
88.69408733181011,35.16086217535484,0.12074486007683483,0.7743065141040475,-0.08075922392891041,-0.025633482711286754,-2.647311481045426,4
88.71076542269613,34.82586407943809,0.27357493174060643,1.0126670580585575,-0.11713912182656143,-0.0011942266786888853,-2.635576976946589,4
88.72744351358213,34.62321826787171,0.36469999571805545,1.022819573905812,-0.1324613849106067,-0.04311806760837483,-2.619638501260882,4
88.74412160446815,34.691404384102235,0.25470019684965983,0.8995087697218427,-0.11330466805647275,-0.018850186796398914,-2.6006869972042006,4
88.76079969535415,34.64401218925661,0.31342943094178466,0.9112133582444759,-0.09148146698462492,-0.019149738381463464,-2.5974798875893894,4
88.77747778624017,34.633802720328035,0.2419308545669967,0.8983343660842493,-0.09177299846164239,-0.0274620259666393,-2.5936677268350996,4
88.79415587712617,34.58482106336414,0.21217934691111573,0.9068406477747448,-0.09036153897669949,-0.02860067663777537,-2.57281122164062,4
88.81083396801219,34.54895875132114,0.2021870457599988,0.8694861127104492,-0.09982250139944106,-0.05544673155104382,-2.5444886253142496,4
88.82751205889821,34.622832493111794,0.05924437638305946,0.7482233138264256,-0.09806576701641545,-0.03951479748886409,-2.5284225481511595,4
88.84419014978421,34.627570508619506,0.14133985752627787,0.7438617508501277,-0.09959862919257945,-0.044839920911560596,-2.506894261464073,4
88.86086824067023,34.742095541045764,0.07340635733291911,0.7433643596020989,-0.08490609626950218,-0.04623367819381844,-2.493027217361888,4
88.87754633155623,34.72884885214885,0.03917840057783728,0.6818166459878938,-0.1066241858618006,0.0026341588661024104,-2.4111009096640057,4
88.89422442244225,34.69895566491677,0.07702045026900706,0.7428232743295347,-0.10093895710418982,-0.012191567373119303,-2.3674188183490794,4
88.91090251332827,34.57266475838068,0.254315663896465,0.8872460082525038,-0.12008927695884074,-0.04538402037289112,-2.3052976201413378,4
88.92758060421427,34.77100996840103,0.06656486652081917,0.7509408845239278,-0.09099013496386485,-0.03372500479206718,-2.2522833692295987,4
88.94425869510029,34.763502737148116,0.053536658059368136,0.7256614967931476,-0.06424049723531522,-0.03126546203187119,-2.222214087646709,4
88.96093678598629,34.68691963165989,0.22023209759983864,0.8606625055639441,-0.09559896051967867,-0.04117152118952446,-2.133310421606039,4
88.97761487687231,34.859174660983015,0.0799531010422232,0.613743872219155,-0.09873715813996241,-0.02184738151748125,-2.0718535349937426,4
88.99429296775831,34.80720429955708,0.19838517839112946,0.7587045995817512,-0.09555869673278948,-0.037784278387119404,-1.9985041850927747,4
89.01097105864433,35.00816706702741,0.16409243007359642,0.6862077746161734,-0.07363881749416509,-0.055149266073986944,-1.942641001743473,4
89.02764914953035,35.048474207113316,0.07000660381895152,0.6320708271977811,-0.10016762443914709,-0.01915665013484166,-1.8682413378531697,4
89.04432724041635,35.07799421625775,-0.039572489687802914,0.6777208034721003,-0.09163289917663628,-0.03571521201391591,-1.8300751173238394,4
89.06100533130237,35.24066628629383,-0.028157084311271063,0.6477598515906937,-0.10155014492388255,-0.015740201878891,-1.7302809750434764,4
89.07768342218837,35.34330994906257,0.14965895262456286,0.8452937267163954,-0.11558361325064787,-0.03797631459740815,-1.665945031045961,4
89.09436151307439,35.47906015459895,0.2266544440295739,0.9432211658726839,-0.11455863412811815,-0.030812763713696744,-1.600408919044126,4
89.1110396039604,35.96139248008532,-0.059767395604918505,0.7485627176849974,-0.07291404910350847,-0.04673143400792994,-1.5562438865732944,4
89.12771769484641,36.38477191264524,-0.12807864372371291,0.6849794392365176,-0.0596457672329037,-0.028934856685856502,-1.5216652245289097,4
89.14439578573243,36.76143871916925,-0.1772720029867596,0.5286560132355298,-0.08923667464021683,-0.03711537974826353,-1.5053717802388475,4
89.16107387661843,36.92292931162318,0.09345529186336243,0.7516711076011262,-0.10910752494494742,-0.014359812206901143,-1.4165182149303637,4
89.17775196750445,37.3358179459091,0.11456814978681962,0.7457498869544263,-0.0781599953036802,-0.047669077562713706,-1.4032956788088504,4
89.19443005839045,37.73817398443267,0.1486713958424275,0.7302520411390265,-0.07594441726839976,-0.020585537443776322,-1.3344829988925255,4
89.21110814927647,38.138130042252925,0.1317823477477944,0.6826047061600793,-0.09055510176992193,-0.011594362924993544,-1.2975451804526403,4
89.22778624016249,38.652493300769876,-0.16059427119873249,0.46896644224445083,-0.06719525574278386,-0.02600869340003297,-1.238975299051145,4
89.24446433104849,38.828903779420685,-0.13375072222951445,0.6579947134698472,-0.10541351622690542,-0.031231516213914373,-1.11588033749364,4
89.26114242193451,39.035572223574086,-0.2965678991613174,0.6073347000046638,-0.08111563562061731,-0.03289972622707585,-1.039702924512422,4
89.27782051282051,39.32725785294969,-0.37457965111176783,0.5113472583536289,-0.06032410926929442,0.01873961153489251,-0.9349644465252748,4
89.29449860370653,39.51487534955926,-0.31368315688768966,0.6431377545469825,-0.0880813113153622,-0.018357546306095932,-0.8421095666721936,4
89.31117669459255,39.63056707578212,-0.19734382161785113,0.7021633471703534,-0.07022794393782181,-0.0460214434121665,-0.7193635705407844,4
89.32785478547855,39.96515542638041,-0.3388872780095902,0.5445061070189485,-0.06615850604523901,-0.027906259300824337,-0.6466864514304268,4
89.34453287636457,40.15544348517547,-0.23585435480802452,0.6298649165540393,-0.06050366995761053,-0.017010049639857937,-0.559660269380031,4
89.36121096725057,40.62648918645266,-0.42500560068616977,0.39707066258333157,-0.05290507533330484,-0.043996399638819836,-0.47462111356948866,4
89.37788905813659,40.83444979840626,-0.34510575271409927,0.55526204923755,-0.06031015251194948,-0.03466809474693509,-0.4178881011953269,4
89.3945671490226,41.06955312473032,-0.22465610113783718,0.7013453183282401,-0.06267230381533719,-0.047582139496340756,-0.35231464262894985,4
89.41124523990861,41.59577372318212,-0.4264683543773149,0.5323192029537278,-0.0540410367801191,-0.045871806910755944,-0.3118311467642893,4
89.42792333079463,41.7502251435582,-0.13721362391432734,0.8199216320210123,-0.048382871873361294,-0.05210622890502043,-0.2316914040441379,4
89.44460142168063,42.298426255925065,-0.3375040889598928,0.6120588887343157,-0.0644714582660429,-0.05678317013570211,-0.18214776062053842,4
89.46127951256665,42.572506092704344,-0.24178165674895702,0.749904699654067,-0.05898880269281178,-0.04116195096667156,-0.10955393712177865,4
89.47795760345265,42.82126319225946,-0.0952549127172837,0.8292755035446735,-0.052989358696343206,-0.018282153872795404,-0.05064883842065023,4
89.49463569433867,43.195796253784934,-0.17700516884965012,0.7386695234698628,-0.024264022936555885,-0.02908957266870646,-0.008508151290024617,4
89.51131378522469,43.48209768433086,-0.22011855503955324,0.6603197438660562,-0.059199660370798775,0.00015688065447307928,0.06212736227515442,4
89.52799187611069,43.80443405948798,-0.47449020768585015,0.2724953831384216,-0.0326693490634185,-0.008770995722607876,0.1654146191450875,4
89.54466996699671,43.82261369517725,-0.37728781334930694,0.3942998585020199,-0.03667704571248149,-0.012942750838634283,0.24715756023776442,4
89.56134805788271,43.86019042667736,-0.23444882792675514,0.4826144179945313,-0.033588543125307554,-0.04877277998855112,0.36549052865675374,4
89.57802614876873,43.70503556519377,-0.14711627961828455,0.7325530987082036,-0.08218129458099549,-0.02195635421736426,0.4727285598475453,4
89.59470423965475,43.87165118674635,-0.25609434935561204,0.5874326465589075,-0.050918534554411435,-0.02689169500234045,0.5606009925221649,4
89.61138233054075,43.78198594472963,-0.2211187325331796,0.7272158122860652,-0.06508973089198368,-0.028836059049597105,0.6557401670209464,4
89.62806042142677,44.17663803730764,-0.6744539951658695,0.2580163727798688,-0.06217548405474281,-0.02808829402036744,0.7653760249543917,4
89.64473851231277,44.17893623470238,-0.6633025716388055,0.21724764722659273,-0.026016868134412334,-0.03595055913667543,0.8415395466701618,4
89.66141660319879,43.995433004983965,-0.47372557393512515,0.37793638394037643,-0.009550458488860688,-0.0071781337530472675,0.9674079835151339,4
89.67809469408479,43.94463532166681,-0.4417920990169133,0.46809482645882383,-0.04713813166564241,-0.03944147328485354,1.0625004787534125,4
89.69477278497081,43.89078591931325,-0.47789596903900033,0.44969767880921907,-0.05546197755838432,-0.020858423416455062,1.1541626757599215,4
89.71145087585683,43.800337511684475,-0.43838374546600534,0.34985093969581094,-0.04267542080608152,0.002375217245397182,1.2443185666817898,4
89.72812896674283,43.46871946817592,-0.29792746868674413,0.5066023557444339,-0.040320720220239005,-0.021264843143189247,1.3478869640277065,4
89.74480705762885,43.21928932478332,-0.41609130911396797,0.39631517244303716,-0.029742590470036526,-0.03027256400738307,1.4582293732869467,4
89.76148514851485,42.89175530354983,-0.38621553656229146,0.5107106289281944,-0.04190747107778231,-0.002817304957633816,1.599932110183935,4
89.77816323940087,42.65639094198062,-0.5122282487361804,0.19273795726079257,0.003280673811810285,-0.015596588128896381,1.6958124553746297,4
89.79484133028689,41.98973967888945,-0.2721243854184223,0.4784727069431991,-0.047094780679782365,-0.033864242313527235,1.8312031569889877,4
89.81151942117289,41.51814857213229,-0.38843600682116275,0.4346812189795344,-0.05212893948561666,-0.027715052489827138,1.9400987135374117,4
89.8281975120589,41.216470891782606,-0.5975175701433653,0.20341211127421133,-0.003212393616153069,-0.007361511340632362,2.0670261251085615,4
89.84487560294491,40.515482982691466,-0.502712125673261,0.30083159275430305,-0.05264318984869405,0.010141987714056262,2.194821461528189,4
89.86155369383093,39.85086469463608,-0.4595926119044762,0.3583951241494443,-0.010442582715755091,0.03251137296804149,2.3178883509121255,4
89.87823178471693,39.38942675215671,-0.5465377950287742,0.20365952061604276,0.010023305185384123,0.023259445781620834,2.422867437338262,4
89.89490987560295,38.78432757095265,-0.5979245256781667,0.21712828570176512,-0.007660978709575,0.019921977536040796,2.538372629875084,4
89.91158796648897,38.09957634613847,-0.5778467574902084,0.19615638990956263,0.0046175087558801295,0.005013681755774017,2.6364900499353885,4
89.92826605737497,37.50521954932149,-0.7826365840624732,-0.03498287126847721,-0.0007436874224192265,0.001383655631338124,2.716145863063384,4
89.94494414826099,36.73241589750533,-0.7052949762549758,-0.023582536101272922,0.02693709791277698,0.009460354271630701,2.817835064536257,4
89.96162223914699,36.13500715888074,-0.8459691740676067,-0.18975585673916484,0.027864593829142886,0.008161812147587924,2.9016850747881753,4
89.97830033003301,35.11665699231631,-0.5038070497803844,0.17624645560186103,0.020846884633346024,0.02394027026344763,3.0045682972385004,4
89.99497842091903,34.29186972752025,-0.5556350947292863,-0.015319746725394268,0.022814760938404385,-0.003943502554856566,3.0763677305328354,4
90.01165651180503,33.730571965852455,-0.8320226011629259,-0.27873793712329586,-0.00031473396675050575,0.005702721267224986,3.1432274398378257,4
90.02833460269105,32.843806758436216,-0.7621939201333365,-0.08982360098925213,0.018041368317532357,0.00024370601210898723,3.209604420000349,4
90.04501269357705,31.924310760336166,-0.5789659478680615,-0.06767414103412506,-0.005002826530081971,0.00503747293428603,3.2906092087240504,4
90.06169078446307,31.136272382785346,-0.7921306404322905,-0.2937005123437597,0.03505752263896123,0.013288651458264859,3.3589648241911685,4
90.07836887534908,30.18878247476468,-0.776451221659185,-0.2776316433628221,0.03797665877294283,0.016940340237341645,3.4019764766094776,4
90.09504696623509,29.36373511684714,-0.9217584810962034,-0.47305990336783665,0.029412520748264316,0.018310912910983287,3.4724227125877087,4
90.1117250571211,28.184476632199726,-0.7864034831568549,-0.2614960613344408,0.03813101961722543,0.0222568575065119,3.503940956205743,4
90.12840314800711,27.354881557081796,-1.0065584742189575,-0.6399584895356956,0.06948987430706159,0.03234838933227516,3.561311978920992,4
90.14508123889313,26.17109035954781,-0.9254238815920717,-0.5330253079338902,0.07229114328869587,0.03408358032762408,3.6156197359069377,4
90.16175932977913,25.06989345089804,-0.892103971695505,-0.5503594192341561,0.04659038689025846,-0.0009091041798145722,3.661021045983822,4
90.17843742066515,23.855854408507934,-0.8227560572778501,-0.4818177864124511,0.034056522000476215,0.05009245355330558,3.724249700905603,4
90.19511551155117,22.910898315971124,-1.069353401034225,-0.7156234458328123,0.08104396581516331,0.02615870766161013,3.759233936729263,4
90.21179360243717,21.64780991708394,-0.9662612692389558,-0.5267499304321079,0.0723988766879886,0.006990553747573189,3.8118001704336533,4
90.22847169332319,20.452657771505358,-1.081600612041786,-0.62406777700477,0.07202297472391074,0.05369227724152396,3.864488167760577,4
90.24514978420919,19.211646725398296,-1.0954924071953016,-0.5888818221562735,0.06831256851103354,0.048823082689811226,3.920172944890457,4
90.26182787509521,18.170814957053665,-1.2051137279578086,-0.8141389620707686,0.07435709830316463,0.024171537602893107,3.91683518577978,4
90.27850596598122,16.798229971495577,-1.1021568810493436,-0.6144294363094636,0.07406931130736474,0.032404094045737415,3.9238541413393673,4
90.29518405686723,15.711669611860788,-1.0614360046303775,-0.7466049412900446,0.08265399381122691,0.0538071520317809,3.951640162693225,4
90.31186214775325,14.338554471987928,-0.8444065929887139,-0.5241127241143531,0.055216641229676865,0.0751002270874374,3.979907538936007,4
90.32854023863925,13.342387985055609,-0.97835516369293,-0.8576648243123786,0.0808537022047691,0.06947753613955293,3.970988943738127,4
90.34521832952527,11.726767873463297,-0.5677966060712847,-0.3916950977998681,0.05295230714072629,0.019629212203417377,3.9541108182503053,4
90.36189642041127,10.75676837900437,-0.81125455636022,-0.6061670778534234,0.06537058698264485,0.06608181934299874,3.9683828495235596,4
90.37857451129729,9.465122833956006,-0.6560335954282523,-0.6057425480397338,0.07269407172168589,0.04135818515466215,3.943357520903747,4
90.3952526021833,8.350006171113886,-0.7726993929094101,-0.7178374447944944,0.07769748216958161,0.04940499617946731,3.944390189496341,4
90.41193069306931,7.099553461355113,-0.8675829443637197,-0.7932481756590453,0.06301665827421543,0.02092341918335049,3.9502350137778626,4
90.42860878395533,5.678823922105805,-0.6190388172098729,-0.540990291208792,0.08324160267695765,0.017314617728026317,3.945581311736527,4
90.44528687484133,4.742497264699025,-1.0618501693019553,-0.9870405432533735,0.12034533043006779,0.04818413367631019,3.9473600290707207,4
90.46196496572735,3.4644168809182885,-0.9966667442100989,-0.9960290834755503,0.1239491140315308,0.015459355835506441,3.928594726425983,4
90.47864305661336,2.019442955109022,-0.908169339185577,-0.8765047847339842,0.11128295758321516,0.04553589681001907,3.9400131669597127,4
90.49532114749937,0.6432237112137199,-0.7414829750041095,-0.8438876305885509,0.08735165873642926,0.044207285445408126,3.9351655741045164,4
90.51199923838539,-0.6057128456271346,-0.8666921147214038,-0.8840158949491912,0.07952616096117622,0.04629746185167036,3.917121502714717,4
90.52867732927139,-1.893829982339766,-0.7883747498982303,-0.7515545837994836,0.0739952747297733,0.033880942103488854,3.909204393380539,4
90.5453554201574,-2.833536790098737,-0.9865931545569149,-1.0492486580470308,0.09714523139851211,0.05124958357674504,3.908702361331764,4
90.56203351104341,-3.9582941659444413,-0.861504466993771,-0.9749584826493068,0.10116293240359571,0.04421444596436095,3.9017864960829645,4
90.57871160192943,-4.7659242823200305,-1.1312207869494921,-1.1896644585249698,0.1365888769858081,0.019571043241185065,3.8309488424060563,4
90.59538969281544,-5.988033939395439,-0.8409988134774897,-0.9410546695472508,0.10959717439337381,0.014768775841421432,3.7930098542492403,4
90.61206778370145,-6.973328024237091,-0.7487749839162163,-0.8382050170045319,0.0852516642612205,0.04413439132719828,3.7676520299098257,4
90.62874587458747,-7.683897170416842,-1.0021579870895725,-1.1201275391176415,0.1070338233538824,0.05842293301422688,3.7135349710163497,4
90.64542396547347,-8.652921789809943,-0.9154652769231812,-1.0531405455205538,0.10908999271120134,0.05752495556586688,3.6683811539656133,4
90.66210205635949,-9.658323743741077,-0.8097366793339358,-0.8856581704460109,0.0786759082718597,0.050471960573649756,3.601639199385185,4
90.6787801472455,-10.45644175450287,-0.808263432180913,-1.0142662986329318,0.08288960395661853,0.050983061661348646,3.535774738207568,4
90.69545823813151,-11.459836350312775,-0.7003845968038798,-0.9163201175504398,0.06493345971262053,0.02922470495272171,3.44785466313801,4
90.71213632901753,-12.084295998921496,-0.8745217389270312,-1.1206052098102104,0.08735405096788862,0.0400809833899069,3.3548263312640434,4
90.72881441990353,-12.905929261147087,-0.7910215234912483,-1.0854947263918007,0.09933114048030874,-0.006291226577723843,3.244241377776521,4
90.74549251078955,-13.768926911963032,-0.650722951036617,-0.8719113013466511,0.08253649147428324,0.007361791279010821,3.1593022961553507,4
90.76217060167556,-14.223037359970945,-0.7913064940194028,-1.1027898179800841,0.09550533569745458,0.0067797892316090935,3.0430983946377,4
90.77884869256157,-14.872058106451703,-0.7542805860737882,-1.0181193783531945,0.08368442473395277,0.0158816573264008,2.9349202793534412,4
90.79552678344758,-15.585900601495284,-0.5788435955782818,-0.8851423704779657,0.08677042540708967,0.017745325749189238,2.8078696572981983,4
90.81220487433359,-16.120862052444192,-0.5344483935592992,-0.888741928171938,0.046958923326024075,0.006114980222668482,2.6756783779819338,4
90.8288829652196,-16.569266587736916,-0.5999979553904442,-0.9004857783501867,0.08759195069326572,-0.01636917447840589,2.498238475287786,4
90.84556105610561,-17.028726803539094,-0.7107877068358563,-1.0109681678792901,0.07420071279085041,0.001459492774982164,2.3594717036597594,4
90.86223914699163,-17.448874167058133,-0.7473127352626037,-1.096449872261073,0.08406675713798803,0.020704219312915544,2.1779647294773197,4
90.87891723787764,-17.95869732347628,-0.7200233975835229,-0.9449040677727485,0.1060477336154208,0.02333612516367465,1.9906435105363958,4
90.89559532876365,-18.723222339325215,-0.29045933755341746,-0.6061518641781678,0.0562459450835294,-0.017619299803335434,1.7885858102895413,4
90.91227341964967,-19.14344619421404,-0.44682934517560735,-0.7894798591719505,0.06947685970186274,0.010106022633559239,1.5814970703382525,4
90.92895151053567,-19.479077082792184,-0.5340882943118626,-0.9322627635442533,0.0468434313082674,0.026884616069181355,1.3730045044460604,4
90.94562960142169,-19.9211161131087,-0.3444086725717401,-0.7928816744252867,0.04211738570197675,0.0033013897958770006,1.1503271177103553,4
90.9623076923077,-20.319747008047273,-0.44862981452606654,-0.8362178047415396,0.04138755196317369,-0.01260608912593688,0.8811387862476678,4
90.9789857831937,-20.708936498937767,-0.35534645417043986,-0.6864900083940162,0.035486840308893194,0.03808942320918533,0.6423085831552807,4
90.99566387407972,-20.916462602592137,-0.4794296857003255,-0.7730201339167282,0.029401172624018257,0.008830775935418832,0.3591654724537745,4
91.01234196496573,-21.12502948118763,-0.48762520083596606,-0.7846339940461133,0.05616055177692698,0.005663539100605469,0.07095173900244621,4
91.02902005585175,-21.581681339918465,-0.2566728201048418,-0.592671248399526,0.010317498893955068,-0.019430598703629925,-0.23364816895619103,4
91.04569814673775,-21.81755432203324,-0.127800067871239,-0.5292498954700227,0.016699187796419174,0.0010713460546736616,-0.5380831056092678,4
91.06237623762377,-22.088380160840323,-0.14599190796822725,-0.49010269608526436,0.012301453057454228,-0.014602415166021163,-0.8666847193620661,4
91.07905432850978,-22.39566684968205,0.1887322812394121,-0.28941935356203086,-0.004725620013334307,-0.015103816285739527,-1.2057878713025751,4
91.09573241939579,-22.58046266389114,0.26055993958956947,-0.1497673006659701,-0.051389073963183596,-0.017226007938687796,-1.5679360884471123,4
91.1124105102818,-22.47149059919996,0.1962300501130283,-0.2728010168424948,-0.030876079910928885,-0.029567655000252276,-1.963183069322963,4
91.12908860116781,-22.45598511673483,0.0404531683676046,-0.3805215476925179,-0.016015852684576157,0.010292705414594394,-2.3550085675791332,4
91.14576669205383,-22.48638925358742,0.08230193630323068,-0.34261028292394613,0.006259417237008988,-0.07186842894410421,-2.8148406816242666,4
91.16244478293984,-22.336977804404295,-0.3479255964393637,-0.6972156182550497,0.006588500945564284,-0.0676462868190996,-3.2341688543769265,4
91.17912287382585,-22.248450646802276,-0.5077082298368429,-0.849748505983345,0.04642845980548379,-0.14636817834608024,-3.7000563218880216,4
91.19580096471186,-21.984834795407007,-0.7303301373303821,-1.2099284118628848,0.05556667638963353,-0.11967291328189203,-4.166120680933,4
91.21247905559787,-16.685275795073718,-11.269808395553927,-13.212977974232691,1.14420403290829,-1.8517370645492848,-5.603711099583099,3
91.22915714648389,-16.680685245616598,-10.96556773986424,-12.911163595118463,1.0730549583666846,-1.8046962951437175,-6.048368646559571,3
91.24583523736989,-16.57187187457943,-10.681635554963847,-12.542726178840368,1.0810269544805824,-1.8373131159712521,-6.5097649050302335,3
91.2625133282559,-16.244616701809175,-10.580779618192484,-12.40643034465026,1.0643036405475914,-1.8170566307884013,-6.945003944388176,3
91.27919141914192,-16.24704511764434,-9.953347901468813,-11.859671185101647,1.024822543205824,-1.8197213938205854,-7.389417857713987,3
91.29586951002793,-15.815113662545322,-9.80218528608179,-11.73865784382355,1.0012085686252998,-1.8405041931957626,-7.837009464033063,3
91.31254760091394,-15.515092310425233,-9.433376755795301,-11.387644268776349,0.9753528619463069,-1.8271452989152195,-8.28310757981636,3
91.32922569179995,-15.25447497907803,-9.082031457106169,-10.959984040114673,0.936364780902473,-1.857913543866255,-8.726549940558101,3
91.34590378268597,-14.684701822844515,-8.84136918112904,-10.760908270075527,0.8944628177120691,-1.8240737676948373,-9.127569116713417,3
91.36258187357198,-14.345199460558941,-8.320138392265644,-10.297197430403436,0.8528538331132276,-1.8311085978880022,-9.533894596947341,3
91.37925996445799,-13.702870685659398,-8.011321186328832,-10.121955597180524,0.8154588863332596,-1.8492374109234686,-9.90801790395892,3
91.395938055344,-13.183843144425008,-7.855090390315173,-9.845146725380612,0.8110542526116589,-1.8369310407348178,-10.31390148754921,3
91.41261614623001,-12.685712631814507,-7.743919281927122,-9.842851444780198,0.8181077920917363,-1.9083876440064935,-10.652399024153862,3
91.42929423711603,-12.258991475550653,-7.548905375159187,-9.557551801950808,0.7726467755758208,-1.8466476758599106,-10.906331788396367,3
91.44597232800204,-11.526386561313616,-7.613792219351783,-9.65047848059032,0.7990746802296865,-1.8779685829693293,-11.199437771124698,3
91.46265041888805,-11.168872597821403,-7.345592357982201,-9.323929940629947,0.7609931820834845,-1.828517834382347,-11.40638993430531,3
91.47932850977406,-10.776855340986934,-7.0796630078184,-9.036810971679738,0.7489095493910143,-1.8510985101210922,-11.634388014517253,3
91.49600660066007,-10.408503169684332,-6.81509916130814,-8.8071338291973,0.7381913024315655,-1.869874575670199,-11.847785397673015,3
91.51268469154608,-9.709661542628146,-6.904742756791839,-8.839462911656813,0.6987636035955567,-1.8121486319170421,-12.0020810189234,3
91.52936278243209,-9.149952235672401,-6.823504292915833,-8.766089922148376,0.7041137137864104,-1.7834559070061875,-12.12416573809196,3
91.5460408733181,-8.760793230432393,-6.601841873916234,-8.520258126919256,0.6524215468005589,-1.8128324338358852,-12.249841899684908,3
91.56271896420412,-8.089815052188065,-6.602604851713515,-8.563613826721525,0.7131336308906178,-1.8536799443312495,-12.410721889627867,3
91.57939705509013,-7.670435979908538,-6.4360436871528846,-8.291456335495587,0.6448669833472077,-1.8012242584738651,-12.435891870853649,3
91.59607514597614,-7.023863788305455,-6.410040145003789,-8.248323541363046,0.6473365098035959,-1.7696450290819308,-12.485255351060975,3
91.61275323686215,-6.469620618098875,-6.443137142870702,-8.236490205910565,0.6587583703678512,-1.794505840151859,-12.527304133322518,3
91.62943132774816,-6.095829199490158,-6.143045328993745,-8.004211123425291,0.6389330965642025,-1.7941531884655155,-12.516010039649704,3
91.64610941863418,-5.483624532081408,-6.189721200009758,-8.129231522766187,0.6336160876468828,-1.826606076618402,-12.532004880009808,3
91.66278750952019,-4.83597008381069,-6.481301838990644,-8.151431061354417,0.6756079723354945,-1.8029885553085134,-12.500541700024947,3
91.6794656004062,-4.271163023266028,-6.4576050188300265,-8.105084720921717,0.696943339318002,-1.7872433778695673,-12.455969439666452,3
91.6961436912922,-3.766617936043392,-6.4275370514193515,-8.070004899896478,0.6883489568657388,-1.8125465961118652,-12.372747882190069,3
91.71282178217822,-3.1614771839554785,-6.381586564746797,-8.156932676095945,0.6258787753552402,-1.8446038639321156,-12.24859716029497,3
91.72949987306423,-2.348117722807027,-6.7955929199063245,-8.371980272222316,0.7259857258194838,-1.802579684440482,-12.186180006715443,3
91.74617796395025,-1.8547299773370467,-6.759492083725771,-8.358246507832188,0.7121796098525756,-1.8392476938342357,-12.077462971498667,3
91.76285605483626,-1.1899757057926479,-6.782634575117809,-8.380972030955217,0.7051242873167328,-1.7934919011244126,-11.894696379187769,3
91.77953414572227,-0.7243747088281776,-6.685260802574179,-8.271357614289155,0.6946863526317868,-1.7878252308644853,-11.703205839863932,3
91.79621223660828,-0.057454137010687134,-7.020881711632733,-8.589443645835003,0.726507730712501,-1.815269771063185,-11.527098007419612,3
91.81289032749429,0.5761348915273183,-7.415389980213517,-8.933197228405215,0.776107257370428,-1.828312462638543,-11.303572760343311,3
91.8295684183803,1.0876390611897424,-7.626081578882982,-9.054485460161334,0.7843179376480695,-1.7989967169628163,-11.050415648224098,3
91.84624650926632,1.3452649774523922,-7.395079297175723,-8.991459748271428,0.7487287673377231,-1.8216255583855805,-10.734867537110132,3
91.86292460015233,1.9983622254637563,-7.88926934491845,-9.331555517132312,0.8113558910581028,-1.819747042874772,-10.44782497289031,3
91.87960269103834,2.2370565790541255,-7.774828798947386,-9.200326817062187,0.8186008761046757,-1.8284886911875744,-10.098983846011835,3
91.89628078192435,2.897623806533674,-8.507375260027933,-9.930283957453359,0.8550075592104063,-1.8028791383550253,-9.766009437693661,3
91.91295887281036,3.1391381361240667,-8.396504607019388,-9.878573853702976,0.8409120043984731,-1.818378255994881,-9.372573541905092,3
91.92963696369637,3.7613061706093687,-8.996936533985208,-10.355957588012576,0.8747478525009309,-1.7938499534684988,-9.014976364061027,3
91.94631505458239,4.048573887433735,-8.838999870631604,-10.307951227952607,0.8805561134477939,-1.788231830937415,-8.567498306381463,3
91.9629931454684,4.4529732042461125,-9.2538433452001,-10.768874359715804,0.9162714864307976,-1.8604604485327834,-8.166505133546268,3
91.9796712363544,4.789866773360643,-9.574484093346518,-10.95510998643909,0.9139421846063372,-1.817639926604842,-7.705432116345856,3
91.99634932724042,5.338201745757747,-10.101197466783367,-11.58154695083095,0.9869564941828827,-1.8310574214973911,-7.265370079041086,3
92.01302741812643,0.38983544962179245,-0.219025890279267,-0.15207217247889243,-0.0637693128174259,-0.18681173450372798,-5.792004350008564,4
92.02970550901244,0.39504421749333424,0.007477249339198105,0.04169822598218256,-0.03254836334458303,-0.15293482424192037,-5.245723972523593,4
92.04638359989846,0.6002844153453089,0.025782815601733122,-0.05318430388468334,-0.08412698915335674,-0.07964135986696814,-4.624628865765852,4
92.06306169078447,0.2891499318598282,0.4327723830537139,0.4666702158642334,-0.10021681739967907,-0.030127426172961175,-4.068656879046734,4
92.07973978167048,0.43330776404767146,0.39412672977142216,0.4429628477579237,-0.09173070294373986,-0.043088460644674,-3.512521442408097,4
92.09641787255649,0.3198494217961301,0.49949918340363103,0.5223789715993353,-0.09358212480851029,-0.04684757324645799,-2.9347785597536715,4
92.1130959634425,0.24303781735290392,0.2929320674099204,0.4424608103282043,-0.08157324890267593,-0.028770341301971727,-2.411499250233914,4
92.12977405432852,0.3445094825248457,0.05643588843770722,0.07845573943728977,-0.060666761035044627,-0.018376474012062244,-1.8877077091854733,4
92.14645214521452,0.5476006309538952,-0.2669056672007852,-0.12229492988446197,0.01368873154102363,-0.05498870072183587,-1.4355033015834504,4
92.16313023610054,0.45693721436908924,-0.059588495685740456,0.07998177777157825,-0.0021075329067708737,-0.0141372899810481,-1.013998938716204,4
92.17980832698655,0.7176491050636498,-0.2301689376212238,-0.18755187191153871,-0.0044329755875128895,0.006415941826937858,-0.5897245649066672,4
92.19648641787256,0.5214281450653715,0.06850004749953298,0.09941475106222471,-0.022895700922477204,-0.026432427771895414,-0.17668771081696583,4
92.21316450875857,0.6031293835276008,-0.1706311698484788,-0.11178255015714655,-0.016249270027937916,-0.023556987307926627,0.20051240434807274,4
92.22984259964458,0.6316656152185953,-0.29452429698245763,-0.1251689406860493,-0.011996550407897015,-0.0021880002720750837,0.5747516836845066,4
92.2465206905306,0.9137206996793175,-0.44119279688171076,-0.23927987964828623,0.010891130418070941,-0.001542334801545109,0.8949771696022233,4
92.2631987814166,0.9212961902143073,-0.47601954224416637,-0.21333365384316827,0.021434805569315447,0.0008668284291274863,1.2120539358777556,4
92.27987687230262,0.9638450194686075,-0.5551825417566066,-0.3056024452725684,0.041945706552727946,0.002738880163884571,1.5108381651887002,4
92.29655496318863,1.1452182543166582,-0.7127757386954725,-0.4987814112136659,0.027048179594420532,0.010403789246592845,1.787470832617078,4
92.31323305407464,1.1448164742669413,-0.7997896833601066,-0.523371543948455,0.052699215236634296,0.024565074675260864,2.0724788951542403,4
92.32991114496066,1.1496739418405109,-0.7669037871391252,-0.5080523522306574,0.02491560997994395,-0.005201269356077158,2.3022167358724057,4
92.34658923584666,1.4605321821814208,-0.9883316431427529,-0.8057758774126749,0.06070179978796223,0.016959695389442808,2.5331069585558548,4
92.36326732673268,1.1639227060552075,-0.8045139338666256,-0.4577130625366345,0.0676097360416961,-0.0017588918264636049,2.721439073287263,4
92.37994541761869,1.3416480054168445,-0.9786213098814062,-0.7328378908990815,0.06402340921743117,0.0505828810297309,2.9107286510905053,4
92.3966235085047,1.4608685202653913,-1.156778118600735,-0.8056749693928058,0.08300653432071126,0.01600200347407309,3.078293204134797,4
92.4133015993907,1.3789629870700928,-1.0378064615975222,-0.7604571987714006,0.0962054935765889,0.03812691148269075,3.2331553927878955,4
92.42997969027672,1.381429448080502,-0.961084786453442,-0.6196412767579575,0.05383575899751298,0.04643044933909163,3.41881271009758,4
92.44665778116274,1.4106076495598128,-1.0101585176243373,-0.6829345712922831,0.10606756846775882,0.034264900094237535,3.534444652174079,4
92.46333587204875,1.6602845102302886,-1.1746965524943656,-0.8951138827742444,0.08980921081540566,0.002595315362084101,3.634654309696141,4
92.48001396293476,1.5973748247179764,-1.25956914511219,-0.9614668894021259,0.11542641339285349,0.02955506623093661,3.7356602557173697,4
92.49669205382077,1.7889187992947098,-1.3693422646497002,-1.1550885110253024,0.11138678594188682,0.033837752841845384,3.852751014130247,4
92.51337014470678,1.7549115430048157,-1.201458793439368,-0.9581586775644526,0.13004176400267123,0.028331002990272223,3.929848683571891,4
92.5300482355928,1.5181800677144792,-1.0890082621033084,-0.7397795395919089,0.10545011314853744,-0.0016967699481728886,3.980264637637329,4
92.5467263264788,1.846687884898579,-1.3116472477565295,-0.9998869083600851,0.126519027270592,0.0385126728294241,4.056649481679612,4
92.56340441736482,1.6996186457964129,-1.060039586199117,-0.8227440168348636,0.07366935805539523,0.03517749862400629,4.118711753961156,4
92.58008250825083,1.8450887109679952,-1.172984084150023,-0.9428376969649923,0.09422258728072119,0.04495974193982861,4.125596569925251,4
92.59676059913684,2.0143005960788427,-1.2740899531455365,-1.0714162555346738,0.1026277347449073,0.021990260096584273,4.137235410872335,4
92.61343869002285,2.042136068179903,-1.1659568581063342,-1.0204154549571491,0.09895643025150724,0.039764341778233674,4.180682391587804,4
92.63011678090886,1.8493876822715218,-0.7984601889986149,-0.7464694076572131,0.05136187415689695,0.030704752123383732,4.178356520296956,4
92.64679487179488,1.7801604847277128,-0.6258425693799623,-0.7250286373542385,0.0904620045198259,0.030718352969687737,4.170366485948742,4
92.66347296268088,1.93954372338212,-0.8154536483380908,-0.9004027749690297,0.09540932464312736,0.03811539879358804,4.192996188091484,4
92.6801510535669,1.8679126170400013,-0.7399134363868471,-0.8166676713196075,0.08198082220199533,0.051739825439982984,4.2158198725022205,4
92.6968291444529,2.17737866330957,-1.011731821674561,-1.1453462408463535,0.10789168096779331,0.059022061994059585,4.209755592506925,4
92.71350723533892,2.0617896509747435,-0.8690122947906422,-0.9739471923544771,0.09901787635051527,0.03703023548787967,4.202701170567591,4
92.73018532622494,2.0256253311573795,-0.9055950950233811,-0.9288079605126016,0.09690273347493997,0.018267464478968508,4.2116515931521965,4
92.74686341711094,2.0303818784847385,-0.9467043603106899,-0.9585584812079924,0.07302274072420273,0.026362797326422903,4.220653063436726,4
92.76354150799696,2.0303818633745383,-0.9467043495737653,-0.9585584693046263,0.07302272119616017,0.02636281197426866,4.220653068563691,4
92.78021959888297,2.0354048916392538,-0.9485839030077685,-0.9869859171326676,0.07389066694811268,0.015063429432929508,4.220354337794899,4
92.79689768976898,2.0158439035192526,-0.8376357012976033,-0.9070127181585246,0.09146878645853605,0.01692027212903172,4.225508156112101,4
92.813575780655,2.0734776059836917,-0.9655317905673377,-0.9918470579968042,0.0862524340950108,0.021020934986405983,4.227920365759932,4
92.830253871541,2.0734776060544062,-0.9655317906525007,-0.9918470580796346,0.0862524340173861,0.021020935044476555,4.227920365784196,4
92.84693196242702,2.0807558919292894,-0.9755449565788437,-0.9512253125792774,0.09802815205811029,0.031240490864984236,4.227507506066738,4
92.86361005331302,2.053080669481755,-0.9081401610343518,-0.97035197854103,0.09523766769976257,0.011955920316700985,4.219707384607245,4
92.88028814419904,2.0043165721030602,-0.8933161173768124,-0.9585042610347148,0.09463442577923863,0.04299828827586407,4.209743637548549,4
92.89696623508505,1.9614375940099087,-0.8139726077489986,-0.8379873891651581,0.08871643481641744,0.04829910130990815,4.21856453842644,4
92.91364432597106,1.984799773788167,-0.8624689208268953,-1.0010898754051523,0.11773207208368845,0.030979068679219672,4.210493423416038,4
92.93032241685708,1.9931491358014763,-0.82571109043475,-0.8850669576578455,0.101936181101817,0.055236045191186946,4.22471703311675,4
92.94700050774308,2.042393054241942,-0.9102715424121144,-0.9633828613564599,0.10700096888047961,0.048955321232873585,4.2173127642716794,4
92.9636785986291,2.0523293722701568,-0.9154708568078744,-0.9474830186156518,0.10925371010369349,0.03650794457007202,4.2181064192352755,4
92.9803566895151,2.095705106034795,-0.9960230601727402,-1.0461425352280982,0.10240930145094607,0.03197796714936454,4.212537329764799,4
92.99703478040112,2.1797705377244134,-1.0672021240588374,-1.083189410450758,0.10765949966828009,0.04595203817885685,4.223711771646191,4
93.01371287128714,1.9501936924115426,-0.8455112292467384,-0.8748337574052594,0.10555929171663424,0.014419567702399652,4.211477401986262,4
93.03039096217314,1.9929622641731846,-0.9255425720255562,-0.9221707748122708,0.09364949415236139,0.02057457241370925,4.193047940223007,4
93.04706905305916,1.8552614419964868,-0.7883045498596519,-0.7683751009807787,0.068184714820134,-0.003650039309425794,4.164905250145223,4
93.06374714394516,1.8297336174776824,-0.737472411831348,-0.7454195537225023,0.08915343327999425,0.02022379618527389,4.15482301024505,4
93.08042523483118,2.015529475964911,-0.9918201769676678,-0.9749585616730494,0.09903233610598715,0.039167078685989995,4.14111480204636,4
93.09710332571719,1.9894308615389935,-1.0738410778862129,-0.9843158933450489,0.0956798899285902,0.03472868741891976,4.125526701729858,4
93.1137814166032,1.953899737265599,-1.0623557177178433,-0.9330471315270252,0.09624557183905977,0.04171584181521657,4.118938755981722,4
93.13045950748922,1.9649143911231242,-1.078590313876736,-0.9995693021136194,0.09145070131623337,0.04168860244583615,4.100923278641983,4
93.14713759837522,1.9945602973169818,-1.1330624106751443,-0.9732812545117715,0.11460046969273673,0.02018189314920575,4.072687459529339,4
93.16381568926124,1.7808376926656828,-1.0471636885797377,-0.8603605982784873,0.060500536696267745,0.0487236341326766,4.045635321888205,4
93.18049378014724,1.678264277883101,-1.1457172165689213,-0.8845480109716811,0.09860854427220335,0.02823546785442733,3.9802205942336135,4
93.19717187103326,1.5950894495101116,-1.0043691152072434,-0.8082918927653489,0.057562981079727474,0.04263870223854247,3.9595396164818326,4
93.21384996191928,1.701290377247317,-1.2412952120357459,-1.031169432692594,0.08541939382546566,0.03808147111450656,3.87501669975982,4
93.23052805280528,1.5141619007926836,-1.0206914379821679,-0.7694341901809534,0.09614907183235472,0.0469998191571747,3.806389155780299,4
93.2472061436913,1.448250240894808,-0.9074007323997046,-0.7661990241000323,0.08787275166657997,0.019804782579090418,3.6917389073384617,4
93.2638842345773,1.535876292395113,-0.9914587736520978,-0.8210756239709618,0.05309352248015499,0.02334054662321772,3.6104963914209462,4
93.28056232546332,1.351346923578793,-0.8582356306916786,-0.6882518384308507,0.06225258629546985,0.02034140919411593,3.5250750145201732,4
93.29724041634933,1.5259385541821358,-0.9141601325242094,-0.7915743351069482,0.061752985840618176,0.010214089862080502,3.433065829786447,4
93.31391850723534,1.398159847021014,-0.9005380372747394,-0.6642827255539845,0.08237050494546011,-0.0032091818118663413,3.2839799860301246,4
93.33059659812136,1.409159295514593,-0.987504653774826,-0.7254000546798088,0.05798420980069303,0.02610300903859658,3.1986074011059578,4
93.34727468900736,1.2560476109378356,-0.7368016325292399,-0.518674497391608,0.04952950575382964,-0.011101358543427848,3.058729731354385,4
93.36395277989338,1.193497979288646,-0.6026784273374699,-0.5257098517262715,0.0367728999817623,0.03947107530478998,2.9579891070256257,4
93.38063087077938,1.0101500805204409,-0.432875979386413,-0.2725199094601122,0.054124235729408644,0.02137015731607116,2.80321968011523,4
93.3973089616654,1.2421459803321522,-0.6934132533412303,-0.5079954633446522,0.06879458388957864,-0.0012031627600986045,2.635637178817754,4
93.41398705255142,1.2613839054617844,-0.692402918516043,-0.5451532629478691,0.04299097495113334,-0.0005003568064640666,2.466390795714141,4
93.43066514343742,1.2598785663636192,-0.6554151635525207,-0.4988844231858073,0.05177989901350205,-0.017024662196454047,2.292551002410394,4
93.44734323432344,1.2200974549939478,-0.6593310450472751,-0.5340355054983774,0.006709322661208234,0.007730141474022515,2.1214097331324333,4
93.46402132520944,1.2209929450650492,-0.623890710479731,-0.5380776830986139,0.016842965551554224,-0.00550097547787858,1.926511774639637,4
93.48069941609546,1.1207158293896922,-0.5479725329750618,-0.46343869685730327,0.003385026926717752,0.013921923642573905,1.7331423955408596,4
93.49737750698148,1.2207280569466574,-0.6507616891266175,-0.533111027204044,0.01144314117304191,-0.019110987896074915,1.5140872881842071,4
93.51405559786748,1.074650321222026,-0.4309496393485076,-0.39745117373837685,-0.009488197505018866,-0.012144122517940741,1.2887249629388482,4
93.5307336887535,1.0543740635826095,-0.35346190722194115,-0.2636730075725563,0.0035530662690618385,0.020280485075487673,1.0866169772567762,4
93.5474117796395,1.1798228570723381,-0.45748402533131205,-0.34569340056234366,0.030707312923352693,-0.012966759539761343,0.8294194246494851,4
93.56408987052552,1.1099272697213876,-0.4113481646486305,-0.33245623431845467,0.0009331818292244848,-0.01856959854760619,0.5957852277012864,4
93.58076796141152,0.7772502358188366,-0.086797303770068,0.11722874741085287,-0.01667707904772638,0.00016569860933098743,0.35208893537679736,4
93.59744605229754,0.8944783893818224,-0.2412793517233137,-0.06721328372941393,-1.1114480291526835e-05,-0.029355735556556566,0.10122817645955422,4
93.61412414318356,0.8565522747014505,-0.09115984952944967,-0.007443837958201971,-0.029112800312214724,-0.02150824677514801,-0.14901206979773648,4
93.63080223406956,0.7118011838688969,0.02382572668794014,0.16578128832980787,-0.011993059579482459,-0.027821747084014158,-0.4362024296608793,4
93.64748032495558,0.7982466398232257,-0.0063260488683873906,0.023006937859938043,-0.019638081998288683,-0.06488749877666583,-0.7214817098380785,4
93.66415841584158,0.8475160509211235,-0.12493590280834382,-0.05503388885656785,-0.03741662783616279,-0.06128024446542231,-1.003504279128447,4
93.6808365067276,0.8562210606146418,-0.10553734565083539,-0.06862079784575087,0.0002106741608871806,-0.054582317596220974,-1.2935267292494255,4
93.69751459761362,0.7474399105551549,0.10427267182043534,0.11195493182891147,-0.04067139869287612,-0.06226090044863322,-1.5611265761720083,4
93.71419268849962,0.5706893376230778,0.3225837430595409,0.3363243234650113,-0.07224424226196025,-0.034291989586828824,-1.8362572281424687,4
93.73087077938564,0.3759365952974358,0.5846002454020205,0.5506631821406234,-0.06418399612059007,-0.04497025264006922,-2.104974351027998,4
93.74754887027164,0.6098006780978134,0.26767945811338223,0.2788871559434063,-0.06806882912158871,-0.01724065017222572,-2.3814829608011534,4
93.76422696115766,0.43248087703192944,0.5330729116580485,0.4833730034965858,-0.08892743238986893,-0.02853469345878834,-2.6752523839957747,4
93.78090505204366,0.43083531222036314,0.38690825831519327,0.39356210431133803,-0.08692704240236078,-0.02564240409837704,-2.9432755659602945,4
93.79758314292968,0.48879386997662855,0.26998797836058785,0.33848692528260266,-0.08745447661968844,-0.04767864751285127,-3.2471221356469018,4
93.8142612338157,0.45330169999167724,0.31280550943114527,0.4087364431642726,-0.08169161239204725,-0.04009090107847195,-3.5323220790217578,4
93.8309393247017,0.16059962405312472,0.609855709012227,0.7391865919303713,-0.13130454256258806,-0.03158620452184753,-3.82527290291167,4
93.84761741558772,0.30797489552641727,0.4779250926014192,0.5288371544073448,-0.125594355248954,-0.06041624942232866,-4.095812789151699,4
93.86429550647372,0.48414517752433883,0.31883885067341794,0.38742712959838754,-0.08054402011627622,-0.0917735520194737,-4.404670850373619,4
93.88097359735974,0.6508179952110438,0.0953837673362224,0.23323144981295488,-0.06988646249994751,-0.08720668853653793,-4.677832959371776,4
93.89765168824576,0.7220703656403852,0.2518754309083149,0.23704812378529974,-0.06719079367137283,-0.11497786405760674,-4.948242185865217,4
93.91432977913176,0.9178263934240072,0.0529192486436213,-0.06608346984960203,-0.05822845699684048,-0.12707904095750902,-5.194875606770188,4
93.93100787001778,0.9004334726059825,0.20384672085158467,0.10564890340670821,-0.06402315935511989,-0.166487315469055,-5.411059406073294,4
93.94768596090378,0.888828181871845,-0.01139174416112032,0.0059643118433380105,-0.03489860360658593,-0.16718131019540428,-5.603607359447043,4
93.9643640517898,1.035817104152858,-0.2622842183390643,-0.20472853268086127,-0.027163831454419363,-0.19169261131823678,-5.809427243071745,4
93.9810421426758,0.95927232537215,-0.12235645928425615,-0.1813166561880448,-0.06334116830946948,-0.1976611673807172,-5.938363322187261,4
93.99772023356182,5.8333424010321435,-9.830205938803457,-11.170105583815623,0.9668295367254723,-1.7929680742733427,-7.032524684915195,3
94.01439832444784,5.792762868897066,-9.763430320588707,-11.148489328123913,0.9491772494518409,-1.791725565341951,-7.114003866785787,3
94.03107641533384,5.796791068995345,-9.678158074464024,-11.116896493563951,0.9688576804966134,-1.8021964885228183,-7.247753834773433,3
94.04775450621986,5.57930817701542,-9.616767665536903,-10.956224685983576,0.9316907906426356,-1.7872753911323274,-7.317833914288563,3
94.06443259710586,5.65751916639852,-9.651079276020699,-10.992459359806945,0.9393781140801031,-1.73409614503367,-7.353279157813493,3
94.08111068799188,5.614630562352103,-9.460234380584348,-10.928105430245092,0.9476073009194841,-1.807498753701462,-7.425340230062444,3
94.0977887788779,5.476835068651344,-9.253380729153347,-10.67770393820673,0.9320062771385,-1.8101341199724936,-7.442181887141356,3
94.1144668697639,5.687803354955891,-9.609803138668049,-10.934092570173545,0.9409287738432865,-1.7782809760230092,-7.465977502785538,3
94.13114496064992,5.5719811391154,-9.482168875072803,-10.782710404779031,0.9263714199824543,-1.7936839637667954,-7.4554673661079445,3
94.14782305153592,5.7025472668426245,-9.624877345565187,-10.945844506555042,0.9414582039961491,-1.798417936253582,-7.467049662573375,3
94.16450114242194,5.88121239940747,-9.923333160987607,-11.219028702963868,0.9473515350748429,-1.7714554916448486,-7.4426376571652595,3
94.18117923330796,5.753728816716309,-9.815352251342738,-11.170384708035535,0.9414951443006636,-1.8186540796633364,-7.399350252201368,3
94.19785732419396,5.698025478810312,-9.641648745399374,-11.008956646152225,0.9327113349807726,-1.7767510933479729,-7.341963338324667,3
94.21453541507998,5.76180111274385,-9.800829650414036,-11.098421459312156,0.9371154095682673,-1.8065608408945235,-7.279316640050229,3
94.23121350596598,5.866074354398363,-9.866074717050752,-11.356684997946708,0.9609889152433779,-1.7948642398378487,-7.214524741704296,3
94.247891596852,1.2098407687077857,-0.5477807620375506,-0.5782224217753591,-0.06489701851007514,-0.17163069225251526,-6.170074979008399,4
94.264569687738,5.7178057411374805,-9.718387662794083,-11.143320485348523,0.9573718108671636,-1.8251894489759106,-7.031145739615652,3
94.28124777862402,1.0192700409964819,-0.2127296051981879,-0.24341953506956557,-0.044072742283971074,-0.20527323447123755,-5.972041919647969,4
94.29792586951004,1.158628770927802,-0.4493003028785074,-0.4594669539963184,-0.039424692786451464,-0.1683426451982125,-5.873256943336986,4
94.31460396039604,1.1046247551377864,-0.4630699737558381,-0.43260714725594746,-0.00653409636695734,-0.17036152237989755,-5.753349068675074,4
94.33128205128206,0.9695666725556202,-0.2280976781899771,-0.19153353201564743,-0.02612680621895659,-0.14623220689495584,-5.601692100520374,4
94.34796014216806,0.8842962875710583,-0.15534099520317965,-0.005092904215194649,-0.047284711382519266,-0.15526734268575762,-5.4528202464710125,4
94.36463823305408,0.844698245722675,0.08510263386288827,0.013840390513765344,-0.08701902741740539,-0.1538879835986652,-5.269974174996735,4
94.3813163239401,0.9297372812481968,0.003741847659423869,-0.12597488799304485,-0.05196204595322843,-0.10165917860596417,-5.099361035786576,4
94.3979944148261,0.6430612151093104,0.40531178643015775,0.29852510908342517,-0.0705808307110821,-0.12887838739668211,-4.906403652759866,4
94.41467250571212,0.942050337473577,0.06996785636616087,-0.016331973894973317,-0.06541773830316765,-0.08729951175118941,-4.733626707732351,4
94.43135059659812,0.6692919006989032,0.5432387698434861,0.4222094648980059,-0.11721441878303923,-0.04362732091797392,-4.461045283089945,4
94.44802868748414,0.6549246558893156,0.29770392617391644,0.4290403129769774,-0.10449924260721251,-0.028431289569119094,-4.298262867770046,4
94.46470677837014,0.6257336111433741,0.4693000471607099,0.6262134870326244,-0.10010676611998609,-0.06637880728764207,-4.0841905776757725,4
94.48138486925616,0.4535259542580736,0.5655842309005856,0.6536867368927877,-0.12218952550846647,-0.04351788641052412,-3.838346269364004,4
94.49806296014218,0.6426324054823798,0.4470228357561248,0.5804067372662055,-0.10735241842667889,-0.061407203612872996,-3.6374685948033387,4
94.51474105102818,0.6682432834503447,0.2682587323102009,0.4094588677551481,-0.10378613727124537,-0.05364363784375507,-3.429672440184446,4
94.5314191419142,0.9274039931311783,0.20897882461650336,0.19072349299102348,-0.060625521125352154,-0.06057514124857018,-3.2020278471148504,4
94.5480972328002,0.7984696431122406,0.3948433693172264,0.3492760142209452,-0.08017119616508828,-0.01552636843686111,-2.978169538531838,4
94.56477532368622,0.7902611864323981,0.384979658266732,0.2716234997472395,-0.08098062709686014,-0.04866386585591593,-2.77155884249372,4
94.58145341457224,0.8440723257689354,0.3513249130274968,0.298418194092037,-0.08512001953662199,-0.03733546078442018,-2.5430969130526324,4
94.59813150545824,0.9284322332194401,0.10330915123395076,0.05568611217686223,-0.06788630300015382,-0.02540405888405944,-2.3210246397508802,4
94.61480959634426,0.8850513920025036,0.2395317495491145,0.21297393120207644,-0.06739577075865293,-0.012846822243668636,-2.083207887646455,4
94.63148768723026,0.8860105093750522,0.10504044119756101,0.10843073243154572,-0.04854141294894148,-0.031868962190077565,-1.9002464095787397,4
94.64816577811628,1.0803775387263477,-0.06589919181508658,0.0006365537318058223,-0.04495778870864398,-0.022372180476035133,-1.6648017971802598,4
94.66484386900228,1.0328033895624251,0.027861908427664783,0.03729379278580908,-0.01167112788139283,-0.03048693559455429,-1.4534331279933372,4
94.6815219598883,0.9924593971468643,0.065337909685735,0.034811208343206224,-0.01676003691018015,-0.006000738186938643,-1.2222009676232404,4
94.69820005077432,1.060272436663003,0.039848198277878444,-0.04336490864701076,-0.03594687095972558,-0.009176178397093955,-1.0166469309723427,4
94.71487814166032,1.199739294111656,-0.14049754982647122,-0.17109342548782364,0.005887521556015875,-0.0037436485292092103,-0.7962653075106014,4
94.73155623254634,1.1429526425455516,-0.24240871318895235,-0.2040000021190842,0.010350384925949113,-0.02129563751900228,-0.5851651150004668,4
94.74823432343234,1.1330664580664414,-0.1602222041297106,-0.22600795283598102,-0.032433365741278704,-0.0009564663160194011,-0.356782705719896,4
94.76491241431836,1.127594510877242,-0.21673342553327757,-0.22767833069664983,-0.01203102290543023,0.019838047531718268,-0.13988138716930903,4
94.78159050520438,1.0427411322451077,-0.27204591179199145,-0.23865686972766587,-0.00480366496311818,-0.02222611385044303,0.032675511110498934,4
94.79826859609038,1.0801120012953827,-0.34504367060434393,-0.34972069190812616,0.010621686971937619,-0.01373992321521067,0.23333537474201718,4
94.8149466869764,0.9737823422280889,-0.31124716346367065,-0.2750902565904365,-0.009698848806873056,-0.020028561243408648,0.4066352644131973,4
94.8316247778624,1.0523181587320116,-0.5150878242709528,-0.48532066902918575,0.0025840534712631012,-0.020047586678406025,0.6008963648935504,4
94.84830286874842,0.8489516579080849,-0.3285921746421273,-0.3110198626803001,-0.004287843011620214,0.028245005891705154,0.8087945891682231,4
94.86498095963444,0.9956662239279144,-0.6556493483215264,-0.5357639611127037,0.030636569979546193,0.002035609102952519,0.9449334943458519,4
94.88165905052044,0.8020883311589613,-0.4911170092006352,-0.40787498283194595,0.008105000535089979,-0.004200167957628372,1.1259462531673214,4
94.89833714140646,0.9939417144485176,-0.6017672130028274,-0.4750619675457465,0.014798844145485952,0.020224319095150742,1.2838427981485305,4
94.91501523229246,1.1649655330706832,-0.8310870173553824,-0.7556586546401509,0.04982850203921757,0.01813149401973375,1.4230095327919232,4
94.93169332317848,1.0286162073691818,-0.658881882963904,-0.5301163812097545,0.028479282274742748,-0.013932404337804162,1.5224193677563502,4
94.94837141406448,1.064897435288664,-0.6735788436161751,-0.6048183290783745,0.03124304802763897,-0.006499726621002057,1.6655577188802702,4
94.9650495049505,1.0206850648503294,-0.5847050412140007,-0.4782928866156092,0.029169798148644812,-0.020784678473143556,1.7898174214052807,4
94.98172759583652,1.2480359233674876,-0.7805547984062624,-0.7652675136609117,0.06310873113503598,0.031345113574342956,1.911659873359084,4
94.99840568672252,1.2274573032421587,-0.6919268973889087,-0.6740777949617337,0.0699817233151046,0.024000515852298402,2.018079452530725,4
95.01508377760854,1.231119061232543,-0.6869355567250206,-0.6753423438131523,0.041380421025456096,-0.009448909635770952,2.105881857527116,4
95.03176186849454,1.2033277933466313,-0.6038533578899558,-0.5369751415040842,0.026531105810296923,0.0054250404050491365,2.2358228526083295,4
95.04843995938056,1.1611264273389206,-0.5197895484112378,-0.48826994872933427,0.024698121893529292,-0.008367357322482862,2.302258639278817,4
95.06511805026658,1.2649906322896056,-0.7686866978586012,-0.6686136830108772,0.03499862924695684,0.01774924075977633,2.4034991300698927,4
95.08179614115258,1.4062745597913255,-0.8327086322021633,-0.7051562476742084,0.07455124231578984,0.013444095746609132,2.478525615679721,4
95.0984742320386,1.4766187133401378,-1.0140205914454288,-0.8560746879496837,0.05196438483766943,0.02285573536415672,2.559537076584872,4
95.1151523229246,1.2294936126947293,-0.6912720624983067,-0.6003101305320557,0.048565923961445254,0.017464137461762008,2.6524872587062993,4
95.13183041381062,1.6335617865638763,-1.10568051586438,-1.0409631456393003,0.08799046242710644,0.027090335013941064,2.694509124272116,4
95.14850850469662,1.2997297703994342,-0.684161849909112,-0.6094567260218273,0.04341571703443291,0.01150953449841517,2.778548874911839,4
95.16518659558264,1.233457567858224,-0.7297221456098066,-0.6499476718916903,0.04874451898726218,0.02565459388868068,2.831662722630911,4
95.18186468646866,1.1467795730666315,-0.5712534780326233,-0.5071828094576842,0.03867094024350618,0.025166368374072223,2.9054830068618913,4
95.19854277735466,1.2200171585099278,-0.6381603150545084,-0.6599382238720216,0.048067354375723695,0.05044798908239673,2.9616599809619526,4
95.21522086824068,1.262309794281788,-0.7441416314694485,-0.796376606713808,0.046008931236799014,0.04531321092749466,2.9812829372302336,4
95.23189895912668,1.3036317898636458,-0.6408492304887503,-0.756565777027542,0.04985193482321919,0.030434971792435782,3.0358794677293175,4
95.2485770500127,1.4243903817278112,-0.8628244038865249,-0.953399208961691,0.07085417290351653,0.018951381464578684,3.058571760387695,4
95.26525514089872,1.3476391132525096,-0.8537209678892158,-0.9808753957458206,0.07023187040161981,0.004944665175764402,3.0786578526020585,4
95.28193323178472,1.398699752370506,-0.8335909081843901,-0.874249606726593,0.053035872584480274,0.02928852866089277,3.107511296347726,4
95.29861132267074,1.315253057935628,-0.7876709250850187,-0.7510877915271491,0.07253360500089491,0.020513181763164755,3.1473063427451455,4
95.31528941355674,1.488407545725821,-1.0227164690063266,-0.9863595671488543,0.06961005325041497,0.024366405339481118,3.161069499978079,4
95.33196750444276,1.354792764539046,-0.8549164201979158,-0.8133401525242485,0.07478408647974105,0.0016512382671585457,3.154620468459627,4
95.34864559532876,1.3919354483923443,-0.9309157672049424,-0.878622084508599,0.07695540756864054,0.010203343280473887,3.1634242428068844,4
95.36532368621478,1.5212610704274474,-0.9510707072450968,-0.9602494006558207,0.08183408375345932,0.03997764216264068,3.1882622775898835,4
95.3820017771008,1.4694121886213614,-0.8578456060346895,-0.9005693125675291,0.07484109930909115,0.029984721982748347,3.1942460051112516,4
95.3986798679868,1.3799551554089315,-0.6992791380249972,-0.7559116868010018,0.061526219409172855,0.03920393980611074,3.2076466466821594,4
95.41535795887282,1.3807315791147325,-0.6387314823425865,-0.7458593246252697,0.056251923388401244,0.023661412370369696,3.2083195825850064,4
95.43203604975882,1.3807315791147325,-0.6387314823425865,-0.7458593246252697,0.056251923388398066,0.02366141237036334,3.208319582585007,4
95.44871414064484,1.3856625390792243,-0.7010748409124645,-0.760681301497533,0.06582969798901951,0.026790135979567628,3.19463127983321,4
95.46539223153086,1.4388527515313516,-0.7355099538075469,-0.7375855654524476,0.07206215741122918,0.0345489396990503,3.1893840458423806,4
95.48207032241686,1.4225963076856294,-0.784047537007066,-0.8072246725100222,0.06085393037923608,0.05225051830220603,3.1912182174527333,4
95.49874841330288,1.353793181493752,-0.696717979108119,-0.7172334173841072,0.060858590950516954,0.038451268724076726,3.17427732687499,4
95.51542650418888,1.385528998092025,-0.7081600104456965,-0.7420459848796899,0.05868859456184731,0.04369516626272811,3.182412050876349,4
95.5321045950749,1.4204189969913785,-0.8744878193121304,-0.8588768539806575,0.09066796782246357,0.008307410431780462,3.1450051607010403,4
95.54878268596092,1.3497745804499588,-0.7113314362097203,-0.6978095723318536,0.07451712875355361,0.018531291467847384,3.132582544954999,4
95.56546077684692,1.377575857878326,-0.7950918014610129,-0.7858535246685069,0.09535325207942628,0.004899654057762863,3.1150551586140396,4
95.58213886773294,1.4730537786959286,-0.888426635941542,-0.919761296519675,0.07788523236638133,0.022032217590314644,3.111111289321767,4
95.59881695861894,1.3471274415446082,-0.761959165955608,-0.7751557253324957,0.07257126954624246,0.008306619574142698,3.074357759827094,4
95.61549504950496,1.2517131996523414,-0.6858003037512007,-0.7056226989390286,0.043430856950577176,0.004039278225972486,3.060117786239081,4
95.63217314039096,1.1977348839766635,-0.56215141732547,-0.5754374912648575,0.07213717978749035,0.010240524220257898,3.029555346721674,4
95.64885123127698,1.3181936604661089,-0.8260493918473244,-0.8235951292007141,0.0780258523258601,0.028518979408688677,2.990366491737889,4
95.665529322163,1.1770277911351144,-0.6872581633164592,-0.6658108886299375,0.06195554160822533,0.010752465917130217,2.9573747998388593,4
95.682207413049,1.2022783379665372,-0.659413451961931,-0.6886325028247462,0.04687423023592474,0.008247353433530297,2.9326561738319077,4
95.69888550393502,1.0887321008015562,-0.6048402177075449,-0.5417746580267817,0.0764569327631924,-0.0018491389296216038,2.869070245194368,4
95.71556359482102,1.1880990405181286,-0.7061742307198086,-0.6598811910141347,0.04696299729009664,0.021034369157108403,2.8273539806526498,4
95.73224168570704,1.1213884231597269,-0.6471947061118477,-0.5367077567862802,0.0641633332422314,0.009585604953268585,2.799947881752463,4
95.74891977659306,1.0839122657384823,-0.5422620084618881,-0.5039708260219937,0.059792093356096906,-0.004735219585795033,2.76744082337888,4
95.76559786747906,1.0639109382733354,-0.5255716716742632,-0.6079051034586637,0.043195421725615114,0.001448276103082383,2.72485767295577,4
95.78227595836508,1.0636511952932999,-0.6828343378686268,-0.5817986172042503,0.0268379324705882,0.022683868574034146,2.6828568334207565,4
95.79895404925108,1.0333676498934812,-0.5897199264267632,-0.4593541508928442,0.027821855161381134,0.03166779494957812,2.640780697769035,4
95.8156321401371,1.0549429255523477,-0.5699648426819859,-0.5323399405824134,0.04906175771280662,-0.007492549813254739,2.571962395329895,4
95.8323102310231,1.2241270024441466,-0.803243151227017,-0.6402906525658822,0.046951775078263154,0.019005889193083034,2.52804294043579,4
95.84898832190912,1.3233107124134849,-0.8575397570074792,-0.7758004332560462,0.06058744003245689,0.011863399057748067,2.4622466406994605,4
95.86566641279514,1.1280276974394052,-0.6833184991036984,-0.6163490347768442,0.0391773666935071,-0.010102699557722361,2.404703895540609,4
95.88234450368114,1.0226620886269413,-0.5281980003526114,-0.3910197555615771,0.05708692717922707,-0.005232087228316981,2.337492467480094,4
95.89902259456716,1.0463216674726128,-0.5041723082547979,-0.4902183353871369,0.033013827042562845,-0.003736343878735519,2.2654459488077867,4
95.91570068545316,1.043901542743853,-0.6023265816365997,-0.5706165347489208,0.044832750108311,0.029103029710583924,2.2263554770213743,4
95.93237877633918,1.1304233398767323,-0.5967635174202569,-0.5652186575395364,0.05938858237863283,-0.011068372255288504,2.132500817992899,4
95.9490568672252,1.1113605408965606,-0.6959393498747776,-0.664788919663549,0.06083146182817402,-0.0036584527503930177,2.07129499543993,4
95.9657349581112,1.0938159082067864,-0.6735790255999684,-0.520413131814214,0.04390535377609782,-0.007628652860951203,1.9813152493322552,4
95.98241304899722,1.2806896425453012,-0.7842675624032045,-0.7613901199664648,0.0550095126997085,0.013836454535324698,1.9340002756088603,4
95.99909113988322,1.1520679933855131,-0.720604186606759,-0.6547700067599393,0.031606053137513065,-0.0005457757910370007,1.8433226176886066,4
96.01576923076924,1.108496415706984,-0.6083742877618166,-0.6152328698912859,0.026594345115957912,-0.01265435760394407,1.7699908076395443,4
96.03244732165524,0.8847925620961414,-0.29316560152659554,-0.324483255449169,0.0438079795901791,0.0069216111141056115,1.6989924605838849,4
96.04912541254126,0.9035013099026834,-0.24178850696378357,-0.33229763482829566,0.028395224731233768,-0.03974382288370213,1.5847421772172299,4
96.06580350342728,0.9460404619558176,-0.3021849684578132,-0.36579484630208725,0.02472394494351784,-0.00647459132143604,1.5179409008570404,4
96.08248159431328,1.0553637054318235,-0.41324147134970324,-0.47020081101115974,0.006848514889336533,0.002188318011717561,1.4473465946220008,4
96.0991596851993,0.9564725512447276,-0.24034100958403226,-0.35887582030648524,0.02098906058849993,0.01586348352428052,1.3470159926149816,4
96.1158377760853,0.8196383268426316,-0.21217174630308336,-0.1961066869990701,0.02416508560246419,-0.01216840506617724,1.2578580178903025,4
96.13251586697132,1.028643401241783,-0.45250261951922954,-0.4539403079721782,0.029880731575647263,-0.021641839388265798,1.180523171003336,4
96.14919395785734,0.8477722962814298,-0.1354089656595584,-0.16784197020395927,-0.005162716702712693,-0.00631370513512463,1.1285547385270858,4
96.16587204874334,0.9103341586705784,-0.2941862090911603,-0.30011797290382897,-0.012495112009620602,-0.021342169393422598,1.0339411370417706,4
96.18255013962936,0.7771603301509834,-0.16171430201386033,-0.12096073400165541,0.0024087853891781165,-0.02207380779355749,0.9336478962176696,4
96.19922823051536,0.9118334366844123,-0.29569634860529304,-0.4249661798751111,0.005060035035044856,-0.02253300790079106,0.845920867357342,4
96.21590632140138,0.7975570973829229,-0.2519393745702013,-0.36222088722951684,-0.009003455530470246,-0.025407598319905626,0.772509008881164,4
96.2325844122874,0.7242656669643697,-0.07979910370546012,-0.21549738468675061,0.005240343230725606,-0.011877883308074681,0.67635060147937,4
96.2492625031734,0.8665154314894673,-0.33034395356204016,-0.3934397661215225,0.02340949625423846,-0.015777372652071738,0.5686238709343898,4
96.26594059405942,0.739841398918635,-0.06321810091301727,-0.2166491888738678,-0.007911418770038012,-0.02742164711679467,0.5100970167759707,4
96.28261868494542,0.7312529465504969,-0.1515080142580439,-0.21912675450136493,-0.024504638534663382,-0.01454833987662489,0.42486098408892964,4
96.29929677583144,0.8363175966005048,-0.2752430426350938,-0.32551200962556404,-0.008137806306893982,-0.008005702027965274,0.34178514569681384,4
96.31597486671744,0.9280276587763996,-0.30761799903727016,-0.393537926395198,0.002633438584290614,-0.04061474636291223,0.23159777776380977,4
96.33265295760346,0.7466841478534156,-0.1485168157110234,-0.20019932556419257,-0.01956516823178511,0.006141462998840781,0.15496917961445067,4
96.34933104848947,0.6482858039693559,-0.040512043797527264,-0.13316380250513046,-0.027565461248995636,-0.048789020323045246,0.0608955120700832,4
96.36600913937548,0.7752964122358325,0.07458057849789856,-0.0836595915132739,-0.03394942931746234,0.011962452944244095,0.006874575002725257,4
96.3826872302615,0.8324965876184907,-0.06945326580866062,-0.20111980571416077,-0.013068712165315726,-0.005118181533017013,-0.08964770876452384,4
96.3993653211475,0.8952212808084953,-0.02365659649997226,-0.2079421980673728,-0.02508501238815159,-0.019825998976551993,-0.18795704254721785,4
96.41604341203352,0.7033955265410923,0.05560126582576877,-0.10648115848393394,-0.03298725604146749,-0.02292178068838563,-0.2289291024849877,4
96.43272150291953,0.8269903628008275,-0.1057349217119134,-0.22066382383772357,-0.004329473893311679,-0.04196787877901005,-0.33699346927629104,4
96.44939959380554,0.8655623117446324,-0.1935280930671115,-0.22627241872974413,-0.037767576302204973,-0.027280978412792162,-0.38861459656888125,4
96.46607768469156,0.7831250092959972,-0.11972248743282049,-0.18489548429930758,-0.03358798590565772,-0.04123991702098138,-0.45934054024719595,4
96.48275577557756,0.6117883831911037,0.07804578816996087,0.12610804721070823,-0.035507770347658035,-0.027727024724451425,-0.5205453518209084,4
96.49943386646358,0.6716212787333582,0.062340407539181436,0.08528838300869104,-0.03443569166874085,-0.017392054335168175,-0.5774773451989185,4
96.51611195734958,0.563890782489705,0.10820443742977602,0.07202764679430845,-0.039771293986162026,-0.040810071753460214,-0.6466301964692075,4
96.5327900482356,0.6780122306975745,0.060241030052349126,0.03213069258731274,-0.0255512992570981,-0.026835055486226153,-0.7350907178854652,4
96.54946813912161,0.52314454610759,0.2373250193134201,0.1462547662355473,-0.04323916131843751,-0.02465917851773499,-0.7798304605408063,4
96.56614623000762,0.49753032392383245,0.40339669900982195,0.2566355086710625,-0.07636373552357552,-0.024871537798799723,-0.8175442613942376,4
96.58282432089364,0.6426873916138232,0.1855439546566221,0.09856871505865414,-0.056168394851146365,-0.03415745080511451,-0.8859692765705977,4
96.59950241177964,0.7094405988711114,0.14168401259536062,0.0838217109151207,-0.04354328286257153,-0.045044473954508384,-0.9523228905205838,4
96.61618050266566,0.7125640550022508,0.10551838530754157,0.06306653536325715,-0.02648366522333913,-0.027177662929305603,-1.0177974786687074,4
96.63285859355167,0.7506636115657107,0.05496574763405629,-0.013602049034018876,-0.04298479257072284,-0.021074035398278852,-1.0299639817410273,4
96.64953668443768,0.5477936349826035,0.33617970996072155,0.31450922616773935,-0.04768840222611194,-0.05288594401851604,-1.0855644855955133,4
96.6662147753237,0.5644302541638868,0.36952094113998574,0.29950125673658134,-0.05486007865580467,-0.04739242524243474,-1.1302049583592502,4
96.6828928662097,0.6881108879197458,0.27439446650419047,0.17755970633721369,-0.03415387141353779,-0.022288616692422752,-1.14309672586739,4
96.69957095709572,0.9854290202694344,-0.10078331242771718,-0.06216588862396977,-0.02761438705292494,-0.013749934397312594,-1.152780354266197,4
96.71624904798172,0.9407868742630237,-0.12907598572775006,-0.1304869337784445,-0.04102650186325438,-0.037461852935889356,-1.1723964726069798,4
96.73292713886774,0.8873047016181743,0.09985012703398333,0.0594461076108731,-0.06537102517591989,-0.030772960370097528,-1.2062626292627452,4
96.74960522975375,0.7427479791293641,0.26817011859130213,0.26469657872100244,-0.06795745489156485,-0.02834053019415,-1.1962723655995338,4
96.76628332063976,0.8179493460425294,0.2384031305042391,0.2528955254284382,-0.06620151405328865,-0.02928681284095059,-1.1944571763908662,4
96.78296141152578,0.9065305284170457,0.13133848170694623,0.16643760804424063,-0.053176757674436755,-0.01736681376173757,-1.180194473426254,4
96.79963950241178,0.8615417588740502,0.13395415398451688,0.1717204226807202,-0.01795287517135396,-0.012862490781343114,-1.1764926079176425,4
96.8163175932978,0.7758935689817829,0.23987066471752044,0.2295897394871323,-0.04480305167649766,-0.03786897183029745,-1.150829231559306,4
96.83299568418381,0.9901505821782557,0.04782303419632816,0.02253653334925787,-0.030234535383167636,-0.03715360358646366,-1.1284669813353463,4
96.84967377506982,1.0046242578386013,0.09068329096504957,0.04141192580830033,-0.024372857191265633,-0.042198285413203765,-1.1165108206877092,4
96.86635186595583,0.9041403499105354,0.02876948869052065,-0.013510582292585782,-0.01661604143224248,-0.026996502463098218,-1.07505756196944,4
96.88302995684184,0.9553241005383424,-0.04248875729296525,-0.05910846913006279,-0.030313079909468153,-0.0009703430527274617,-1.0277152237194729,4
96.89970804772786,1.0763681702544858,-0.1323820206853083,-0.15595837170631988,-0.03714437642390148,0.00898758603406823,-0.9959640386604203,4
96.91638613861387,1.0635354482004336,-0.1368035623908811,-0.10424608533002666,-0.04743775847897114,-0.014552476224378242,-0.9611006517919797,4
96.93306422949988,0.8065066455097107,0.08263412580182727,0.1209078795175263,-0.03402739951136244,-0.01960144373143916,-0.9460808703676825,4
96.9497423203859,0.7708263494751366,0.20173669967787014,0.2106688124932913,-0.03891755103473725,0.0009116641377221702,-0.8954293757081433,4
96.9664204112719,0.8774892221568166,0.14664100422919413,0.14545571805088192,-0.041984810496786366,-0.026179943615784032,-0.8630722478040728,4
96.98309850215792,0.8815647807583591,0.02785876120146813,0.04696430910703403,-0.02650797223244465,-0.02924388778398372,-0.8652933932523232,4
96.99977659304392,1.080812515421845,-0.14743826115821052,-0.13968625433878135,-0.011623771067101557,-0.021292569918437653,-0.8322494850976276,4
97.01645468392994,1.0350668530561424,-0.09017490568007674,-0.03222102752235201,-0.010270850706716149,-0.032852423298899015,-0.821410141050262,4
97.03313277481595,1.000710133547355,-0.11120610274999296,-0.05005048232597048,-0.012277971330657708,-0.023438469501856764,-0.7759480810965981,4
97.04981086570196,0.9219755311188527,0.06717553537309276,0.12528849861019736,-0.014673862271475893,-0.012257142078384232,-0.7527277440337792,4
97.06648895658797,0.8132575233750441,0.10606314487477296,0.20479075726949653,-0.03547621254576172,-0.020752768845812612,-0.7213058910306761,4
97.08316704747398,0.9732547884791067,-0.014250738530560553,0.09631365999976305,-0.01957226178955522,-0.0347950129710605,-0.6996616736371617,4
97.09984513836,1.0966511918272626,-0.16902987519129087,-0.03986508280558404,-0.015789443823702582,-0.009641835867829579,-0.6833273036031892,4
97.11652322924601,1.07055726670137,-0.13886273486511602,-0.0826948724788164,-0.03559507616068153,-0.020732806781051105,-0.6689123794487739,4
97.13320132013202,0.9434613007037345,-0.1361700287216645,-0.10810819794713133,-0.01751694244135498,-0.014266177585518148,-0.6377525774370563,4
97.14987941101803,1.0220444300085196,-0.23183229551033913,-0.18218605591348241,-0.005010689878726558,-0.002548095871724421,-0.6230298273732948,4
97.16655750190404,1.011252073294063,-0.28769048619284665,-0.1889903227702341,-0.036277591714423615,0.00984116804443655,-0.5940845395145639,4
97.18323559279006,1.0085223452325787,-0.22356749592506822,-0.14814208416616742,-0.03217443139986567,0.0031857480965400017,-0.5817196418716726,4
97.19991368367606,0.8429795529486437,-0.04995490004004352,0.12204488218503651,-0.02747504113403737,-0.0033613517967516385,-0.563047014708765,4
97.21659177456208,0.8669571858931874,-0.0688180770708782,0.1258823454263528,0.0025267001614609134,-0.015171365662552175,-0.5652020912632444,4
97.2332698654481,0.8513732796674842,-0.02035305064237028,0.0877207958861439,-0.00499416803023602,-0.022225346854008617,-0.5555279206668647,4
97.2499479563341,0.8126172649045031,0.022695657417165283,0.06033861903639731,-0.015346990638164653,-0.021744637060095055,-0.5380906967540614,4
97.26662604722011,0.8806751298658129,-0.06170309205092353,-0.003431716310707822,-0.01060790034689905,-0.007898616810163647,-0.5357031051882173,4
97.28330413810612,0.8511735965946902,-0.019372933934048486,0.08830682673908904,-0.0049022182184644105,-0.024353417084395715,-0.5556649490638721,4
97.29998222899214,0.8246059466032274,0.09222202863522178,0.06989360902411457,-0.02679244155748191,-0.02213590211837082,-0.5164024402367535,4
97.31666031987815,0.7237285580967192,0.303473532839702,0.3037859459056166,-0.015135758067932643,-0.024235543898629787,-0.5129811144895619,4
97.33333841076416,0.8116020945234891,0.23071078350374238,0.18879812845150673,-0.013606709960302096,-0.025014500342926342,-0.5028778059271374,4
97.35001650165017,1.0425230080223646,-0.1272148569099476,-0.12600338374583991,0.02219961289156384,-0.017598709441489394,-0.5061957138836161,4
97.36669459253618,0.9421550377894592,0.049693909147098037,0.010624882059863061,0.00776195683795874,-0.024112974156918616,-0.4930136085133072,4
97.3833726834222,0.8448647674636212,0.14005288723874657,0.19017810127484555,0.0004004891255937262,-0.034020390450315886,-0.4854960991712522,4
97.4000507743082,0.8441619315880147,0.19366740335381705,0.22235571254254743,-0.007875211171558445,-0.025699405578889292,-0.4710212241358294,4
97.41672886519422,0.8912391606592529,0.11569030789554241,0.12437426742286103,-0.0021328791790544616,-0.043327645054093006,-0.4793514276477444,4
97.43340695608023,0.8687835280796573,0.09659755125483971,0.1517508885816912,-0.014259147252807148,0.0006531825823503237,-0.4404692856367142,4
97.45008504696624,0.9037929708301419,0.03649592658035311,0.06901209584617538,-0.02221829576606893,-0.029158590194907123,-0.4457141398850072,4
97.46676313785225,0.9664366326061977,-0.007673994223167058,0.034066781212825026,-0.008782587254908965,-0.026584797764510677,-0.4413832798427766,4
97.48344122873826,0.9369276913758795,0.08834354780906314,0.08318757330537271,-0.0011811183887926729,-0.032214941827509835,-0.4415311887596723,4
97.50011931962428,0.9369277079955743,0.08834353120548433,0.08318755669754155,-0.001181105995546375,-0.0322149484641851,-0.44153119297308685,4
97.51679741051029,0.9369277079955743,0.08834353120548433,0.08318755669754155,-0.001181105995546375,-0.0322149484641851,-0.44153119297308685,4
97.5334755013963,0.9412504102598118,0.08710491894667635,0.05542638063439875,-0.00028613549599784715,-0.04361842673005953,-0.4419931161044886,4
97.55015359228231,0.9664366682229664,-0.007674028395555199,0.03406674670128251,-0.008782558568946433,-0.026584812923080445,-0.4413832885651903,4
97.56683168316832,1.0301445156566467,-0.08015758124707933,-0.044809369351004324,-0.01055288405021282,-0.03454998906998394,-0.42372280682623303,4
97.58350977405433,1.0273385902549625,-0.10632861616551087,-0.08247540640316547,0.00038019326340222513,-0.026255366485500992,-0.41474203251614494,4
97.60018786494035,1.0229841200853897,-0.10505467733655477,-0.05467286862332832,-0.0005175812314902432,-0.01484800608976827,-0.41427922172033643,4
97.61686595582636,1.0229841200859668,-0.10505467733725382,-0.05467286862401566,-0.000517581231992771,-0.014848006089462946,-0.4142792217202052,4
97.63354404671237,1.0273385929995142,-0.10632861871664706,-0.08247540931790959,0.00038019375859238045,-0.026255367591655088,-0.4147420328160872,4
97.65022213759838,0.9286059296978114,0.07180956058288174,0.054451581729741017,0.0032219373428955976,-0.03209903971297767,-0.41453524323330043,4
97.6669002284844,1.1252264491356858,-0.20502062542843863,-0.2221296379556268,-0.01708747709540699,-0.005831068691213209,-0.3890368637097939,4
97.6835783193704,1.088592200142518,-0.20862799103592294,-0.17813975237781998,-0.010570059265450188,-0.03192505257919116,-0.4078382153300555,4
97.70025641025642,1.039065945478736,-0.11792511606607886,-0.14500038235486917,-0.005849848838875369,-0.03977698334527619,-0.40137007330388674,4
97.71693450114243,1.0494570173068403,-0.05354363387010874,-0.11524524167910594,-0.026574985706894018,-0.022750822232655774,-0.3915532220806018,4
97.73361259202844,0.9952626047728002,0.045498230242020765,-0.05044089602891583,-0.016696407759747307,-0.03265791922771695,-0.3989560178687347,4
97.75029068291445,1.091828510255062,-0.13549190052099663,-0.1868755973342316,-0.02430380750290012,-0.014270687160678391,-0.3832533641707847,4
97.76696877380046,1.037649818814916,-0.03646106781132452,-0.1220889391103458,-0.014421803947978885,-0.024178820675589914,-0.3906584518357407,4
97.78364686468647,1.0376494515986203,-0.036460148657275926,-0.12208806553295831,-0.014420495488800242,-0.024179740790531482,-0.3906587957558089,4
97.80032495557249,0.9952622561054738,0.04549913230741964,-0.0504400403511418,-0.016695087945035603,-0.03265884808386817,-0.3989563654419415,4
97.8170030464585,1.0642268339454444,-0.06493808852156652,-0.1309876024983247,-0.020904675454339217,-0.036796320365834405,-0.40654464732549783,4
97.83368113734451,0.9925106648453519,-0.02693543396905379,-0.06498620367580804,0.010766488912069607,-0.04816174746455573,-0.4232740388526665,4
97.85035922823052,0.9526102443923525,0.11410315006076102,0.03653726142216984,-0.04840126985646391,-0.018486443966048444,-0.39290752308637245,4
97.86703731911653,1.1079484213347643,-0.15665070605954667,-0.1847512740411842,-0.03624387929216767,-0.014854693119831595,-0.3839368038187342,4
97.88371541000254,1.0275284096709976,-0.029642406124096354,-0.13652729590021043,-0.014390775625429945,-0.014008157260958687,-0.39147153170236815,4
97.90039350088855,1.0169028222276388,-0.03472173727821659,-0.08270713119113238,0.0028622365985318137,-0.03071966680605345,-0.3998869056167835,4
97.91707159177457,1.0376494656138573,-0.036460153758457126,-0.12208807208240291,-0.014420466345872452,-0.024179760680488174,-0.3906588036020028,4
97.93374968266058,1.0376494656138573,-0.036460153758457126,-0.12208807208240291,-0.014420466345872452,-0.024179760680488174,-0.3906588036020028,4
97.9504277735466,1.053782081132595,-0.057637120710951284,-0.11998294681878918,-0.02635755407544553,-0.024760478192731375,-0.39134025037023373,4
97.9671058644326,1.107948079954197,-0.15664977558124643,-0.18475040430866746,-0.036242517864512304,-0.014855649243807343,-0.38393714521766137,4
97.98378395531861,1.0376494458240808,-0.03646014454321378,-0.12208806103074682,-0.014420504204277464,-0.024179734897514956,-0.39065879315060353,4
98.00046204620463,1.0537820811322953,-0.057637120710618495,-0.11998294681843807,-0.026357554075518683,-0.024760478192717074,-0.3913402503702345,4
98.01714013709064,1.0211590995944169,0.02704139163556396,-0.05300809551482505,-0.04904145672323079,-0.004866244032980611,-0.37616571851962866,4
98.03381822797665,1.0211591004967393,0.027041381959815425,-0.053008103804283335,-0.0490414756828604,-0.004866230310003486,-0.3761657146760309,4
98.05049631886266,1.123086954032371,-0.15166399049210272,-0.21652732040172695,-0.051664700496238454,-0.008662378079320696,-0.3746912130900331,4
98.06717440974867,1.0761657539846772,-0.07515961249163067,-0.11826955317663346,-0.046396946796982516,0.014155089145603214,-0.37037559073117954,4
98.08385250063468,1.1033373327872005,-0.1533256697381858,-0.17783086229975792,-0.021835945689535396,-0.006077945210850883,-0.38552268058978373,4
98.1005305915207,1.0159424985179375,0.009181914461859453,-0.033577170788622046,-0.032662082417941836,-0.014421845153154773,-0.38860154198717195,4
98.11720868240671,1.0131868129342243,0.008342089889945892,-0.007438103873518898,-0.031379536298003004,-0.0008582584174065085,-0.3878910776733427,4
98.13388677329272,0.9590611389644842,0.10729338542659858,0.057275735611156536,-0.021495605851651757,-0.010760003755979627,-0.395290746598364,4
98.15056486417873,1.071096593196137,-0.07820824403175441,-0.09177608730401016,-0.024138403984665335,-0.024724453836228576,-0.39300777387735086,4
98.16724295506474,1.0168995028466745,0.020836860487081832,-0.026974940909109346,-0.014258200731952145,-0.0346299617538761,-0.40041149372721246,4
98.18392104595075,1.0233374607502423,0.0014893799187171153,0.0069628879798616095,-0.03140512872728148,-0.011025145184880838,-0.3870763906243747,4
98.20059913683677,0.9833926687123311,0.08624743253034936,0.08187230623269587,-0.006793253133773028,-0.01993674915268321,-0.39538981546908175,4
98.21727722772278,1.1233210704098098,-0.17310890180216565,-0.12542076249342782,-0.00802261199107128,-0.003852007788642751,-0.38516035994944203,4
98.23395531860879,1.0656788551792808,-0.08041688500854077,-0.06461894929621043,-0.029138352520061597,-0.00254529383520746,-0.3787763528758831,4
98.2506334094948,1.0267537304532408,0.007889111010173921,0.010995975894705246,-0.00041564168702019124,-0.022240847579048477,-0.40086782579080327,4
98.26731150038081,1.06567886922274,-0.08041689646762484,-0.06461896091794006,-0.029138334627435678,-0.0025453042161387926,-0.3787763582952243,4
98.28398959126683,1.1276975743948376,-0.1744073805426472,-0.1532507224903923,-0.007125611656347598,-0.015255603454401403,-0.3856200610271708,4
98.30066768215283,1.1484049959091913,-0.1760886012737511,-0.19258180162781796,-0.024412801432234548,-0.00871910570286451,-0.3763953711329297,4
98.31734577303885,1.094236202452239,-0.0770724852765724,-0.12781603485203014,-0.014527443915196257,-0.01862606311075006,-0.38380175802264194,4
98.33402386392486,1.1005761431724723,-0.09630548285163792,-0.09375333294566623,-0.031684511922031894,0.004979105662367009,-0.37046628126471665,4
98.35070195481087,1.0799069390546254,-0.09466968965405226,-0.054471916657033936,-0.014399557979023102,-0.0015543563360831119,-0.3796858837297743,4
98.36738004569688,1.079906941332551,-0.09466968598069786,-0.05447191402658391,-0.014399543364561597,-0.0015543667970340114,-0.37968588705917267,4
98.3840581365829,1.079906941332551,-0.09466968598069786,-0.05447191402658391,-0.014399543364561597,-0.0015543667970340114,-0.37968588705917267,4
98.40073622746891,0.9954178517862948,0.03972027832898278,-0.0020096721064163936,-0.007316028803537323,-0.01186687764886934,-0.38549678266441234,4
98.41741431835491,1.0735037706320902,-0.07535347475210996,-0.08845369843346479,0.002760230263866626,-0.025166064739212905,-0.3930297192248526,4
98.43409240924093,1.0330688458978678,0.024671326455017073,-0.05728288263104342,-0.011144337869664993,-0.017909360897304688,-0.3778997254116533,4
98.45077050012694,1.0303280710794498,0.02380974276015435,-0.03116564999794158,-0.009862180728173216,-0.004339995820044351,-0.3771852483649587,4
98.46744859101295,1.0844590797167402,-0.07515485596518617,-0.09588462830772648,-0.019745740258971325,0.005566730985758574,-0.36977997907086285,4
98.48412668189897,1.0844594359791673,-0.07515580112904141,-0.095885511774354,-0.019747089331792353,0.0055676868757848505,-0.36977963769797517,4
98.50080477278497,1.0702319319870752,-0.06090141047718123,-0.10603181154989444,-0.03448283102903581,0.0045765616505488655,-0.3688724949790527,4
98.51748286367099,1.070231927083075,-0.060901408913120514,-0.10603180927896666,-0.03448284108944734,0.004576568776300177,-0.3688724924577062,4
98.534160954557,1.0467707068333412,0.0006823953660717863,-0.05847306685246956,-0.04996877498027723,-0.018053243285164382,-0.3785656380762569,4
98.55083904544301,0.9907046257620525,0.1065947685970477,0.014329551511968408,-0.013419205354846935,-0.02638759220605563,-0.3861985672369119,4
98.56751713632902,0.9907046508881752,0.10659475170522206,0.014329532962508829,-0.013419170028474765,-0.02638761546047055,-0.3861985771845876,4
98.58419522721503,0.9796459301250181,0.11672103018247115,0.0005074211688108621,-0.025932444779719538,-0.02533561150804675,-0.38539793761544144,4
98.60087331810105,0.9879780209273774,0.10571840668940141,0.04042898745825785,-0.0121360971386531,-0.012821019429403504,-0.3854853875418838,4
98.61755140898705,1.0721354538444547,-0.05535729111764359,-0.12767600406443302,-0.014649999592692616,-0.006843082791203467,-0.3832912556056993,4
98.63422949987307,1.0303280450507846,0.023809771413360492,-0.031165621865504034,-0.009862194623348874,-0.004339990001658465,-0.3771852431667097,4
98.65090759075908,1.0730679222908521,-0.05866176396651934,-0.12828854370794518,-0.002101079255641577,0.0022760063886980643,-0.3849011746440477,4
98.6675856816451,1.008727958202424,0.045729329558277354,-0.08187548150717533,-0.025850023670007913,-0.008729370949598124,-0.37780195169428243,4
98.68426377253111,1.0679783671937368,-0.04907351620115735,-0.14436170535352844,-0.002554193768480226,-0.007875646547079226,-0.3839328570601708,4
98.70094186341711,1.0679783639488223,-0.049073505197982314,-0.14436169592167658,-0.0025541807958150125,-0.007875657149859109,-0.38393285922836184,4
98.71761995430313,1.0283194477994981,0.033760353770260654,-0.09881678076446607,-0.006114043380544234,-0.02992653379866743,-0.39294806532633075,4
98.73429804518913,1.135394139944988,-0.15460158735081891,-0.24633696754698792,-0.008263540328693374,-0.023574271638287143,-0.39244840724005425,4
98.75097613607515,1.0899092279735316,-0.07297687556298932,-0.1230764722176586,-0.014744015595612076,-0.016617592734836796,-0.3840149574066378,4
98.76765422696116,1.0853111593571332,-0.09243999924337037,-0.08160869091442324,-0.009399176220623265,-0.023735945372289083,-0.3939219448877734,4
98.78433231784717,1.0147356211181513,0.01797303550433832,-0.02648026546175719,-0.01901454152900528,-0.022090745283489647,-0.38450755980767676,4
98.80101040873319,1.1134766918360237,-0.1601657759406953,-0.16341053539693084,-0.021866095749210484,-0.016246276384325496,-0.3847080547941662,4
98.8176884996192,1.1060340510532587,-0.09414287859049775,-0.12095864921128135,-0.026684114081826818,-0.017198944311966412,-0.384696848448879,4
98.83436659050521,1.0691785397676357,-0.07126079306369693,-0.0837174997064109,0.0025399323322033017,-0.023155628941605524,-0.39324153736283585,4
98.85104468139122,1.069180154078447,-0.07126187588236321,-0.08371859015694455,0.002542758420130999,-0.023157156423506586,-0.3932422876153416,4
98.86772277227723,1.0314203114499558,-0.05092010701206928,-0.10195476065033626,-0.01058009717090498,-0.04285464947349894,-0.4014908785270041,4
98.88440086316325,1.085311159072197,-0.09243999429561084,-0.0816086863779581,-0.0093991638696032,-0.02373595320267225,-0.3939219476270752,4
98.90107895404925,1.0942358897522895,-0.07707161432315607,-0.1278152106960488,-0.014526089454239237,-0.018626990953326792,-0.383802103135144,4
98.91775704493527,1.0357117033017365,0.02606929992732865,-0.05827299966712446,-0.004863704705685972,-0.026527738641057685,-0.3914213947921711,4
98.93443513582127,1.0256005191029698,0.032875851150969526,-0.07272225042997255,-0.004830846299967416,-0.01635815166962565,-0.392233923239715,4
98.95111322670729,1.0698869468204573,-0.05600235482633714,-0.15240431948752536,-0.029231088636049916,-0.009448645926645386,-0.38370576156502534,4
98.96779131759331,1.0698862895643537,-0.05600240843518833,-0.1524043187144254,-0.02923351582702216,-0.00944719089369933,-0.38370516631961926,4
98.98446940847931,1.027517410816423,0.02593310744316396,-0.08077965578567586,-0.03150453806548748,-0.01792658155604115,-0.39200330759991153,4
99.00114749936533,1.0275174097140822,0.025933109439578828,-0.08077965374932083,-0.03150453564236898,-0.0179265831926688,-0.39200330832784136,4
99.01782559025133,1.0588064989923645,-0.04584649477854735,-0.1662058979548298,-0.041748700450378054,-0.008397863293165045,-0.38290897195627943,4
99.03450368113735,1.0426892856055154,-0.024693329658932506,-0.16833058423913885,-0.029811193763603583,-0.00781300410723298,-0.3822240102021631,4
99.05118177202336,1.042689285593566,-0.024693329643743045,-0.1683305842245222,-0.02981119375453264,-0.007813004114026646,-0.38222401020430896,4
99.06785986290937,1.0588065027825038,-0.04584650029339937,-0.1662059033929275,-0.041748702763239706,-0.008397861516208208,-0.3829089715937229,4
99.08453795379539,1.0588064966732609,-0.04584649601611218,-0.1662058987506835,-0.041748711828127734,-0.008397855455050528,-0.38290896893337917,4
99.1012160446814,1.0142094063472953,0.033305087131187294,-0.0940062268994549,-0.048778469826743685,-0.004341405587038969,-0.3753074668945494,4
99.11789413556741,1.0142094172688456,0.03330507169962754,-0.09400624156923038,-0.04877847156010828,-0.004341402758802274,-0.3753074676194482,4
99.13457222645341,1.0588065036620162,-0.045846507518897184,-0.16620590940756075,-0.041748715117480184,-0.008397851896510737,-0.38290896917411815,4
99.15125031733943,1.1116982676801601,-0.13518405914007753,-0.2489374320851269,-0.034022847272022906,-0.0119500157124838,-0.3898120287321607,4
99.16792840822545,1.1245571885921062,-0.14114632244833103,-0.26062596974081315,-0.035335773343163124,-0.03568877286066141,-0.38970510440328254,4
99.18460649911145,1.061550869973275,-0.04499483436391327,-0.19233948666663803,-0.04303248685701975,-0.021964390529622003,-0.38361708682653445,4
99.20128458999747,1.0164461437993229,0.03607792603749188,-0.09459009673687224,-0.04401693764157122,-0.01687693315417884,-0.39120596214895786,4
99.21796268088347,1.037980807690468,-0.03694588395075299,-0.14753774641483267,-0.008934354536773409,-0.026048818912786723,-0.40667843665196773,4
99.23464077176949,1.0275284259574125,-0.02964180885237261,-0.13652670073683187,-0.014388687967626067,-0.014009297259570718,-0.39147204694305415,4
99.2513188626555,1.001276051946682,0.03113895547305323,-0.06277547251352505,-0.028598973081129735,-0.023070380864979798,-0.40045200788294166,4
99.26799695354151,1.0854519632649617,-0.12997766851497444,-0.23092932664576504,-0.03111614384876495,-0.017096371547847867,-0.39826290955549415,4
99.28467504442753,1.0427170310690947,-0.04750001822952116,-0.13380287826268683,-0.038870441964527325,-0.023711125984386797,-0.3905418461330463,4
99.30135313531353,1.0030414110838377,0.03534146559270207,-0.088254135186209,-0.042427760526425856,-0.04575013827790703,-0.39954279314716534,4
99.31803122619955,1.0003382631243385,0.03444671226854423,-0.062168304105688854,-0.041140081492702076,-0.03218774277184736,-0.39883688455160893,4
99.33470931708555,1.0531747880597346,-0.05481977282686534,-0.14482524920449547,-0.033417516012479956,-0.035745001609339834,-0.4057437547795659,4
99.35138740797157,1.1073780236023998,-0.15387649738935227,-0.20964161941635423,-0.043300535699070775,-0.025839060410978536,-0.39834326953024046,4
99.36806549885759,1.054504240385467,-0.06455570062914412,-0.1269376141206262,-0.05102445634239342,-0.02228468582780601,-0.3914382197678264,4
99.3847435897436,1.044847373678849,-0.07299497217103529,-0.07376609228249975,-0.02123284821762851,-0.029868034138666354,-0.4014588565307433,4
99.40142168062961,1.0955832636820366,-0.13680974271616614,-0.2165014246538527,-0.031145743106577493,-0.02726678894000194,-0.39744768052583523,4
99.41809977151561,1.0427170394762793,-0.04750002733890518,-0.13380288713241378,-0.03887043670950563,-0.023711127919735408,-0.390541847830811,4
99.43477786240163,1.0545042623125864,-0.06455572540134424,-0.12693763849042577,-0.051024446785450074,-0.022284689905719496,-0.39143822385034693,4
99.45145595328763,1.0113943932557028,0.0243203149991566,-0.048339831923220555,-0.028632388651992653,-0.0332358908173767,-0.39963583623449367,4
99.46813404417365,1.0113947585946619,0.0243207328252536,-0.0483394834052005,-0.028630004991214944,-0.033237400504087466,-0.39963642895709706,4
99.48481213505967,1.0537820711788815,-0.05763711172486097,-0.11998293736153681,-0.02635756159013946,-0.024760473495807064,-0.3913402482291532,4
99.50149022594567,1.1079480799538635,-0.1566497755811136,-0.18475040430851103,-0.03624251786524064,-0.014855649243317537,-0.38393714521747213,4
99.51816831683169,1.1079484331300975,-0.15665071244383622,-0.18475128158839804,-0.03624386211095852,-0.0148547038705616,-0.3839368074773384,4
99.5348464077177,1.1184465129657675,-0.16401797470952795,-0.19582157093391578,-0.03078758383833956,-0.0268877149373979,-0.3991413222194104,4
99.55152449860371,1.0718765323960218,-0.13194861790414691,-0.1740382121029962,-0.016176366436197187,-0.03371823956877859,-0.40642376928799606,4
99.56820258948973,1.0537820559068156,-0.05763709019342772,-0.11998291699871894,-0.02635755994854109,-0.02476047714738951,-0.39134024695399333,4
99.58488068037573,1.1066438032913488,-0.1469391313609527,-0.2026726149600922,-0.018630158684139586,-0.028317761326505417,-0.3982474127411497,4
99.60155877126175,0.9626903864792876,0.02785590847177888,0.009000995920306787,-0.012444613453895017,-0.03377225387392316,-0.40244489727686966,4
99.61823686214775,1.0537820770321766,-0.05763711360241708,-0.11998293998273785,-0.02635754890259119,-0.024760482389578616,-0.3913402515874043,4
99.63491495303377,1.1050280894814009,-0.14195487636366005,-0.22402895281237878,-0.020132687322565734,-0.03987650726691269,-0.3991711524614683,4
99.65159304391977,1.1083253618592774,-0.20770049441813215,-0.23927699455229595,-0.016300543271710512,-0.02539237280486882,-0.39859093494214587,4
99.66827113480579,0.9760165771210958,0.03384215756389902,-0.07088855088359525,-0.03097775741542537,-0.030636093879712126,-0.39474495654518865,4
99.68494922569181,1.0447740311875306,-0.04516875182745522,-0.08356307307659017,-0.021414702848179246,-0.02480507962547571,-0.4054238578915956,4
99.70162731657781,1.0447740094743514,-0.04516872376576869,-0.08356304620772637,-0.021414705702568787,-0.02480508130563092,-0.40542385531933284,4
99.71830540746383,1.0976132783064896,-0.1344409911225108,-0.1662206337671241,-0.013688491968262101,-0.028362850570146158,-0.412332315467317,4
99.73498349834983,1.097250311337805,-0.08330451970144825,-0.1596311712577662,-0.02735578310390877,-0.020252254896065566,-0.3835019156417935,4
99.75166158923585,1.1400413500296607,-0.2164636988666302,-0.23792279447176118,-0.01141310024581152,-0.019880828452651482,-0.40403336092739456,4
99.76833968012187,1.0871155658122433,-0.07646956558247187,-0.17405522248045624,-0.027326864604942974,-0.010083153389712675,-0.3843168501122636,4
99.78501777100787,0.9455705904583783,0.08697998957568218,0.0007415660098065158,-0.04187717081556106,-0.008818843838310273,-0.37585656621444713,4
99.80169586189389,1.072625654032695,-0.05514380009372549,-0.17852962641966014,-0.03051705479293072,-0.023014276837461104,-0.3844152593223805,4
99.8183739527799,1.0871723843634444,-0.1271481968700025,-0.15522361258895828,-0.01914142855518911,-0.016324667122623007,-0.39712594410852464,4
99.83505204366591,1.0498383946451404,-0.08900120435764963,-0.18557497617981916,-0.01969030720479779,-0.00451859401922557,-0.39645651248056313,4
99.85173013455193,1.0615508483976754,-0.0449948065810043,-0.1923394604056429,-0.043032491405965975,-0.02196439329322208,-0.38361708478586026,4
99.86840822543793,1.1188401934449954,-0.19949386460162122,-0.26617258790271947,-0.023901032138946503,-0.008656232654655111,-0.40404779941664726,4
99.88508631632395,1.0854519306494026,-0.12997763064019136,-0.23092928993799797,-0.031116158224988564,-0.0170963665582205,-0.39826290323121494,4
99.90176440720995,1.1317003236935983,-0.2054559048911907,-0.2778603589419972,-0.025213981962688068,-0.03240163758577176,-0.4039462022350676,4
99.91844249809597,1.1317003235198295,-0.20545590148188808,-0.27786035596179665,-0.025213974506055014,-0.03240164239188964,-0.4039462035557387,4
99.93512058898197,1.0635222519554937,-0.12092969951844118,-0.21396068259885753,-0.02997922304111975,-0.04623408700825865,-0.40633172854806127,4
99.95179867986799,1.0635206616999642,-0.1209275354935731,-0.21395860933240118,-0.029979022150592914,-0.04623456767014216,-0.4063317341899743,4
99.96847677075401,1.0982924801199445,-0.1359206883464596,-0.24259846053948436,-0.03243200771731236,-0.04083461201512976,-0.3981563439514227,4
99.98515486164001,1.1454774602994011,-0.16423087479339044,-0.20881330631966782,-0.008976672214812095,-0.024348386031006895,-0.3909626892413335,4
100.00183295252603,1.0193157390448488,-0.0759738674351047,-0.06198669569624721,-0.012069987387819444,-0.0184633731453508,-0.39686282480293605,4
100.01851104341203,1.0962016104952985,-0.13020159441928575,-0.1839820202127363,0.007599268168556554,-0.027007002594288645,-0.39820641405922236,4
100.03518913429805,1.1123461419613783,-0.15139777936323495,-0.18188654524845965,-0.004341989515931601,-0.027584502065705188,-0.39888596256825376,4
100.05186722518407,1.1123461419613783,-0.15139777936323495,-0.18188654524845965,-0.00434198951592524,-0.027584502065698825,-0.3988859625682473,4
100.06854531607007,1.149826285436841,-0.16549823145146897,-0.23661478712971368,-0.00807953477205274,-0.03575395338576991,-0.39142168815166134,4
100.08522340695609,1.0969551350355509,-0.07618954555042762,-0.15391513254167766,-0.01581109866762915,-0.03219416451443379,-0.38451358031691585,4
100.10190149784209,0.9955313561306769,-0.06842227770332943,-0.09157914693108221,0.0036501540671268766,-0.038322125764881074,-0.40607490733177387,4
100.11857958872811,1.0518038129331595,-0.06666146591503874,-0.09680453564362468,0.009377407283266791,-0.05617106221710544,-0.41713125719304694,4
100.13525767961411,1.051803813205369,-0.06666146245224747,-0.09680453264152977,0.009377416580268997,-0.05617106793811663,-0.41713125891102515,4
100.15193577050013,1.1805898365327994,-0.26375002423457605,-0.23597210225156712,0.0006108827809958019,-0.018813478258861628,-0.3925285668624871,4
100.16861386138615,1.0853138061292247,-0.09244317539770058,-0.08161182870579237,-0.009398784354172914,-0.02373587433291327,-0.3939221278097856,4
100.18529195227215,1.0448473951109463,-0.07299498447603453,-0.07376610652196514,-0.02123281480410834,-0.029868056107104028,-0.4014588650505812,4
100.20197004315817,1.0404896008289817,-0.07171496326167381,-0.045957766633119845,-0.02212820681592903,-0.018465867768304518,-0.40100118113967276,4
100.21864813404417,1.1381709299285352,-0.1817368326337645,-0.16428582989063623,-0.001667067046355472,-0.02729416773114452,-0.4008308547222595,4
100.23532622493019,1.138170942766309,-0.18173684062566375,-0.164285838932144,-0.0016670487060189238,-0.027294178783196395,-0.4008308588099017,4
100.25200431581621,1.0866009149951785,-0.08168868205698426,-0.12547374583482773,0.0069265790551923155,-0.05077324297133191,-0.4089538511256304,4
100.26868240670221,1.0337868871964484,0.007543765506933586,-0.042851191975115555,-0.0008060143551458317,-0.047208518601553416,-0.4020413054083247,4
100.28536049758823,0.9461260135062778,0.10511133120794766,0.06313737595419364,-0.018384338857359475,-0.035708611667728415,-0.40125322547143816,4
100.30203858847423,0.9933189979782983,0.026990160399273322,-0.035002365202593366,-0.012641541869769703,-0.05333706925611403,-0.4095726354460205,4
100.31871667936025,1.0140929501898857,0.025222403763997148,-0.0744170669127221,-0.02991735352504967,-0.0468004043704995,-0.40034433371508304,4
100.33539477024625,1.1635731840723464,-0.24513666009918078,-0.29360582871379387,-0.02980166604715278,-0.03197664771393686,-0.3915512979178513,4
100.35207286113227,1.04611551836898,-0.062226537134430715,-0.11760834617815491,-0.004912619931570156,-0.056901947216912774,-0.41648569752344766,4
100.36875095201829,1.0434425389894608,-0.06315674305570917,-0.09155967706583107,-0.003624569786052669,-0.04333637346629341,-0.4157739125845675,4
100.38542904290429,0.9906378859518126,0.026069078992172146,-0.008947057003172054,-0.011353029043156573,-0.03977413331793718,-0.40886230551575253,4
100.40210713379031,1.0240093036877866,-0.04340960486166473,-0.04416092935291083,-0.0041350065007509556,-0.031344207239767184,-0.41465023923641225,4
100.41878522467631,1.0872362674353009,-0.15496487389345892,-0.1454122793874344,-0.018959615798456227,-0.0213907704682374,-0.3931604961046046,4
100.43546331556233,1.0330427938515778,-0.05591271113675195,-0.08061173852602804,-0.009077751795212963,-0.031296958055161694,-0.4005658870697319,4
100.45214140644835,1.033042474686365,-0.05591184745217054,-0.0806109201692215,-0.009076427710377076,-0.03129786392839914,-0.40056622642258227,4
100.46881949733435,1.1066430342197968,-0.14693779797723294,-0.20267129606720002,-0.018629049425192196,-0.028318527311681736,-0.3982476470514127,4
100.48549758822037,1.1066438066078,-0.14693912818971755,-0.20267261285273902,-0.01863014310514574,-0.02831777263302088,-0.3982474163817931,4
100.50217567910637,1.0330432628905837,-0.0559131875456399,-0.08061224449049947,-0.009077494961679266,-0.03129714800004183,-0.40056601511331763,4
100.51885376999239,1.0885639505651157,-0.1442654399701982,-0.18933156906612342,-0.0026329440208587456,-0.04842687566491511,-0.40818988146124613,4
100.53553186087841,1.0885639490898522,-0.14426543462384794,-0.1893315642541123,-0.002632936092038617,-0.04842688078235788,-0.4081898826627569,4
100.55220995176441,1.0858768261870728,-0.14518089327666261,-0.16326512684690053,-0.0013458337176042432,-0.03485851218583453,-0.40747679707575,4
100.56888804265043,1.0330424784720238,-0.05591184392835319,-0.08061091784300672,-0.00907640996300102,-0.03129787635291343,-0.4005662304227949,4
100.58556613353643,1.0475496321529558,-0.07209848579252132,-0.09984950044779273,-0.022520543881908897,-0.04343110761687638,-0.4021680437248406,4
100.60224422442245,1.1211570237029658,-0.16313055254174247,-0.22191940436402363,-0.03207256819185597,-0.04045421691554571,-0.39984976298253894,4
100.61892231530845,1.0404895981723161,-0.07171496280068296,-0.04595776564754783,-0.022128212900387512,-0.018465862591111847,-0.40100117920072803,4
100.63560040619447,1.0682961498037598,-0.07382682365273163,-0.13923118886010188,-0.0397994789839246,-0.036895758703209124,-0.3929420240294608,4
100.65227849708049,0.9911688575805554,-0.0737240461827281,-0.09448943513281377,-0.028255593771878522,-0.025590286040678575,-0.3911202011119404,4
100.66895658796649,1.1106818914799053,-0.15578841826950124,-0.2108747536247203,-0.037529566785484116,-0.028420547277042192,-0.38464483303227515,4
100.68563467885251,1.0899526625642373,-0.15408317070275607,-0.17151348167582453,-0.020246453963086043,-0.034956568193769785,-0.39387095838933195,4
100.70231276973851,1.047549629569892,-0.07209848645170519,-0.09984950045108293,-0.02252055252806349,-0.0434311009240937,-0.40216804133272305,4
100.71899086062453,1.033042486277472,-0.05591185865044923,-0.08061093112298612,-0.009076417766212628,-0.031297868562224676,-0.40056622954479276,4
100.73566895151055,1.0828648039392854,-0.1536699326847602,-0.11758605259161525,-0.019856520098503073,-0.009986764430822307,-0.3927020183465614,4
100.75234704239655,1.0828648058299484,-0.15366993507840054,-0.11758605491907798,-0.019856521746218107,-0.009986763344705812,-0.3927020179269881,4
100.76902513328257,1.0855993803780764,-0.15280708076984145,-0.14370575303229438,-0.02114109944328595,-0.02355447245477784,-0.39341409521554993,4
100.78570322416857,1.089952656308263,-0.15408315825406055,-0.1715134704150203,-0.02024644564450074,-0.03495657600738108,-0.3938709598327132,4
100.80238131505459,1.0899526558814092,-0.15408315772583814,-0.17151346989672422,-0.020246445166428317,-0.03495657626679511,-0.39387095995698307,4
100.81905940594059,1.055044929922503,-0.05753097507486932,-0.1428202710472593,-0.011012409519834947,-0.027512483783537038,-0.39375407717015987,4
100.83573749682661,1.1304236473328966,-0.17353304379560863,-0.17935908626012098,-0.008408734463728806,-0.028824087387660503,-0.38633345344768705,4
100.85241558771263,1.0769541664630422,-0.08141490500060167,-0.12151793079839313,-0.02320552476273746,-0.03624874754144662,-0.3938305797771317,4
100.86909367859863,1.0976854004978223,-0.08312287354373238,-0.1608805434688535,-0.040486005483371404,-0.029713193748884658,-0.384606083730416,4
100.88577176948465,1.0949541548676271,-0.08398814138843153,-0.13476200833790225,-0.039200586511099096,-0.016149254881584196,-0.383899031232795,4
100.90244986037065,1.040785713258173,0.015016829174189561,-0.06999523232689614,-0.0293171525219883,-0.026053498538679255,-0.3913006344709325,4
100.91912795125667,1.0407853822777007,0.01501770977907696,-0.06999439666149354,-0.029315829118879484,-0.026054414343449264,-0.3913009747784205,4
100.93580604214269,1.0905693168005979,-0.08267844182899048,-0.10692067771281932,-0.04009774820098202,-0.004746648457548191,-0.38344371934213634,4
100.95248413302869,1.0769530576442625,-0.08141463533763982,-0.12151749206294271,-0.023208069131938194,-0.03624690718525484,-0.3938298901460204,4
100.96916222391471,1.1304236430090426,-0.17353304188762003,-0.17935908370202075,-0.008408741635091423,-0.028824081964268642,-0.3863334515299312,4
100.98584031480071,1.1304236508078387,-0.17353304772401268,-0.1793590901791166,-0.008408733586487154,-0.02882408704440229,-0.38633345336139285,4
101.00251840568673,0.9429541347352787,0.10567017568392553,0.08969695315175397,-0.018619464466178563,-0.026068551437702037,-0.4029251540598951,4
101.01919649657273,1.0140929413670157,0.02522240986392066,-0.07441706056435854,-0.02991736694002831,-0.04680039731950959,-0.40034433061094044,4
101.03587458745875,0.9429541323757407,0.10567017519865049,0.08969695360268415,-0.01861946943268483,-0.026068547251791082,-0.40292515342958873,4
101.05255267834477,0.9795892351843097,0.03618176098050935,-0.022784504730876842,-0.02386674875747779,-0.03872298500732842,-0.40805960345061537,4
101.06923076923077,1.0276897414514221,-0.05025021769894811,-0.0736598271211169,-0.007307075298453522,-0.029512311445178293,-0.400403489674983,4
101.08590886011679,1.1048497756699396,-0.20173048304295443,-0.2331219561941697,-0.012515988590941768,-0.026791711526583325,-0.39994072430149036,4
101.10258695100279,1.0704759506489596,-0.13379621533060243,-0.1493018614818779,-0.014760922324974763,-0.022399835300751587,-0.40621454581029276,4
101.11926504188881,1.0748241422582674,-0.1350648151628825,-0.17710257292783083,-0.013865057558015736,-0.03380605262688496,-0.4066739051395528,4
101.13594313277483,1.0788844027120885,-0.14394412229651105,-0.18533363312286338,-0.03276467691480482,-0.03390688239758005,-0.39306992333217144,4
101.15262122366083,0.9460775808165449,0.007346845642176192,0.003239855254914936,-0.029240740822868667,-0.02050330511373005,-0.39870750454655307,4
101.16929931454685,1.0448473806846186,-0.0729949731883281,-0.0737660944243897,-0.02123283024041349,-0.029868047172550993,-0.40145886141668036,4
101.18597740543285,1.08723627119773,-0.1549648841555571,-0.14541228849720628,-0.01895962714506624,-0.021390761207900733,-0.39316049384032287,4
101.20265549631887,1.011325923491474,-0.007556329990423161,0.03510838456058257,-0.013765375944792439,-0.01517574112278857,-0.39643710510234664,4
101.21933358720489,0.9971132236417234,0.006675683361843265,0.024943801929077025,-0.02850041675436352,-0.01616596770170231,-0.3955248242725765,4
101.23601167809089,1.1079484195241607,-0.15665069835295342,-0.18475126752795662,-0.036243869084001436,-0.014854701257058381,-0.38393680550277476,4
101.25268976897691,1.0448473819734958,-0.07299497856040615,-0.07376609927742922,-0.021232839806988105,-0.029868039483046924,-0.4014588585886839,4
101.26936785986291,1.09243878021312,-0.1567198082934635,-0.09881929172679338,0.0007259250150404265,-0.0204463807536397,-0.40816057822423557,4
101.28604595074893,0.9460775666583712,0.007346871873512906,0.003239878979360289,-0.029240727333073858,-0.020503318930588446,-0.3987075062378822,4
101.30272404163493,0.891921132755474,0.1063457421110772,0.06800076737150307,-0.019360375893692154,-0.03040504905608967,-0.40610721491332125,4
101.31940213252095,0.9252715753038793,0.03689196673459255,0.03280745205396601,-0.012143613330298479,-0.021975340835181455,-0.4118933434001493,4
101.33608022340697,0.9982798906343113,-0.11690311776354928,-0.07354583065977077,-0.011304261400608275,0.004896002305124463,-0.3967663539398828,4
101.35275831429297,0.9403311456415041,-0.04586982546494603,0.024456130540300547,-0.02046593558395278,-0.006065580322266092,-0.41220767426551014,4
101.36943640517899,0.9447071418473908,-0.04717103523011246,-0.003370757628443355,-0.0195678629529642,-0.01746847903230465,-0.412667384526077,4
101.38611449606499,0.8969761026008178,0.03250277506987828,0.09533623477278,-0.02683630619932403,-0.003768967609252294,-0.40673251629553003,4
101.40279258695101,1.0452964941860632,-0.22438985120846733,-0.14028168546213465,-0.005131981160978847,-0.010946879460722203,-0.42583200300047447,4
101.41947067783703,0.9794403569091357,-0.0621313529095171,-0.03196852743754425,-0.022025390210803023,-0.012069812512007713,-0.4044928602457689,4
101.43614876872303,0.9750540200519937,-0.06081958657908537,-0.004129651913510279,-0.022924797736582035,-0.0006663453045783436,-0.4040334131146877,4
101.45282685960905,0.9417008053446589,0.00864919187269586,0.03106759326483005,-0.030137652107707684,-0.00910332818388328,-0.39825055432788103,4
101.46950495049505,1.0322822689804698,-0.1514182911624799,-0.11463257945609523,-0.014297725114275638,-0.015623813550694364,-0.41139951904360517,4
101.48618304138107,0.9750540099292349,-0.06081957200728136,-0.004129638121059154,-0.022924795712874455,-0.0006663481833842611,-0.4040334124415028,4
101.50286113226707,0.9750540109749245,-0.06081957713284927,-0.004129642637675346,-0.022924804266344002,-0.0006663425453310673,-0.40403341109182167,4
101.51953922315309,0.9750540109749245,-0.06081957713284927,-0.004129642637675346,-0.022924804266344002,-0.0006663425453278867,-0.4040334110918185,4
101.5362173140391,0.9750540109749245,-0.06081957713284927,-0.004129642637675346,-0.022924804266344002,-0.0006663425453278867,-0.4040334110918185,4
101.55289540492511,0.9447071476462658,-0.04717104370585398,-0.0033707657532380253,-0.01956786529280284,-0.017468476496696365,-0.4126673842921349,4
101.56957349581113,0.9975261686928467,-0.13643299041817253,-0.08600815765989195,-0.011840570654056826,-0.02102393198656455,-0.4195758158144126,4
101.58625158669713,1.0376923017030795,-0.21423651900708587,-0.13031000962011152,-0.005706117957771237,-0.013678328117416672,-0.42672328747757443,4
101.60292967758315,0.9523673764098765,-0.049875233289390364,-0.05765195983752058,-0.0069006088188221975,-0.030886936210197034,-0.41289612144896415,4
101.61960776846917,0.948014722138232,-0.048600975823791914,-0.029850773011183385,-0.007797504366105477,-0.019483089665716,-0.412435435955296,4
101.63628585935517,0.9523674159964026,-0.04987528037522093,-0.05765200560245404,-0.006900595710797221,-0.0308869394650229,-0.4128961276993689,4
101.65296395024119,0.9523674247297518,-0.04987528936474395,-0.057652014440039756,-0.006900589272768518,-0.0308869421872696,-0.4128961296535212,4
101.66964204112719,1.062914268658273,-0.14727470262461828,-0.12778386317543966,-0.011049759776206538,-0.038825905138341235,-0.41654546463848985,4
101.68632013201321,1.0510989015518164,-0.13017476757862823,-0.134617359905301,0.0011078412884841596,-0.04025845620233234,-0.41565473598713876,4
101.70299822289921,1.0629142705825054,-0.1472747019236988,-0.12778386294240573,-0.011049753024183593,-0.038825909174890635,-0.416545465703032,4
101.71967631378523,1.0510989015515788,-0.13017476757836122,-0.1346173599050191,0.0011078412884269096,-0.040258456202325994,-0.41565473598713554,4
101.73635440467125,1.0629142705824512,-0.14727470192362602,-0.12778386294233673,-0.011049753024209038,-0.03882590917488587,-0.4165454657030227,4
101.75303249555725,1.0510989015515841,-0.13017476757835666,-0.13461735990501927,0.0011078412884364512,-0.040258456202325994,-0.41565473598712344,4
101.76971058644327,1.0510989005364553,-0.13017476626369584,-0.13461735863862273,0.001107842203355046,-0.040258456859621185,-0.4156547362102165,4
101.78638867732927,1.051098913023307,-0.13017477733339988,-0.13461737004902052,0.001107852962674931,-0.0402584632355519,-0.41565473942019676,4
101.80306676821529,0.868164508792616,0.04941030529860532,0.07017993750959825,-0.03720385025336571,-0.0421716724316022,-0.4144507868080524,4
101.8197448591013,1.0510989051367239,-0.13017477910998143,-0.13461736973212562,0.001107829088334438,-0.04025844659470125,-0.4156547346341872,4
101.83642294998731,0.9437320659804259,-0.03516921670259021,-0.020365055115196984,-0.00852937700524168,-0.04241045443663546,-0.41190007320891875,4
101.85310104087333,0.9437320659805339,-0.03516921670273565,-0.020365055115334763,-0.0085293770052385,-0.04241045443661639,-0.41190007320893435,4
101.86977913175933,0.9437320754372214,-0.03516923032911473,-0.020365067875250775,-0.008529378052079952,-0.04241045213047507,-0.41190007420652336,4
101.88645722264535,0.8629559526340025,0.02316732135512073,0.05483552701587768,-0.04250932387582132,-0.04099984170119926,-0.4092501797765052,4
101.90313531353137,1.0836817545725836,-0.14903220001658457,-0.16719209905959426,-0.028332864389046433,-0.03228771070986367,-0.40731690397419934,4
101.91981340441737,1.0446886643575997,-0.10064611067700668,-0.1899768206020905,-0.016753983866822905,-0.03208785288310724,-0.40494197394704734,4
101.93649149530339,1.0608223615231958,-0.12182755069243628,-0.187873996076727,-0.02869142730069177,-0.03266758313305279,-0.4056229855550949,4
101.95316958618939,1.060822352408448,-0.12182754335435225,-0.18787398833405416,-0.028691437342136507,-0.032667576706216214,-0.40562298256580104,4
101.9698476770754,1.0510989054377657,-0.1301747785679528,-0.13461736968665444,0.0011078285364857937,-0.04025844610596278,-0.41565473349911075,4
101.98652576796141,1.0718765391568241,-0.1319486142693388,-0.17403821022844146,-0.016176338494598666,-0.033718259571191844,-0.4064237762212801,4
102.00320385884743,1.0079789908139591,-0.032542760888502165,-0.10520206218370753,-0.0364157307879158,-0.02911048864883719,-0.3987153812180085,4
102.01988194973345,1.0190376672934949,-0.04267154567610587,-0.09137515812832253,-0.023903387918914592,-0.03015951052809627,-0.3995148314933829,4
102.03656004061945,1.0190376731378965,-0.04267154884154417,-0.0913751618283728,-0.02390337824589923,-0.03015951695059443,-0.3995148339962567,4
102.05323813150547,1.019037673231753,-0.042671548911395074,-0.09137516190283373,-0.02390337813799254,-0.030159517015213758,-0.39951483402445814,4
102.06991622239147,0.9978501873889027,-0.025712643464522567,-0.11962717896312741,-0.036385434078029764,-0.018942806434838998,-0.39953152967014954,4
102.08659431327749,1.0106853813885883,-0.031651832697219606,-0.13129327322109402,-0.03770382198189363,-0.042674812490881064,-0.39942266533539644,4
102.1032724041635,1.1079484283728434,-0.15665070892933636,-0.1847512774899201,-0.03624386462301169,-0.014854701565864803,-0.3839368069219725,4
102.11995049504951,1.0732130940816949,-0.14169894477125544,-0.15615696011831548,-0.033788025787329534,-0.02025443383154591,-0.3921120864139733,4
102.13662858593553,1.0056035911319454,-0.020588956061636576,-0.11955482692151484,-0.013253578503145399,-0.04314721330336895,-0.3995461246749881,4
102.15330667682153,1.1288040902519962,-0.23014900730651922,-0.2649724865476189,-0.027347506681526863,-0.037377002563859445,-0.3997284479242442,4
102.16998476770755,1.0217390530484725,-0.0417736502429264,-0.11745807205639569,-0.025191184386766693,-0.04372442438296957,-0.4002241001811131,4
102.18666285859355,1.0217390746782236,-0.041773674146154016,-0.11745809548617808,-0.025191172627925695,-0.043724429791062294,-0.40022410496980626,4
102.20334094947957,1.0190376824362528,-0.04267155889097951,-0.0913751716001171,-0.023903372237073603,-0.030159519190249093,-0.39951483595315873,4
102.22001904036559,1.0217390660866585,-0.04177366481093475,-0.11745808643544764,-0.025191178193745216,-0.04372442782073195,-0.4002241031804436,4
102.23669713125159,1.021739074663983,-0.04177367410195554,-0.1174580954467177,-0.02519117257618442,-0.043724429828056924,-0.4002241049776718,4
102.2533752221376,1.019037682436247,-0.042671558890978456,-0.09137517160012254,-0.02390337223708314,-0.030159519190263398,-0.399514835953173,4
102.27005331302361,1.0197687092848202,-0.04960318062836294,-0.09834172610030911,-0.048568831634422445,-0.027683558038804686,-0.3996109767366481,4
102.28673140390963,1.042717033598896,-0.0475000250521142,-0.13380288402925472,-0.03887044744273722,-0.023711120680676236,-0.39054184546304277,4
102.30340949479564,1.0079790014444985,-0.03254278119678028,-0.1052020808729705,-0.036415744230982504,-0.02911047702618402,-0.3987153792212303,4
102.32008758568165,1.021739060056559,-0.0417736615540662,-0.11745808261559182,-0.025191188127427,-0.04372442124028325,-0.40022410063274416,4
102.33676567656767,1.0436535042941752,-0.050808040324647585,-0.13441114277914817,-0.026325963773948885,-0.014593011688806782,-0.39215551396813986,4
102.35344376745367,1.0140938983378724,0.025220656548327558,-0.07441862278545042,-0.029918171766272636,-0.046799291468233445,-0.40034410366348633,4
102.37012185833969,1.0140929330462751,0.02522241458872504,-0.074417055324915,-0.029917381155074783,-0.046800387763777936,-0.40034432622831134,4
102.38679994922569,0.8782348875479943,0.17748064193470314,0.11580957116477597,-0.04247895024835735,-0.03145698506912989,-0.3904686265530768,4
102.40347804011171,0.9668542132315203,0.10339773079626699,0.02378175253390341,-0.03565911752536303,-0.0291749267246316,-0.3920303950492851,4
102.42015613099773,1.0655768710946816,-0.07470393229987743,-0.11312554446002976,-0.03851285428643965,-0.02333267839865637,-0.39223528844764516,4
102.43683422188373,1.0205492268333356,0.0058618784519970935,-0.040496336349244544,-0.04706303702630657,-0.02319566046330173,-0.38701328560531967,4
102.45351231276975,0.9636742735854196,0.10396533911565287,0.0503523475612761,-0.03589422670864382,-0.01953452365456289,-0.39370435836632933,4
102.47019040365575,1.0178056239281803,0.00501116048451955,-0.014366961411031165,-0.04577692003271214,-0.009634232365328104,-0.38630666341188563,4
102.48686849454177,0.97933109080556,0.040207956402210865,-0.04578836979651241,-0.02746528928983436,-0.05219739723523556,-0.4085175191486011,4
102.50354658542778,1.0322381287655398,0.016883985007304703,-0.03920927399946744,-0.03653117141971559,-0.005914268321108734,-0.3769603713617862,4
102.52022467631379,0.9839552787123933,0.018995219216926817,-0.08643332678320681,-0.037342138737312895,-0.025298502299705337,-0.3828548718935448,4
102.5369027671998,1.0378826277438895,-0.04018272945711726,-0.14992295929225358,-0.02806287854556596,-0.028413252488885883,-0.3925895478719377,4
102.55358085808581,0.9765048925685421,0.12080914340208751,0.004150289680129482,-0.028150317071785034,-0.027374887559313714,-0.3852846719387294,4
102.57025894897183,1.0141163767915287,0.04797609775345374,-0.10899529771296729,-0.020851306672687926,-0.030912785783625028,-0.3920324914942901,4
102.58693703985784,0.9553154067568308,0.1377700455568672,-0.02409177205640156,-0.04063180227819582,-0.01615794718577041,-0.38530209080810046,4
102.60361513074385,0.9553154008239224,0.13777004550116945,-0.024091771069891382,-0.040631819380330475,-0.016157935806020447,-0.38530208701462143,4
102.62029322162986,0.9079961021489011,0.21602444940491944,0.07419542022071707,-0.04637728466420143,0.0014643809258523886,-0.3769919853613171,4
102.63697131251587,0.9079961035623312,0.21602444758581707,0.07419541846979891,-0.04637728534826901,0.001464381373884405,-0.37699198530205835,4
102.65364940340189,0.9079961035623312,0.21602444758581707,0.07419541846979891,-0.046377285348272186,0.0014643813738907658,-0.37699198530205513,4
102.67032749428789,0.9553154027862261,0.13777003955215333,-0.024091776476186294,-0.040631827263419164,-0.016157930415172456,-0.3853020857268685,4
102.6870055851739,0.9553154005162551,0.1377700457583963,-0.024091770801492468,-0.04063181967403249,-0.01615793562966822,-0.38530208693111717,4
102.70368367605992,0.9553154006271343,0.1377700456590349,-0.02409177090356676,-0.040631819580361946,-0.016157935684952617,-0.3853020869596416,4
102.72036176694593,1.0054216251619312,0.047643868577528614,-0.08063888285220808,-0.03162660910047372,-0.006144451975835398,-0.3914945693455155,4
102.73703985783195,0.9869131680077866,0.05651477791507331,-0.09035560004463977,-0.030493180540636867,-0.04517277918474063,-0.39886432394476384,4
102.75371794871795,0.9731701549596147,0.05861826350887395,-0.10527404268599336,-0.03218792297658619,-0.014554710161931302,-0.40123144719549225,4
102.77039603960397,1.126249811900954,-0.2069973524458265,-0.3239796377013304,-0.030347051957030108,-0.02017511122003355,-0.39088677474653827,4
102.78707413048998,1.029636181731859,-0.025935900560322578,-0.1874626224948906,-0.022734785927625605,-0.03856515027121504,-0.4065888782136263,4
102.80375222137599,1.0296361899797364,-0.02593590507299659,-0.18746262740028516,-0.02273476990090387,-0.038565160679113454,-0.4065888829769404,4
102.820430312262,1.029636190047823,-0.02593590509592525,-0.18746262743019906,-0.022734769747435723,-0.03856516078082763,-0.40658888301672025,4
102.83710840314801,0.8865190039687993,0.13835584242336282,-0.010128234424354093,-0.026557995253712583,-0.028599926815312943,-0.39856108139810004,4
102.85378649403403,0.9827862943005108,-0.0027255596504127677,-0.1452232792048956,-0.015004703648111963,-0.023236785855602828,-0.4000014696279635,4
102.87046458492003,0.9418492211712559,-0.008250243366108134,-0.1518475500718821,-0.01456252903511094,-0.03922928442849501,-0.40437466476504214,4
102.88714267580605,1.0304968133123988,-0.08237184387467172,-0.2439344562009019,-0.0077332091316805445,-0.036948194791985266,-0.40594007164333107,4
102.90382076669206,1.0304985953093544,-0.08237392169083807,-0.243936540422991,-0.007732890614858589,-0.03694820292496903,-0.40594020046644325,4
102.92049885757807,0.9418510602136072,-0.008252403420006105,-0.15184970793742944,-0.014562201865692806,-0.03922928903495391,-0.4043748061008562,4
102.93717694846409,0.9418492237621832,-0.008250242860496193,-0.15184755011155843,-0.014562520902666675,-0.03922928939061314,-0.4043746662180731,4
102.95385503935009,0.9418492264064091,-0.008250247708749103,-0.1518475543455431,-0.01456252190554015,-0.03922928817566959,-0.4043746668361251,4
102.9705331302361,0.9181955251420767,0.052869876940693894,-0.12587493397925997,-0.0034607251653025477,-0.04637214192250758,-0.4123196203013207,4
102.98721122112212,0.9181955251420767,0.052869876940693894,-0.12587493397925997,-0.0034607251653025477,-0.04637214192250758,-0.41231962030131747,4
103.00388931200813,1.0304986043324171,-0.08237392759774964,-0.24393654693063033,-0.007732877675549011,-0.03694821115448264,-0.40594020398145975,4
103.02056740289414,1.030498593425727,-0.08237391768961377,-0.2439365370319086,-0.007732889314701738,-0.03694820424915506,-0.405940199965857,4
103.03724549378015,0.9418584786210284,-0.008864046214324628,-0.15248212887047233,-0.01577571828201224,-0.037745821103621464,-0.4023706629106372,4
103.05392358466617,0.93914310810679,-0.009144529170942828,-0.1257607471386282,-0.013277475600393452,-0.02565970844921792,-0.403661619033435,4
103.07060167555217,1.0405881740559473,-0.08915774832361861,-0.2294607933392522,-0.007769158981804736,-0.04712023878345352,-0.40512672102014063,4
103.08727976643819,0.951942214101447,-0.015038719637205766,-0.13738039945498007,-0.014597346000166624,-0.0493988106583445,-0.4035604314466254,4
103.1039578573242,0.8532334229245161,0.06524086069803997,-0.06041799527070363,-0.02260223904021607,-0.040026721728968734,-0.40080647447985823,4
103.12063594821021,1.0405881882427244,-0.08915776630446504,-0.22946081039528857,-0.00776915504524037,-0.04712023868041625,-0.40512672331585814,4
103.13731403909622,0.9391431098128477,-0.009144528263687446,-0.125760746664726,-0.013277468844519573,-0.025659712586156267,-0.40366162017302193,4
103.15399212998223,0.9418492177042426,-0.008250238343891214,-0.1518475452500171,-0.014562527724642818,-0.039229285987783004,-0.4043746649542566,4
103.17067022086825,1.0304968133123296,-0.08237184387450558,-0.24393445620075419,-0.007733209131518336,-0.036948194792126805,-0.405940071643357,4
103.18734831175426,0.9418584786215211,-0.008864046214964783,-0.152482128871101,-0.015775718282114024,-0.03774582110349741,-0.4023706629106267,4
103.20402640264027,0.8600108158735115,0.054682390294213956,-0.04699811613948848,-0.03287059137448028,-0.038566413520052634,-0.4013352086683141,4
103.22070449352628,1.0430522946530367,-0.0984893672626676,-0.1882708759036689,-0.0189343794708066,-0.03425172585752644,-0.40519555155848475,4
103.23738258441229,1.0608223617637345,-0.12182755139277573,-0.18787399665370808,-0.028691427868035912,-0.03266758250344756,-0.4056229854508474,4
103.2540606752983,1.0446886694964233,-0.10064611679978547,-0.18997682655906975,-0.01675398217501247,-0.03208785339320946,-0.40494197482359967,4
103.27073876618432,1.0534134392501275,-0.11412107734944194,-0.22841152857348118,-0.02994597973028055,-0.03606593012350687,-0.4071481649833173,4
103.28741685707033,1.0520775891477072,-0.11692464998524588,-0.2044030605273974,-0.030874966558275804,-0.022363050200731857,-0.4062002708018704,4
103.30409494795634,1.0635206533521626,-0.12092752747233626,-0.21395860126419722,-0.02997902892342067,-0.04623456488890361,-0.4063317327010604,4
103.32077303884235,1.0473845471271805,-0.09974116392015642,-0.2160559169672388,-0.018040557146239224,-0.04565773090340403,-0.40565350576939974,4
103.33745112972836,0.8600108076669585,0.054682399811904814,-0.04699810673044927,-0.03287059419633242,-0.03856641174030128,-0.40133520688327956,4
103.35412922061437,0.9587330678192901,-0.025614896172496737,-0.12397331137617301,-0.024866649778445705,-0.047936471590729855,-0.40408728594720156,4
103.37080731150039,1.0473827821547192,-0.09973910327248586,-0.2160538504081581,-0.018040864493989544,-0.04565772960165987,-0.4056533813196497,4
103.3874854023864,0.9519403757854599,-0.015036557990117938,-0.13737824078634214,-0.0145976703160192,-0.04939880788878963,-0.4035602896134679,4
103.4041634932724,0.9587330777322944,-0.025614901648852273,-0.12397331769676767,-0.024866633581244857,-0.04793648177936205,-0.4040872898220381,4
103.42084158415842,1.0446886931133073,-0.10064614172958314,-0.1899768510830598,-0.016753966355955732,-0.032087861122869765,-0.4049419806201267,4
103.43751967504443,0.9560382176177782,-0.026519391276131732,-0.09789719210662695,-0.023579671700271802,-0.03437023215032431,-0.4033775329129895,4
103.45419776593045,1.060822367205854,-0.121827558865723,-0.18787400368186585,-0.028691427523368493,-0.03266758196820465,-0.40562298634306215,4
103.47087585681646,0.964760878202132,-0.04059456292737551,-0.1369510841405289,-0.03798369980899982,-0.03686437832128622,-0.4035794607407996,4
103.48755394770247,1.0608202373188047,-0.12182505355835538,-0.18787152860461787,-0.02869187604176785,-0.032667554541895516,-0.40562280335351325,4
103.50423203858848,1.0608223550456173,-0.12182754875753687,-0.18787399300983992,-0.02869143922970664,-0.03266757475915506,-0.405622983065938,4
103.52091012947449,1.060822352260799,-0.12182754323157247,-0.1878739882056264,-0.028691437482430786,-0.03266757662548575,-0.4056229825282107,4
103.5375882203605,1.0718765316719412,-0.13194861538263652,-0.17403820978802997,-0.016176362273703143,-0.03371824278589587,-0.4064237704407738,4
103.55426631124651,1.0718765375589039,-0.131948618526817,-0.17403821348757142,-0.016176352496082288,-0.03371824931002731,-0.4064237729653715,4
103.57094440213253,1.071876537654182,-0.13194861859749552,-0.1740382135630275,-0.016176352386416754,-0.03371824937581709,-0.406423772993978,4
103.58762249301854,1.0718765376540738,-0.13194861859735008,-0.17403821356288968,-0.016176352386321334,-0.03371824937588546,-0.4064237729939858,4
103.60430058390455,1.0635217632146912,-0.12092880271408152,-0.21395978011675987,-0.029978288496899503,-0.04623468162355994,-0.406331935042891,4
103.62097867479056,1.0608223615292094,-0.12182755325707345,-0.18787399794950022,-0.02869143148975898,-0.032667578883438214,-0.40562298449886997,4
103.63765676567657,1.0608223610789247,-0.12182755287135955,-0.18787399765857965,-0.02869143394772699,-0.03266757767021387,-0.4056229836899339,4
103.65433485656258,1.0693260241818383,-0.1088088686943614,-0.2330447082663074,-0.019176912118802614,-0.0165141654315558,-0.3975794852613582,4
103.6710129474486,1.026591148921877,-0.02633312211113742,-0.1359144785409896,-0.026934665689377198,-0.02312873619602312,-0.38985922865326605,4
103.6876910383346,1.042717059354993,-0.04750004994688062,-0.13380290936604855,-0.03887042840252494,-0.023711131508005703,-0.39054185154377574,4
103.70436912922062,1.0427170505803347,-0.04750004294154192,-0.1338029019621667,-0.038870438293746,-0.023711125143548267,-0.3905418486043901,4
103.72104722010663,1.0955832679524264,-0.13680975405159107,-0.21650143479298772,-0.03114575541589406,-0.027266778964017715,-0.3974476781471458,4
103.73772531099264,0.9902112782740959,0.041275236267403315,-0.07659335174710596,-0.04111095450299373,-0.02202096626643772,-0.39965361992662746,4
103.75440340187865,1.0955832584567198,-0.13680974300691484,-0.2165014239149763,-0.03114575815856016,-0.02726677870164577,-0.3974476772531418,4
103.77108149276467,1.0427170394765746,-0.04750002733923303,-0.1338028871327731,-0.03887043670949608,-0.0237111279197338,-0.3905418478308105,4
103.78775958365068,1.042717050220379,-0.04750004261645013,-0.13380290162232966,-0.038870438483676044,-0.023711125045979966,-0.39054184855849267,4
103.80443767453669,0.9526102423286233,0.11410313571338782,0.03653724980724121,-0.048401307656658045,-0.01848641596845902,-0.39290751451293776,4
103.8211157654227,0.9740908802896744,0.062435605135826744,-0.07870818264618418,-0.029177715724766965,-0.021438056432501455,-0.3989701639211187,4
103.8377938563087,0.9424635721941316,0.12095360845226957,0.022137834676820345,-0.04837504217561371,-0.008321061633428878,-0.39372432692465376,4
103.85447194719472,0.936492975616218,0.1352571284570835,0.03442078931498291,-0.03647064289283341,-0.017902607284766794,-0.39222340982324927,4
103.87115003808074,0.9424635807333164,0.1209535960237732,0.022137822930435813,-0.048375044196678506,-0.008321058855797973,-0.39372432735591384,4
103.88782812896675,1.0831644398780016,-0.06692904357686885,-0.14162743055734167,-0.02704359706115698,-0.017575981486609042,-0.38300305598372025,4
103.90450621985276,1.0835179683413243,-0.06744424901704027,-0.16710643699067362,-0.02155892461725594,-0.019441967881181913,-0.3990218324858292,4
103.92118431073877,0.9856394477273546,0.1023888496491061,-0.011803355190187603,-0.037838135597771896,-0.015750981182528708,-0.38689562612768397,4
103.93786240162478,0.9553153962889424,0.13777005151816885,-0.024091765328124765,-0.04063181968117933,-0.016157936278316923,-0.3853020864543128,4
103.9545404925108,1.027363154589295,0.037085560176030985,-0.09818542172538441,-0.01866494103573915,-0.0390414477572095,-0.39133100398076154,4
103.9712185833968,1.080201738020211,-0.05217587489385411,-0.180846450082078,-0.010936034981245672,-0.042603255897777206,-0.3982397393994597,4
103.98789667428282,1.0734052238146137,-0.04159128644030269,-0.1942507537973655,-0.0006631206540663861,-0.044067048508560254,-0.3977137301329486,4
104.00457476516883,0.9626736813562455,0.1424116911942419,-0.07174312565824642,-0.015075148618281402,-0.040399404747862945,-0.3853579719248883,4
104.02125285605484,0.9700294830918226,0.07387818618461567,-0.11822721701095784,-0.02019150506925302,-0.036465535199419474,-0.39915189866679635,4
104.03793094694085,0.9810773735036293,0.06376691293878506,-0.10438911577914217,-0.007676243521766681,-0.0375182475919917,-0.39995465345434067,4
104.05460903782686,0.9768098431958537,0.06331612108238088,-0.10480833011186394,-0.03046096528765947,-0.035005280804054954,-0.3996805386437023,4
104.07128712871288,0.9217404854392236,0.21147547419444815,0.04036237311211405,-0.03261218618444235,-0.025236760857531765,-0.37995468745394717,4
104.08796521959889,1.0145360899412807,0.043007519011895534,-0.08653890267969822,-0.017348747706426488,-0.01530541468693569,-0.3914337231166191,4
104.1046433104849,1.0172600016941327,0.04388509434806592,-0.11264169352697187,-0.018632217490033347,-0.02887322617410859,-0.3921458802643427,4
104.1213214013709,1.017260001649514,0.043885094401151126,-0.11264169347455916,-0.018632217443371426,-0.028873226197436368,-0.3921458802772667,4
104.13799949225692,1.0811588277150277,-0.055499739524445424,-0.1814788059182879,0.0016185595784877528,-0.03348789924628321,-0.3998572328133728,4
104.15467758314294,1.0811588277122524,-0.055499739520849356,-0.1814788059148631,0.0016185595797885998,-0.03348789924725963,-0.39985723281345215,4
104.17135567402894,1.0172600067614874,0.04388509587607542,-0.11264169313418618,-0.018632199706717527,-0.02887323782611033,-0.3921458839190162,4
104.18803376491496,1.0707114717889883,-0.04820380556152193,-0.17047404719276874,-0.003836451260565425,-0.02144681094478661,-0.38464829563811437,4
104.20471185580097,1.0182906963002756,0.041673663652633974,-0.0923359037032784,-0.032936542657863936,-0.02988149398496835,-0.39139039915522594,4
104.22138994668698,1.0081653034677343,0.0484988779819166,-0.10676542134248135,-0.03290796480574924,-0.019713064774764637,-0.3922058652979587,4
104.23806803757299,1.0223701841948774,0.034277132843910096,-0.09659024789698584,-0.01817531296798036,-0.018725167838153717,-0.39311799312531454,4
104.254746128459,1.097002751471383,-0.11192956624678924,-0.29698000114116163,-0.0005307640691862719,-0.01510300489742488,-0.39079877124485446,4
104.27142421934502,1.0271530336947745,-0.04945694511422649,-0.17384447392521443,-0.005215583175495731,-0.03786760514052529,-0.3878506186965365,4
104.28810231023103,1.1057348476912554,-0.11681319239873583,-0.28042903414067066,0.0016519641605040542,-0.025412565532874,-0.39022572359281904,4
104.30478040111704,1.0915285279172413,-0.1025934953968744,-0.2906068276621843,-0.013090671023216219,-0.026399284944602797,-0.3893109364540072,4
104.32145849200305,1.0915285232178618,-0.10259349411225566,-0.29060682563880014,-0.013090681088683206,-0.02639927774365609,-0.38931093395967303,4
104.33813658288906,1.0915285227981038,-0.10259349373143278,-0.2906068252422201,-0.013090681326079824,-0.026399277615549683,-0.38931093389543847,4
104.35481467377508,1.0983075855690065,-0.11315352508037407,-0.27717773901122267,-0.02336543085610776,-0.024939293179806223,-0.3898403517241639,4
104.37149276466108,1.0491204600001387,-0.02060364166764317,-0.21891805088311292,-0.015366653159888237,-0.034880983306836554,-0.3976101447640483,4
104.3881708555471,1.0983075851779702,-0.11315352381818261,-0.27717773769683424,-0.023365427908693913,-0.024939295078322442,-0.38984035264160455,4
104.4048489464331,1.0635476307290428,-0.09817303013086409,-0.24854856296245728,-0.020911606491690035,-0.030340646205080337,-0.3980160540273584,4
104.42152703731912,1.0559034408921402,-0.031169604134200446,-0.20549791901133904,-0.025638891726058693,-0.03341936072400334,-0.39813847409340963,4
104.43820512820513,0.9935592332109676,0.06777980805804079,-0.11014402169424528,-0.021811330260493332,-0.017751763059906816,-0.3899910875464098,4
104.45488321909114,1.0491204696647036,-0.020603652742873346,-0.21891806174775605,-0.015366648896967997,-0.034880985791664466,-0.39761014714144766,4
104.47156130997716,1.0915285221890727,-0.10259349222106073,-0.2906068236946774,-0.01309067851364237,-0.026399279514996234,-0.3893109347881528,4
104.48823940086316,1.0567653473379717,-0.08760804606932565,-0.26197217638513515,-0.010637603019222593,-0.03180109891703409,-0.39748735464090235,4
104.50491749174918,1.0304986003760126,-0.08237392772174512,-0.24393654663779693,-0.007732891594663534,-0.03694820152495215,-0.40594019984963414,4
104.52159558263519,0.929871161025422,0.09485539554380018,-0.10695259087585524,-0.02217907693355172,-0.04345275511797047,-0.3927682455826688,4
104.5382736735212,1.0304986233066997,-0.08237395660597563,-0.24393657425542595,-0.007732885929547372,-0.03694820162317567,-0.40594020346573473,4
104.55495176440722,0.9042661610782889,0.06456973101121566,-0.03871581691473769,-0.02186316016025196,-0.035689066450629955,-0.3976242396847469,4
104.57162985529322,0.9492505530047672,-0.015948157511966432,-0.11130939412187624,-0.013310884226167698,-0.03583032980892008,-0.40284842631171675,4
104.58830794617924,0.9519403822560285,-0.015036564991148749,-0.13737824780059446,-0.014597667039802165,-0.04939881022472662,-0.4035602913236014,4
104.60498603706525,0.9519403904869579,-0.01503657385938345,-0.13737825640063284,-0.014597661423627799,-0.04939881236720151,-0.4035602931633875,4
104.62166412795126,0.9782018069113161,-0.020268239320199666,-0.15540796709515745,-0.017500438156568314,-0.044253485009210884,-0.3951093644104327,4
104.63834221883728,0.9782018136129653,-0.020268248989544324,-0.1554079763600822,-0.017500440371605332,-0.044253482374249364,-0.39510936429403365,4
104.65502030972328,0.9357978289948918,0.06171480660199263,-0.08373038311962164,-0.019776095088247233,-0.05272976630981223,-0.4034044252204461,4
104.6716984006093,1.0192278920515283,0.03836694654284534,-0.09294509866745676,-0.020394258646269193,-0.020765042564706956,-0.39300499523745197,4
104.6883764914953,0.8404797571920714,0.21703389472293272,0.08592515624520253,-0.04454615057413081,-0.023585081978560966,-0.39218725353338624,4
104.70505458238132,0.951086791282414,0.041383583765909226,-0.08092709480459645,-0.02959247915628563,-0.05101244603757671,-0.4042072031199121,4
104.72173267326733,0.9034118206867023,0.12098413544677622,0.017726336016956196,-0.03685347585301663,-0.037307252680885326,-0.3982753384966443,4
104.73841076415334,1.0269272856623872,-0.026827394830602425,-0.16137098599748081,-0.021450334635841388,-0.02499611779737283,-0.4058775513764917,4
104.75508885503936,0.9833798465258722,-0.033789446268353396,-0.16704807053056286,-0.027287649599742204,-0.03236886682636576,-0.39672869402852134,4
104.77176694592536,1.0693260454800506,-0.10880889349868822,-0.2330447325078299,-0.01917690411478677,-0.01651416830382578,-0.39757948900818607,4
104.78844503681138,1.0269272640082385,-0.026827366880684267,-0.16137095962408202,-0.02145034014227943,-0.0249961181279136,-0.405877547602504,4
104.80512312769739,0.9740928072228696,0.06243376210269391,-0.078710046461451,-0.02917605846148358,-0.021438888356636553,-0.39897066417076,4
104.8218012185834,0.9494674298261487,0.07058419485324152,-0.035663098326647075,-0.026753034673777154,-0.037006302693986484,-0.4063283909152121,4
104.83847930946942,1.0834901650498665,-0.12448240328642884,-0.22681155622966062,-0.03810444396732849,-0.02678951607432775,-0.38316510863097664,4
104.85515740035542,1.0988983471036171,-0.19972476536598682,-0.2548091037246846,-0.026637136271890453,-0.022177314407351302,-0.39753755935407625,4
104.87183549124144,1.0693260228290766,-0.10880886816847118,-0.23304470778418687,-0.01917691615083647,-0.016514162970862306,-0.39757948398382764,4
104.88851358212744,1.0821567725195538,-0.11473709957489253,-0.24469861103873572,-0.02049308575446377,-0.040257134473308226,-0.39747741373305556,4
104.90519167301346,1.0720491280620696,-0.10793220885870491,-0.2591541985456786,-0.02046041738509403,-0.030085981850773342,-0.3982921132537734,4
104.92186976389947,0.9791520102595885,-0.005286402289133019,-0.12107342172287519,-0.04225543553303637,-0.017386614249984587,-0.3838760869298774,4
104.93854785478548,1.0457644831534803,-0.04711112658986155,-0.1853573870279854,-0.03467283340138852,-0.039142313642259244,-0.4072681483393591,4
104.9552259456715,1.0296361804730896,-0.025935897455906964,-0.18746261932739103,-0.02273478031782933,-0.038565153971315776,-0.40658887990240317,4
104.9719040365575,1.0791514527755623,-0.11661485719841574,-0.22059419826718682,-0.027456268488563983,-0.030710289822763605,-0.41305799311395985,4
104.98858212744352,1.0228493881119587,-0.015364254869604133,-0.2008771022243869,-0.012463231752809997,-0.040027281088688194,-0.4060612268306286,4
105.00526021832952,1.0397346446227114,-0.03273129452452256,-0.17300040517247317,-0.022767330226289947,-0.04873489421325661,-0.40577372262130856,4
105.02193830921554,1.0033347031772553,0.03885833769596875,0.018483735713408833,0.01107944574920455,-0.024496018482000878,-0.4012100344623658,4
105.03861640010156,1.0313425494215243,-0.02308682766044723,-0.11174531181093666,-0.010763659218427023,-0.037796061820779304,-0.40545591451869917,4
105.05529449098756,0.9997697321792418,0.035364546213910275,-0.010962674455283206,-0.029965421187598085,-0.02466697132552057,-0.4002006203101728,4
105.07197258187358,1.0093626504023474,0.0244758291813022,0.006133330011639071,-0.0008241307233885456,-0.014905629958452488,-0.4027019339310528,4
105.08865067275958,0.9932279755774363,0.045658802184741054,0.004029913113027528,0.011114520714795732,-0.014326693920800946,-0.40202071177915777,4
105.1053287636456,1.0409346957600385,-0.03396321677688824,-0.09464492809509861,0.018392467234654486,-0.02803693641928438,-0.4079636942982723,4
105.1220068545316,1.1187005915764816,-0.16194889924426603,-0.11684418037893052,-0.0021802477886304662,-0.015301767714226634,-0.39970705285156677,4
105.13868494541762,1.0970394753082722,-0.10359583894285646,-0.12121954439131932,-0.014979338842985126,-0.03553282467936896,-0.4079198705838678,4
105.15536303630364,1.0736718793948294,-0.08138071968719873,-0.04421649591562976,-0.010738504682028286,-0.015165655968608282,-0.39448434698910806,4
105.17204112718964,1.0576541613431854,-0.03494793107338018,0.017398313602022764,-0.008448105756417171,-0.009313400358269313,-0.40207063914569074,4
105.18871921807566,1.0603824703512288,-0.03407524069963075,-0.008705622064254626,-0.009731142655393248,-0.022880003647334803,-0.4027849292558806,4
105.20539730896166,1.052978437017927,-0.04774767160069954,-0.08827361113193255,-0.008325390364241361,-0.039766891539914244,-0.406911648681529,4
105.22207539984768,1.091623130699922,-0.08390678062647783,-0.05740603249846615,-0.026739014007657137,0.004937046946233784,-0.3845496830957985,4
105.2387534907337,1.0709289102082669,-0.08223772641943355,-0.01809499070676851,-0.009456391173392474,-0.0015972408760357038,-0.3937694192832468,4
105.2554315816197,1.1405788978601543,-0.2214521852162008,-0.1627806042787816,0.011137782053175383,0.005173298940345731,-0.3902560467935664,4
105.27210967250572,0.9904923176301262,0.044789514254957474,0.030135701122422753,0.012394682980484182,-0.0007544055125405826,-0.40130067111991174,4
105.28878776339172,1.0306561662826852,0.006956884256382079,0.009244434102909482,0.019743155849495073,-0.020947873019756414,-0.41427245299428656,4
105.30546585427774,1.057655783772824,-0.034948929567874265,0.017397242354234344,-0.008445288310762904,-0.009315041615645423,-0.4020713891711693,4
105.32214394516376,1.1144178839630539,-0.12710576145475422,-0.1177456677856506,-0.006115938934709521,-0.02297271481082961,-0.39392382726569297,4
105.33882203604976,0.9590809273047946,0.14718977869582148,0.0806356728077589,-0.020281802444358676,-0.03827760212840486,-0.4011013778961877,4
105.35550012693578,1.0556310954193204,-0.03375186402184566,-0.05575441048793989,-0.027890216891931895,-0.019899890857964293,-0.3854029782693871,4
105.37217821782178,1.102914977536436,-0.11198739546504782,-0.1540089342197637,-0.022143916995717727,-0.03752526986603362,-0.39371891979819207,4
105.3888563087078,1.024893339888592,0.03879514174429749,-0.021337812395087974,-0.030237832152904005,-0.0430752338960456,-0.39571889418466716,4
105.4055343995938,1.03237385431349,-0.010578468270709795,-0.0065803390607291345,-0.03569696412193001,-0.00925282864296912,-0.40036162102270606,4
105.42221249047982,1.1044864012541464,-0.14771803556963226,-0.12701187093750643,-0.01692136119021874,-0.016290377821904276,-0.3987940455805204,4
105.43889058136584,1.0099809279430962,0.011006265889007882,0.01899637420503414,-0.04252523492088896,0.0013757158175065666,-0.3857730094813214,4
105.45556867225184,1.0154527278981063,0.011059600729882324,-0.03342707291939828,-0.043683765640259054,-0.019615518950040444,-0.38460420948862456,4
105.47224676313786,0.9676804088660543,0.09076930518711915,0.06532484593429705,-0.050946693377116256,-0.00592016133892933,-0.3786779426375624,4
105.48892485402386,1.0149994254807904,0.012498321845411386,-0.03296248556415926,-0.04520492441659538,-0.023537475116021413,-0.38698645434359147,4
105.50560294490988,0.9676788276939916,0.09077085943079766,0.0653264646759194,-0.05094757470209127,-0.0059195681327501625,-0.37867763203985044,4
105.5222810357959,1.0961434894441338,-0.13670672468581585,-0.16694058783190574,-0.03072278682196725,-0.028807379520261064,-0.3987057218162532,4
105.5389591266819,1.0193754496090115,0.03751447183550094,-0.019594062076033814,-0.028857883039925734,-0.0168087903536801,-0.3905425501178724,4
105.55563721756792,0.9350683363486356,0.13800928542939866,0.01476599318383015,-0.021834631618106136,-0.018769807352148414,-0.39213802606946097,4
105.57231530845392,0.975953667348911,0.08629814376319439,-0.014503484619658114,-0.030707756661846938,-0.016579265148717565,-0.39303511836569216,4
105.58899339933994,1.0337741034959895,-0.04007249539045282,-0.12213398674678994,-0.024685456548416935,-0.012924950744480898,-0.39234145710438584,4
105.60567149022594,0.9796032893099789,0.05894199351677465,-0.05735404704644517,-0.014804009761459066,-0.022831664502163812,-0.3997438481038483,4
105.62234958111196,0.9461303057489631,0.12787932691050982,0.028582108631931363,-0.009319432840043041,-0.0198210754927403,-0.39293835537077076,4
105.63902767199798,0.9034420317084831,0.19651678490126787,0.11559680011710213,-0.04103542695610685,-0.0056539749191605385,-0.3868907740833382,4
105.65570576288398,0.9823136839943518,0.059833667983610506,-0.08344120523241336,-0.01608749896101759,-0.0363991984628949,-0.4004562374224033,4
105.67238385377,0.9823136905660155,0.05983367137693135,-0.08344120348897882,-0.016087472246581375,-0.03639921621640484,-0.4004562431451267,4
105.689061944656,1.0788838447180642,-0.1211613357578421,-0.21989327961429106,-0.023697200114783618,-0.018012745109457367,-0.38475319614332343,4
105.70574003554202,0.9267431959330956,0.1780661340925136,0.0665777861851701,-0.033408890761599475,-0.02867603302870881,-0.4028742151688243,4
105.72241812642804,0.9267431947511946,0.1780661351660286,0.06657778766144401,-0.03340888907704719,-0.028676034282451825,-0.4028742164287513,4
105.73909621731404,0.9350683363746677,0.13800928614727778,0.014765994029964008,-0.021834628124339832,-0.01876980973274283,-0.3921380274328527,4
105.75577430820006,0.8657760940232827,0.3049272726935588,0.200707856585177,-0.039662665422971664,-0.022686884219605786,-0.4052361210683404,4
105.77245239908606,0.9467900563966662,0.15593150318905208,0.0669156073944076,-0.025188293330124713,-0.02795919841317889,-0.41695681394580075,4
105.78913048997208,0.968426307021202,0.06854889210188991,-0.020439784975660014,-0.014620012993250116,-0.01033541111187282,-0.397921487355029,4
105.80580858085808,0.9267431907571573,0.1780661434167927,0.0665777947233746,-0.03340888551693179,-0.028676038985610174,-0.40287421661334627,4
105.8224866717441,1.0281589779748228,0.0008849147199568308,-0.09640230451871573,-0.03754851315281879,-0.036395714101571275,-0.4037887234761378,4
105.83916476263012,0.8790405504483598,0.2576760985656065,0.1652368775630274,-0.040671601755350235,-0.014977248908106224,-0.3969434309201564,4
105.85584285351612,0.8434431282992608,0.3264388750460462,0.22621302777088356,-0.0464865250093862,-0.012060157291923612,-0.3906526506620337,4
105.87252094440214,0.8911483452807782,0.2468311149215883,0.12755694990494085,-0.03922640343212796,-0.02575542625782783,-0.39658080551299824,4
105.88919903528814,0.9691119557046552,0.09614444730256322,-0.005037682524440867,-0.031137200033409494,-0.02020135114854242,-0.394580863962152,4
105.90587712617416,0.879040563596964,0.25767608326824776,0.16523686233138984,-0.04067159834769379,-0.014977250764206439,-0.3969434330407773,4
105.92255521706018,0.8434431282994375,0.32643887504584906,0.22621302777066793,-0.04648652500936395,-0.012060157291920432,-0.39065265066203786,4
105.93923330794618,0.9267432042540702,0.17806611829254268,0.0665777719802334,-0.03340889831039513,-0.0286760266864339,-0.40287421569660636,4
105.9559113988322,0.8790421529126033,0.257674522879077,0.1652352358702603,-0.04067071098860578,-0.014977851503600793,-0.3969437460261106,4
105.9725894897182,1.0267466037886903,0.010726674223276167,-0.114184863718988,-0.019941251264318678,-0.0498619974375547,-0.4180996672967659,4
105.98926758060422,0.9739507591431054,0.09993500163065416,-0.03157926936011071,-0.027666990255875875,-0.04630017107606407,-0.4111891171161827,4
106.00594567149024,0.9383650784784276,0.16869483430075516,0.029395231673047112,-0.03348507934179316,-0.04337656707921172,-0.40489327191178637,4
106.02262376237624,0.843443137924291,0.3264388682537925,0.22621302077846492,-0.04648651041806933,-0.012060164819026081,-0.390652654048855,4
106.03930185326226,0.843443137922784,0.32643886171580827,0.22621301506551358,-0.04648652600896138,-0.012060155168213146,-0.390652651382186,4
106.05597994414826,0.8434431377116174,0.3264388619008942,0.2262130152568358,-0.0464865261922377,-0.012060155060594296,-0.39065265132901406,4
106.07265803503428,0.8434431377107706,0.3264388619011709,0.2262130152571798,-0.04648652619396157,-0.012060155059423856,-0.3906526513286068,4
106.08933612592028,0.9401598210110088,0.1284218575435386,0.030834228535470437,-0.02137999472317073,-0.008621982683416901,-0.39310891436042344,4
106.1060142168063,0.962315612016725,0.03926542190434751,-0.08675852533988515,-0.035940863909230854,-0.009596249075130986,-0.37996582586249017,4
106.12269230769232,0.9478835543888807,0.0911171879892009,0.002511552479569912,-0.029275113725942166,-0.017895559867671443,-0.373657313466869,4
106.13937039857832,1.0103058120548447,0.07774782608977637,-0.015846965558482584,-0.03665727783658678,-0.02466889710881203,-0.3841952898778221,4
106.15604848946434,1.0898510894641882,-0.07560645126162857,-0.20017659836218726,-0.02861055985204629,-0.023650515881179324,-0.3850269829505502,4
106.17272658035034,0.958807708635273,0.0804688604313511,-0.03645178380730535,-0.037706832518279935,-0.034408858995227616,-0.39176176804512464,4
106.18940467123636,1.009625395271398,-0.03900013198900565,-0.18505836036995715,-0.030192438542989287,-0.027223695627936778,-0.38827894511853034,4
106.20608276212238,0.9133761844863464,0.21567695580765625,0.023035251453188604,-0.034660859341308435,-0.0107716676775013,-0.37609646258111834,4
106.22276085300838,1.0669585313883674,-0.041289768312399444,-0.19166392018983414,-0.013122188356845877,-0.03447288159666656,-0.39894031318223855,4
106.2394389438944,1.0497215158437987,-0.023417175828524595,-0.19407033942414748,-0.008302819269953389,-0.023893179012943088,-0.383205067532507,4
106.2561170347804,0.94566823372409,0.12932995167455244,0.029059756364559985,-0.010841607316957894,-0.023745370286351125,-0.3953222036955154,4
106.27279512566642,1.0770559294497217,-0.04808268866147414,-0.1771977809377191,-0.013155517353168507,-0.044642988038569344,-0.39812608329270854,4
106.28947321655242,1.0666116516024902,-0.04078488189332774,-0.16619311394165714,-0.018609012366753136,-0.03260360601048153,-0.3829197305124103,4
106.30615130743844,1.0274210960646515,0.007832940621553264,-0.08942444443572078,-0.012874926382318855,-0.03887892036691712,-0.40369946594881784,4
106.32282939832446,1.0375111458969408,0.001047059383262272,-0.07495394530949795,-0.012910476270960218,-0.04904524899497924,-0.4028842305433475,4
106.33950748921046,0.9769895271648654,0.08658405350388554,0.0353548439137189,-0.018860400124743784,-0.011610186125844644,-0.3970518328881053,4
106.35618558009648,1.0214830370904127,0.008339518820518255,-0.0872101882159414,-0.024933169559114343,-0.027680812693016376,-0.40387041084906083,4
106.37286367098248,0.933041318797668,0.1663821336414717,0.05643895026117984,-0.03847656742810313,-0.02120458527221155,-0.39067071074984694,4
106.3895417618685,1.0187570382406637,0.007466512200843545,-0.061103340910766246,-0.023649589870812733,-0.014114490662582758,-0.40315897116330285,4
106.40621985275452,0.9540617858895145,0.15081617204972092,0.05939459995759064,-0.031534989175037484,-0.0394765429996379,-0.4026704185680919,4
106.42289794364052,0.9296453933382256,0.13580129907609528,0.041920437943124805,-0.026833672015513427,0.003411169559842189,-0.3779081890121023,4
106.43957603452654,1.0775543943170314,-0.11141394430390483,-0.23778346599191091,-0.006080262941031159,-0.03148163045414733,-0.3990681127089738,4
106.45625412541254,0.9470038312200995,0.1778113995593331,0.02770241666505735,-0.05220092825714432,-0.026063968637955605,-0.3960377230960489,4
106.47293221629856,1.0559034425780718,-0.03116961589164391,-0.20549792865860472,-0.02563890963694012,-0.03341934681809747,-0.39813847132865915,4
106.48961030718456,1.055903445556011,-0.031169610699394834,-0.20549792515902207,-0.025638891801816076,-0.03341935967349933,-0.39813847457710844,4
106.50628839807058,1.055903445542583,-0.03116961066011631,-0.2054979251230488,-0.025638891705868274,-0.03341935973943862,-0.3981384746025632,4
106.5229664889566,1.0267466039913877,0.010726680027221103,-0.11418485910779946,-0.019941239626847598,-0.04986200510333366,-0.41809966859386916,4
106.5396445798426,0.9790789366190518,0.09031061954319747,-0.015546725138510076,-0.027205862753609193,-0.036156465240768335,-0.4121640054318874,4
106.55632267072862,1.0351329233348656,-0.029406894673523587,-0.1660831855642644,-0.00835791953137435,-0.03996101719166635,-0.40736612202179334,4
106.57300076161462,1.077554380958584,-0.11141391754107843,-0.23778344118926625,-0.006080241839416113,-0.03148164643604104,-0.3990681156814826,4
106.58967885250064,1.035132937649525,-0.029406906379338793,-0.1660831981601924,-0.008357906343901541,-0.03996102508730462,-0.40736612511926446,4
106.60635694338666,1.0461801119680052,-0.03951368943977612,-0.15224049365266396,0.004162416122095574,-0.041016026474684615,-0.4081711166620787,4
106.62303503427266,1.1093711442656258,-0.12328470787069329,-0.2633525301787255,-0.010845939368118899,-0.02599250380942501,-0.3906410361048032,4
106.63971312515868,1.0669585082361381,-0.04128973236032518,-0.191663886588255,-0.01312217903560327,-0.03447289167499697,-0.39894031222676823,4
106.65639121604468,1.019229487483436,0.03836539189321486,-0.09294672721017092,-0.0203933682091451,-0.020765665684810367,-0.3930053109810442,4
106.6730693069307,1.0192278832564927,0.03836695702484144,-0.09294508900989562,-0.020394265617231375,-0.020765039805392713,-0.3930049922278931,4
106.68974739781672,1.0669568472483113,-0.041288086948700675,-0.19166217960575102,-0.013123117431075788,-0.03447227344939571,-0.39893997821518584,4
106.70642548870272,1.0669585021722847,-0.04128972885337362,-0.1916638823384586,-0.013122186096639107,-0.03447288746540331,-0.39894031113754047,4
106.72310357958874,1.019229487483182,0.03836539189318117,-0.09294672721015415,-0.02039336820985436,-0.02076566568431101,-0.39300531098088726,4
106.73978167047474,1.1796968560273657,-0.24351571684744178,-0.3260516036473811,-0.0326778170473861,-0.016661140580722242,-0.38391467353365666,4
106.75645976136076,1.1608252105388535,-0.22320135645505845,-0.3020357253222768,-0.019452351213275362,-0.0025067023531496185,-0.38251923482471306,4
106.77313785224676,1.0669584903600513,-0.0412897167880642,-0.19166387084171183,-0.013122198581904988,-0.0344728807515024,-0.39894030639065015,4
106.78981594313278,1.0669585069740037,-0.041289730239699285,-0.19166388441599916,-0.013122176755752793,-0.034472893216295666,-0.39894031292227544,4
106.8064940340188,1.0669585070506473,-0.04128973025022453,-0.19166388443805926,-0.013122176557788684,-0.03447289335171734,-0.3989403129704798,4
106.8231721249048,1.0770559177857215,-0.048082675001575204,-0.17719776758761846,-0.013155521808337884,-0.04464298566376297,-0.39812608066468613,4
106.83985021579082,1.1737039368495752,-0.22918118554958955,-0.31374001402988216,-0.020763089366054317,-0.026250992479542615,-0.3824180258061436,4
106.85652830667682,1.014116355838477,0.04797612352403641,-0.10899527292442224,-0.02085131315772856,-0.03091278364099795,-0.39203248724590534,4
106.87320639756284,1.0334326699943066,0.024148274610865106,-0.08277019524091217,-0.005657426887219222,-0.01977855490104022,-0.3939188066842894,4
106.88988448844886,0.9874315568447194,0.050218048011292704,-0.06739855010476897,-0.01562917598592594,-0.0262520380108153,-0.40142843647709886,4
106.90656257933486,1.0512669198341495,-0.050591372117123,-0.1639834759808495,-0.020297984493366568,-0.04053627144832677,-0.4080438875537448,4
106.92324067022088,1.065467891775452,-0.06480282240810398,-0.1537973516660347,-0.005558357615836741,-0.03955007052212508,-0.40896151191263763,4
106.93991876110688,1.0155047454432657,0.05203907032712052,-0.005742115495281197,0.0006947895182853001,-0.03461079798395229,-0.41212629466449,4
106.9565968519929,1.0508447423261502,-0.06668050046263402,-0.09532210530853175,-0.014254747758023423,0.010755589137249461,-0.378316078369057,4
106.9732749428789,1.001631550915234,0.036006491577376065,-0.0572183418965323,-0.0008913879659830969,-0.025265515607422184,-0.40234386855689896,4
106.98995303376492,1.0016315555259014,0.03600649502186948,-0.057218339439176646,-0.0008913644192373125,-0.025265531075879633,-0.4023438742712295,4
107.00663112465094,1.035132942526095,-0.02940691046784233,-0.16608320243554167,-0.008357901021076943,-0.039961029055822044,-0.4073661271836394,4
107.02330921553694,1.001631550382193,0.03600650029987834,-0.05721833392993997,-0.0008913666085373407,-0.02526552907980627,-0.40234387314483705,4
107.03998730642296,1.0493267835698723,-0.043608109436682974,-0.15589106458166793,0.006382864298468228,-0.03897539967511573,-0.40828433765977057,4
107.05666539730896,1.04932845966503,-0.04360977595002086,-0.15589279210640208,0.006383798973912912,-0.038976007312807974,-0.40828466912593764,4
107.07334348819498,1.0220774612930312,0.014160986030140377,-0.05498443915329426,0.014366580234943405,-0.023537753880317713,-0.40207598687308604,4
107.090021579081,1.0493284721597667,-0.04360978531175014,-0.15589280240244444,0.006383811799560584,-0.03897601553261311,-0.40828467240357647,4
107.106699669967,1.0399328589547732,-0.038552821664914194,-0.12460415237492944,-0.013386855670134286,-0.02794225414531642,-0.39231723099880034,4
107.12337776085302,1.0613735442615952,-0.11295959863908012,-0.20526854845406473,-0.003211914485692033,-0.04679889997903562,-0.4067082114547085,4
107.14005585173902,1.039736038276212,-0.03273267774617156,-0.173001803679607,-0.022766536329971648,-0.04873537995210382,-0.4057739617217613,4
107.15673394262504,1.0982924948914694,-0.13592070312299392,-0.24259847535050513,-0.03243199698455073,-0.040834617813862856,-0.3981563475974429,4
107.17341203351104,1.0821567797342717,-0.11473710993393371,-0.2446986204655331,-0.020493085208972372,-0.0402571318824007,-0.3974774141580827,4
107.19009012439706,1.0794500062185994,-0.11563112050192409,-0.218607124708715,-0.019207816907773553,-0.02668642865862604,-0.39676597564563965,4
107.20676821528308,1.0892046525710128,-0.20811042195128676,-0.20158682272736977,0.0031696222435819744,-0.02976936614692319,-0.4075678261354628,4
107.22344630616908,0.9934430391834316,0.04213050000313823,-0.07541024384997624,-0.015967535824338488,-0.0219848899433027,-0.39907064363534134,4
107.2401243970551,1.033432653850776,0.02414829461136181,-0.08277017598678316,-0.005657430699002951,-0.019778555395902748,-0.3939188047999797,4
107.2568024879411,1.0334326648048953,0.024148284341246495,-0.08277018656538532,-0.005657422314440223,-0.019778560135842328,-0.39391880721979144,4
107.27348057882712,1.0126861585428228,0.02589096614546671,-0.043389632039091075,0.011630120372336555,-0.02632037921965397,-0.40314783835805795,4
107.29015866971314,0.9560543887196121,0.06506313726447399,-0.06541356867898271,-0.013183174124222808,-0.041543302286366914,-0.40890646303932027,4
107.30683676059914,1.0192278779859838,0.03836696417833535,-0.09294508180559621,-0.02039426208707327,-0.020765043052435532,-0.3930049934319142,4
107.32351485148516,1.0669568472485929,-0.04128808694884478,-0.19166217960593654,-0.013123117430617788,-0.034472273449688326,-0.39893997821529503,4
107.34019294237116,0.9823152112521449,0.05983182852508884,-0.08344305849604641,-0.016087489778872137,-0.03639907615456839,-0.40045627078212204,4
107.35687103325718,1.0669585122963412,-0.04128973669153363,-0.1916638905526564,-0.013122174355464152,-0.03447289425380708,-0.3989403143468378,4
107.3735491241432,1.0141163577151768,0.047976125688273585,-0.10899527136308498,-0.02085130202769163,-0.030912792077247113,-0.3920324904677868,4
107.3902272150292,1.0141163673346112,0.04797611195266227,-0.10899528436862765,-0.02085130389694801,-0.030912789406550865,-0.3920324911392818,4
107.40690530591522,1.1267800179313154,-0.15413963066332126,-0.24328753435141193,-0.040406886006565855,-0.01310853873504697,-0.3770109835092548,4
107.42358339680122,0.9980993951937988,0.05444674736516614,-0.09613714036878893,-0.036842586642706725,-0.003754540144218064,-0.37462160199203826,4
107.44026148768724,0.9980994111243251,0.054446729140467276,-0.09613715831341987,-0.036842580078002465,-0.0037545436956572336,-0.3746216054540065,4
107.45693957857324,1.0454312564404782,-0.02383675760915943,-0.19445868091115484,-0.031093965933833262,-0.02138242258329219,-0.38293490697488863,4
107.47361766945926,1.059643522558019,-0.03806799228649682,-0.1842901177506979,-0.016357400244512647,-0.02039382943791331,-0.3838472648493673,4
107.49029576034528,1.0537623577130184,-0.0348391930857857,-0.15452255066982795,-0.01729469614440165,-0.008864001739433,-0.3830213759396359,4
107.50697385123128,1.0059686021213825,0.0448896977559467,-0.05573443767241221,-0.02456848319105596,0.0048393132475232,-0.3770891680575133,4
107.5236519421173,1.0426893013574619,-0.024693344259846206,-0.16833059932543848,-0.029811181163974913,-0.007813012323024043,-0.3822240145061059,4
107.5403300330033,1.045431245440196,-0.023836741972620368,-0.19445866607992898,-0.031093964099518537,-0.02138242562553589,-0.3829349063015832,4
107.55700812388932,0.971440439485191,0.06105224563779216,-0.07770757269233347,-0.03545718991760951,-0.012823410858363998,-0.38545318475547763,4
107.57368621477534,0.8989111626566191,0.11401749911753586,0.016481855597832468,-0.05421162035804898,-0.01569490551250685,-0.38457832040472273,4
107.59036430566134,0.983379863704021,-0.03378947831975915,-0.16704809983976024,-0.027287667968489224,-0.03236885009988009,-0.3967286919063421,4
107.60704239654736,1.082156786514283,-0.11473711684636717,-0.24469862743218085,-0.02049308060376077,-0.04025713517533949,-0.3974774162881164,4
107.62372048743336,0.9578619134895271,0.12360885228517443,-0.08175093549936069,-0.02383454127230573,-0.0538989626222391,-0.39224933704379705,4
107.64039857831938,1.0584946258276131,-0.05360733941241591,-0.21872301672285724,-0.009390280627381911,-0.04740023289913575,-0.4054235751469652,4
107.65707666920538,1.1177868153464212,-0.18357260773714817,-0.30574542458488646,-0.014671262156042933,-0.0431815703177859,-0.4037744067143114,4
107.6737547600914,1.082156779314485,-0.11473710375709462,-0.24469861539259263,-0.020493073704163707,-0.04025714087506982,-0.3974774165404843,4
107.69043285097742,1.00682872212123,-0.02123022894765625,-0.21794606358006502,0.003370842938731425,-0.04409325428481611,-0.4138873308032031,4
107.70711094186342,1.052649212107221,-0.04633631107548808,-0.23275309825855717,0.013439893851212125,-0.03974750872488198,-0.40651582766731126,4
107.72378903274944,1.0242997668857097,-0.028240631580025155,-0.16039965331497646,-0.027731384110877225,-0.01637837749075533,-0.39235779149826283,4
107.74046712363544,1.0454312372947103,-0.023836730482386603,-0.1944586550113822,-0.031093961864959472,-0.021382428275815955,-0.3829349062604075,4
107.75714521452146,0.9976539834467549,0.055878457176355145,-0.09567974314724922,-0.03836287319128992,-0.007679974786824872,-0.3770056338890072,4
107.77382330540748,1.0505319922222074,-0.0334343870405206,-0.17839336757611451,-0.03063780814678009,-0.011232872677045891,-0.3839080493762663,4
107.79050139629348,0.9976524055945415,0.055880000525035334,-0.09567813211502477,-0.038363764282537016,-0.007679362023482608,-0.3770053168621052,4
107.8071794871795,0.9976524163709456,0.05587998515623771,-0.09567814667890148,-0.038363766107176865,-0.0076793590718181,-0.3770053175812342,4
107.8238575780655,1.056496889782704,-0.03397348290624613,-0.1806400938818812,-0.018579259549039644,-0.022432761134415762,-0.38373365812045657,4
107.84053566895152,0.9989317109969265,0.13671755898216809,-0.02054554657541785,-0.029232778743197036,0.013008612341691027,-0.3799202222029184,4
107.85721375983752,0.9878628611998505,0.05319687122785133,-0.09097568032301159,-0.01794744453282416,-0.03605691199071365,-0.400482067393951,4
107.87389185072354,0.9979579759441971,0.04640577734907153,-0.07651206285302559,-0.01798147589031038,-0.046224706737584484,-0.3996670339663905,4
107.89056994160956,0.9302136424570461,0.11300966572695817,0.024612873246983552,-0.03270233814534052,-0.021182425785388318,-0.37542859139262613,4
107.90724803249556,0.9832153062651015,0.10773200277018952,-0.006404390459957221,-0.031698514747147764,-0.015978186943401577,-0.3706958504194655,4
107.92392612338158,1.019907046555171,0.0381849621195004,-0.11896391042344995,-0.03694349235361624,-0.028630538218870738,-0.37582634291308287,4
107.94060421426758,0.9954178778984824,0.03972024342616626,-0.002009705087328395,-0.007316026207632023,-0.011866873786701024,-0.38549678548127464,4
107.9572823051536,0.9886167673972285,0.016428659549419022,0.03554005127004067,-0.028951112805435778,-0.016420903341882464,-0.3952489257804137,4
107.97396039603962,0.9768256126576051,0.03349191287932923,0.02868080131333889,-0.016796899765102492,-0.017847057239268643,-0.394353530125241,4
107.99063848692562,1.032238122960624,0.01688399093731735,-0.03920926859474322,-0.03653117827074617,-0.0059142662153843315,-0.37696036952829803,4
108.00731657781164,1.0800206349138253,-0.06283719754675915,-0.1379810889929588,-0.02926322896482638,-0.019615437910200553,-0.38288977197640944,4
108.02399466869764,1.0928995412219635,-0.10987493003861537,-0.14750192246223082,-0.01101042777935306,0.0008134310711125108,-0.38752886757581445,4
108.04067275958366,1.0548936143158472,-0.029209698264623107,-0.10368512368177601,-0.012383896122185585,-0.019080142620228585,-0.39629136710865576,4
108.05735085046967,0.9516801287325285,0.06714644757924829,0.06299677749506824,7.842459410886096e-05,-0.017311022119713058,-0.40775215446819185,4
108.07402894135568,0.9691892141317319,0.10046640356430733,0.07169972284884585,-0.021524648338149432,-0.020926527869023055,-0.3944767145583766,4
108.0907070322417,0.9720412503522146,0.04261831102875491,-0.012806878746675798,-0.01176894686206862,-0.02986196225170966,-0.40940045289837756,4
108.1073851231277,1.0655551746923346,-0.051902584643398864,-0.14765993159066204,-0.029452116339841333,-0.007437453079626412,-0.38391807155452645,4
108.12406321401372,1.0958935689240568,-0.08730111000139662,-0.1353756845350152,-0.026655440638743148,-0.007031401307439345,-0.3855119080871087,4
108.14074130489972,1.0797769686089471,-0.06614600812600524,-0.1375042306836507,-0.014713762663175069,-0.0064482526656393195,-0.38482841223637987,4
108.15741939578574,1.0690923313425866,-0.043420650863366494,-0.09350280849669107,0.0023527320263263874,-0.018093056290720694,-0.39720463808854783,4
108.17409748667176,1.0135562132093519,-0.026651228954819695,-0.025459452321154985,0.022092094833324617,-0.03003599119926335,-0.4146123174836265,4
108.19077557755776,1.0483279800841676,-0.04165539352154607,-0.054102168551340646,0.019639205541853222,-0.024636410660982558,-0.4064347874535445,4
108.20745366844378,1.0149551823974705,0.027823767525186727,-0.018882061404481676,0.012420008907023713,-0.03306867002950056,-0.4006510273792034,4
108.22413175932978,1.0310988910996979,0.0066274737642629256,-0.016791371961241863,0.00048103636583064123,-0.033644151097205845,-0.4013286841008132,4
108.2408098502158,1.0310988924312514,0.006627471126953999,-0.016791374409123594,0.0004810316807550901,-0.033644147669287694,-0.4013286828279739,4
108.25748794110181,1.0853108785029715,-0.09243912946770189,-0.08160788404572522,-0.00939778060053439,-0.023736901904171614,-0.3939222868057756,4
108.27416603198782,1.085311167415888,-0.09244000044404127,-0.08160869314805619,-0.009399155756440342,-0.023735958821564686,-0.3939219498945212,4
108.29084412287384,1.1484049963651812,-0.17608860105981283,-0.19258180132932673,-0.024412798310154162,-0.008719107545935537,-0.37639537212357466,4
108.30752221375984,0.9881845864964545,-0.03413147948151768,-0.06644610397636147,-0.006586191107702595,-0.02652871411892104,-0.40955602042186934,4
108.32420030464586,1.1060331534713468,-0.094141804271891,-0.12095761145519351,-0.026684376540505355,-0.017198903324595314,-0.38469673778435454,4
108.34087839553186,1.0929526030233307,-0.1594414356171992,-0.12464512457901528,-0.00466844360062857,-0.0206559313850382,-0.39379840935768806,4
108.35755648641788,1.0582405092776292,-0.014408753534387475,-0.02218026951131752,-0.03395503022551983,-0.003499240483696571,-0.3787667068081861,4
108.3742345773039,1.0403763999810804,0.015295000204863352,-0.04399545415652795,-0.010057281389861335,-0.01335004906802787,-0.4042430047341038,4
108.3909126681899,1.1232483899584174,-0.14528546887459326,-0.1352267569004082,-0.00821001520599029,0.0012187967362950855,-0.38912365046573605,4
108.40759075907592,1.0691449072043409,-0.0740768688592775,-0.06064841560652051,0.0018620592293430629,-0.013760961660474197,-0.3925680662219468,4
108.42426884996192,1.1025236567045829,-0.14357421120700037,-0.09587543048551989,0.009079387470756628,-0.005322696319486244,-0.3983493665306378,4
108.44094694084794,1.0620642711115706,-0.12413211720575745,-0.08803174100837324,-0.0027558609565129107,-0.011456736177975022,-0.40589013817930847,4
108.45762503173395,1.1246708506273442,-0.2328578661318837,-0.21410715390340035,-0.024646693802712102,-0.012490825314636005,-0.398810447838293,4
108.47430312261996,1.0828647655712142,-0.15366989442480078,-0.11758601442823657,-0.019856549426698046,-0.009986749273214468,-0.3927020086889652,4
108.49098121350598,1.073863525639853,-0.14120784733205527,-0.08117480786374842,-0.01491275393274145,-0.010029573871992431,-0.4067861790908372,4
108.50765930439198,1.1567118721832699,-0.24262985809892232,-0.16066207419928824,-0.0008053838512095684,0.004589156846796613,-0.3909412176470538,4
108.524337395278,1.1143253824679595,-0.16065331911455494,-0.08901829675992778,-0.003080503604349309,-0.0038952412261486205,-0.39924500082445646,4
108.541015486164,1.1143253810308797,-0.1606533168493784,-0.08901829446004872,-0.0030805014405861503,-0.0038952426968084835,-0.39924500146865827,4
108.55769357705002,1.118700558897216,-0.16194887041681727,-0.11684415094875078,-0.002180280697592223,-0.015301749180270326,-0.39970704317626204,4
108.57437166793603,1.0709305406918705,-0.08223931691684933,-0.01809665336920041,-0.009455472421032715,-0.0015978661725249543,-0.39376973909123025,4
108.59104975882204,1.1076298950079297,-0.1518099606106041,-0.13065819919947153,-0.014701401737410608,-0.014249981228675877,-0.39890687474302455,4
108.60772784970806,1.1166206167938837,-0.1642583936672511,-0.1670574323133574,-0.01964597874457476,-0.014206064801697412,-0.38482098613639926,4
108.62440594059406,1.156711904605229,-0.24262989844953373,-0.16066211328580426,-0.0008053782203428216,0.004589158424537805,-0.390941220898796,4
108.64108403148008,1.1143253824681856,-0.16065331911481978,-0.08901829676022055,-0.003080503604336586,-0.0038952412261502108,-0.39924500082445513,4
108.6577621223661,1.0799069157674572,-0.09466965152399698,-0.054471881072834405,-0.01439954259839779,-0.0015543714551312755,-0.3796858851351324,4
108.6744402132521,1.0956198750982364,-0.08527069340876814,-0.033778172442367915,-0.011730538196828762,0.0026794450086712776,-0.38651900955568086,4
108.69111830413812,1.10485224112248,-0.10165899984178578,-0.07523265880638008,-0.027909074195041916,0.008340072761296932,-0.3828902982920365,4
108.70779639502412,1.0274713807509903,0.03395284433607898,0.026028677074231843,-0.015426454899706605,-0.027386318226698552,-0.39461435290982944,4
108.72447448591014,1.1621208517043051,-0.24863326790563275,-0.14331302268861146,0.00362722663664057,0.006187379575145679,-0.40549635361015335,4
108.74115257679615,0.9982874141922926,-0.0409306576115408,-0.05198976639519032,-0.006622354369146817,-0.036696382064266335,-0.4087423940235511,4
108.75783066768216,1.0448498141754292,-0.006935893383721081,-0.03530528921898962,-0.05123244432883437,0.010081138610252994,-0.3620725474092587,4
108.77450875856817,1.105172911639888,-0.21303390843818965,-0.16662627385317857,-0.025158648452689527,-0.0004976006761406766,-0.3976887271658396,4
108.79118684945418,0.9748437405570112,0.026456605903355856,0.04807535149387643,-0.040827456847077996,-0.0026262491462311194,-0.3929092705489172,4
108.8078649403402,1.0293016954225898,-0.062092571352878545,-0.009030079964086113,-0.02194458135614421,-0.005970726895283204,-0.399179665497958,4
108.8245430312262,1.0995541825991775,-0.13105291292997495,-0.16668324928603445,-0.04759388961125903,0.012871750642140564,-0.38913599578069574,4
108.84122112211222,1.1143253593803466,-0.1606533073988678,-0.0890182826722844,-0.0030805427317970382,-0.0038952153597978075,-0.39924499116186674,4
108.85789921299823,1.1060920507672676,-0.21632508832008135,-0.1672215652615247,-0.012611010702380401,0.008624115026313349,-0.3992973112234908,4
108.87457730388424,1.097876883253251,-0.14920519848474495,-0.09860810503350692,-0.0225827344481707,0.007655151941317834,-0.3824277403355761,4
108.89125539477025,1.1567118891552797,-0.24262988342370412,-0.16066209836300882,-0.0008053914051160261,0.004589164587307797,-0.39094121708978924,4
108.90793348565626,1.1567118844170219,-0.24262987076722659,-0.16066208721745878,-0.0008053784956452698,0.004589154147267427,-0.3909412191577331,4
108.92461157654228,1.1611007855650328,-0.24394040656499005,-0.18850589315799865,9.636702490677103e-05,-0.006819173761416492,-0.3914040600081073,4
108.9412896674283,1.15671189438667,-0.24262988100239483,-0.16066209731042702,-0.0008053714003366373,0.004589151113934248,-0.3909412213192535,4
108.9579677583143,0.9722156979986496,0.09585256088327779,0.11877777158004565,-0.006607864425884592,-0.007443666781061855,-0.3935669642786753,4
108.97464584920031,1.1394278965014586,-0.16365788212132065,-0.1561992013262492,-0.019466605579996667,-0.008763435347682034,-0.39048162171753364,4
108.99132394008632,1.0709289100903239,-0.08223772269180318,-0.0180949875087022,-0.009456383014302737,-0.0015972461525266231,-0.39376942068688625,4
109.00800203097234,1.0709289119859398,-0.08223772211687141,-0.01809498748737709,-0.009456376734300635,-0.0015972514350399236,-0.39376942257205033,4
109.02468012185834,1.0459196910410409,-0.047372738481230636,-0.034391784184697405,-0.007937784489139534,-0.014793660468180538,-0.4057374364581947,4
109.04135821274436,1.1579918209734403,-0.1915230849998517,-0.15527108688201263,-0.0020415122456382043,0.01131851397255698,-0.3928048512677847,4
109.05803630363037,0.981834135278648,0.10432697305368643,0.06566961562988607,-0.03639888002196929,0.0001402786437459562,-0.3835517463928234,4
109.07471439451638,1.1567119029780821,-0.24262990239719007,-0.16066211618100712,-0.0008053903991670094,0.004589166184544196,-0.390941219229944,4
109.0913924854024,1.1143253824678103,-0.1606533191144382,-0.08901829675979422,-0.0030805036044351834,-0.0038952412261533914,-0.3992450008244363,4
109.1080705762884,1.1143253824678103,-0.1606533191144382,-0.08901829675979422,-0.0030805036044351834,-0.0038952412261549817,-0.3992450008244395,4
109.12474866717442,1.1010310329946282,-0.1133341234784222,-0.05349727797723525,-0.0020731408886571737,-0.011613206064819004,-0.4075476679833517,4
109.14142675806043,1.101652407459678,-0.09283810887494626,-0.09312311392311517,-0.02758241661333363,-0.005795882027763679,-0.3842396118581283,4
109.15810484894644,1.0291447832774854,0.024526046150438352,-0.029926246048050276,-0.01052081134234586,-0.0025785661929938635,-0.375054658705084,4
109.17478293983245,1.092599343854872,-0.07491425517215405,-0.12610859335976426,-0.016707324164593904,-0.02079096675824486,-0.38405596273177395,4
109.19146103071846,1.0993841112304397,-0.09557862460266431,-0.09250366905821089,-0.0323456923059248,0.00674110285595182,-0.3683353969828761,4
109.20813912160448,1.0557822245976243,-0.004013455121105514,-0.03889118548213355,-0.01700278212517217,-0.01519727104021026,-0.3909428781347277,4
109.22481721249048,1.2303402906024075,-0.3336962046827529,-0.28274920334578796,-0.010366774855608094,0.007579524919330589,-0.3886211482395043,4
109.2414953033765,1.120822135232763,-0.14810668183323472,-0.13851846610165314,-0.03510211116616986,0.0016530067882024372,-0.389114699693129,4
109.25817339426251,1.1279512749219451,-0.14856359000045183,-0.19249386664004348,-0.035487274406741376,-0.023320263323982657,-0.39028133425990696,4
109.27485148514852,1.019756712739691,-0.05584105258445904,0.0009006926326180498,-0.02649800248532464,0.004550598311456616,-0.3851299494344484,4
109.29152957603453,1.026009550738133,0.030159591935145946,-0.028963987094863086,-0.03287033548542061,-0.019523630539581827,-0.3917523584139859,4
109.30820766692054,1.2161124915879977,-0.3194439857800978,-0.2929030373533552,-0.02510855097647205,0.006589108278562757,-0.3877139078998389,4
109.32488575780656,1.0693938233801057,-0.04823430534872597,-0.09987731259141597,-0.026499460745399613,-0.021824000274098792,-0.3972276070779067,4
109.34156384869257,1.0693938518473696,-0.04823433587208498,-0.09987734230596695,-0.02649944122002022,-0.021824009348517755,-0.397227614397749,4
109.35824193957858,1.1111951256946422,-0.1274025253562805,-0.1963892479922782,-0.03128742085543002,-0.024328270397506277,-0.40333496175944294,4
109.3749200304646,1.0110135270628882,0.0401660591264526,-0.015409708152715418,-0.04475571444628208,-0.0031475839293569436,-0.388117063382,4
109.3915981213506,1.0532583083281062,-0.02705381022545772,-0.10197973231897622,-0.014564113613196723,-0.02124449337866721,-0.39654555639125616,4
109.40827621223661,0.9342573546531225,0.18803039194479826,0.090713635326333,-0.05833162537944516,-0.009287537978020757,-0.37686158515574014,4
109.42495430312263,0.9937873877402028,0.08572516137071945,-0.00246270213566524,-0.054164145123889854,-0.0014461615792431555,-0.3691768164609455,4
109.44163239400864,0.9766002358416856,0.06634197905922035,-0.19824951103938113,-0.008429511072930003,-0.038706506275746,-0.3997481027183725,4
109.45831048489465,0.9184576528058477,0.1426952694001552,-0.07006248409411006,-0.016985195835719172,0.015051261243418337,-0.3925990394656558,4
109.47498857578066,0.8966576235047499,0.006757134396887909,-0.21466731098134642,-0.001024834172529052,-0.017269505647025764,-0.42643143647013043,4
